2026-04-03 07:59:55 - jcbk_data - INFO - Test jcbk log
2026-04-03 08:06:21 - jcbk_data - INFO - Test jcbk
2026-04-13 12:26:44 - jcbk_data - INFO - 开始获取篮球比赛数据（带赔率）...
2026-04-13 12:26:45 - jcbk_data - INFO - 成功获取 1 场篮球比赛
2026-04-13 12:26:45 - jcbk_data - INFO - 开始处理比赛数据...
2026-04-13 12:26:45 - jcbk_data - INFO - 比赛数据处理完成
2026-04-13 12:26:45 - jcbk_data - INFO - 开始获取篮球赔率数据...
2026-04-13 12:26:45 - jcbk_data - INFO - 成功获取篮球赔率数据
2026-04-13 12:26:45 - jcbk_data - INFO - 开始处理 1 条赔率数据
2026-04-13 12:26:45 - jcbk_data - INFO - 赔率数据处理完成
2026-04-13 12:26:45 - jcbk_data - INFO - 开始获取并保存竞彩篮球比赛结果...
2026-04-13 12:26:45 - jcbk_data - INFO - 开始获取竞彩篮球比赛结果...
2026-04-13 12:26:45 - jcbk_data - ERROR - 获取比赛结果失败：'SportteryAPI' object has no attribute 'get_basketball_match_results'
2026-04-13 12:26:45 - jcbk_data - WARNING - 没有获取到比赛结果
2026-04-13 12:44:33 - jcbk_data - INFO - 开始获取篮球比赛数据（带赔率）...
2026-04-13 12:47:14 - jcbk_data - INFO - 成功获取 1 场篮球比赛
2026-04-13 12:47:14 - jcbk_data - INFO - 开始处理比赛数据...
2026-04-13 12:47:21 - jcbk_data - INFO - 开始获取篮球赔率数据...
2026-04-13 12:48:05 - jcbk_data - INFO - 比赛数据处理完成
2026-04-13 12:48:05 - jcbk_data - INFO - 开始获取篮球赔率数据...
2026-04-13 12:50:36 - jcbk_data - INFO - 成功获取篮球赔率数据
2026-04-13 12:50:40 - jcbk_data - INFO - 开始处理 1 条赔率数据
2026-04-13 12:58:46 - jcbk_data - INFO - 开始获取篮球比赛数据（带赔率）...
2026-04-13 12:58:46 - jcbk_data - INFO - 成功获取 1 场篮球比赛
2026-04-13 12:58:46 - jcbk_data - INFO - 开始处理比赛数据...
2026-04-13 12:58:46 - jcbk_data - INFO - 比赛数据处理完成
2026-04-13 12:58:46 - jcbk_data - INFO - 开始获取篮球赔率数据...
2026-04-13 12:58:46 - jcbk_data - INFO - 成功获取篮球赔率数据
2026-04-13 12:58:46 - jcbk_data - INFO - 开始处理 1 条赔率数据
2026-04-13 12:58:46 - jcbk_data - INFO - 赔率数据处理完成
2026-04-13 12:58:51 - jcbk_data - INFO - 开始获取篮球比赛数据（带赔率）...
2026-04-13 12:58:51 - jcbk_data - INFO - 成功获取 1 场篮球比赛
2026-04-13 12:58:51 - jcbk_data - INFO - 开始处理比赛数据...
2026-04-13 12:58:51 - jcbk_data - INFO - 比赛数据处理完成
2026-04-13 12:58:51 - jcbk_data - INFO - 开始获取篮球赔率数据...
2026-04-13 12:58:51 - jcbk_data - INFO - 成功获取篮球赔率数据
2026-04-13 12:58:51 - jcbk_data - INFO - 开始处理 1 条赔率数据
2026-04-13 12:58:51 - jcbk_data - INFO - 赔率数据处理完成
2026-04-13 12:59:06 - jcbk_data - INFO - 开始获取篮球比赛数据（带赔率）...
2026-04-13 13:00:21 - jcbk_data - INFO - 开始获取篮球比赛数据（带赔率）...
2026-04-13 13:05:26 - jcbk_data - INFO - 开始获取篮球比赛数据（带赔率）...
2026-04-13 13:05:26 - jcbk_data - INFO - 成功获取 1 场篮球比赛
2026-04-13 13:05:26 - jcbk_data - INFO - 开始处理比赛数据...
2026-04-13 13:05:26 - jcbk_data - INFO - 比赛数据处理完成
2026-04-13 13:05:26 - jcbk_data - INFO - 开始获取篮球赔率数据...
2026-04-13 13:05:26 - jcbk_data - INFO - 成功获取篮球赔率数据
2026-04-13 13:05:26 - jcbk_data - INFO - 开始处理 1 条赔率数据
2026-04-13 13:05:26 - jcbk_data - INFO - 赔率数据处理完成
2026-04-14 13:58:32 - jcbk_data - INFO - 开始获取篮球比赛数据（带赔率）...
2026-04-14 13:58:32 - jcbk_data - INFO - 成功获取 2 场篮球比赛
2026-04-14 13:58:32 - jcbk_data - INFO - 开始处理比赛数据...
2026-04-14 13:58:32 - jcbk_data - INFO - 比赛数据处理完成
2026-04-14 13:58:32 - jcbk_data - INFO - 开始获取篮球赔率数据...
2026-04-14 13:58:32 - jcbk_data - INFO - 成功获取篮球赔率数据
2026-04-14 13:58:32 - jcbk_data - INFO - 开始处理 1 条赔率数据
2026-04-14 13:58:33 - jcbk_data - INFO - 赔率数据处理完成
2026-04-14 13:58:33 - jcbk_data - INFO - 开始获取并保存竞彩篮球比赛结果...
2026-04-14 13:58:33 - jcbk_data - INFO - 开始获取竞彩篮球比赛结果...
2026-04-14 13:58:33 - jcbk_data - ERROR - 获取比赛结果失败：'SportteryAPI' object has no attribute 'get_basketball_match_results'
2026-04-14 13:58:33 - jcbk_data - WARNING - 没有获取到比赛结果
2026-04-14 14:28:48 - jcbk_data - INFO - ✓ 记录篮球赔率变化: tcbk_spf.a 1.930 -> 1.880 (diff=0.050)
2026-04-14 14:28:48 - jcbk_data - INFO - ✓ 记录篮球赔率变化: tcbk_spf.h 1.920 -> 2.000 (diff=0.080)
2026-04-14 14:34:06 - jcbk_data - INFO - ✓ 记录篮球赔率变化: tcbk_spf.a 1.930 -> 1.880 (diff=0.050)
2026-04-14 14:34:06 - jcbk_data - INFO - ✓ 记录篮球赔率变化: tcbk_spf.h 1.920 -> 2.000 (diff=0.080)
2026-04-14 14:34:06 - jcbk_data - INFO - ✓ 记录篮球赔率变化: tcbk_spf.a 1.880 -> 1.800 (diff=0.080)
2026-04-14 15:42:14 - jcbk_data - INFO - 开始采集竞彩篮球比赛数据...
2026-04-14 15:42:14 - jcbk_data - INFO - 成功获取篮球比赛列表，共 2 场比赛
2026-04-14 15:42:14 - jcbk_data - INFO - 开始处理 2 条比赛数据
2026-04-14 15:42:14 - jcbk_data - INFO - 成功处理 0 条比赛记录
2026-04-14 15:42:57 - jcbk_data - INFO - 开始采集竞彩篮球比赛数据...
2026-04-14 15:42:58 - jcbk_data - INFO - 成功获取篮球比赛列表，共 2 场比赛
2026-04-14 15:42:58 - jcbk_data - INFO - 开始处理 2 条比赛数据
2026-04-14 15:42:58 - jcbk_data - INFO - 成功处理 0 条比赛记录
2026-04-14 15:43:33 - jcbk_data - INFO - 开始获取篮球比赛数据（带赔率）...
2026-04-14 15:43:34 - jcbk_data - INFO - 成功获取 2 场篮球比赛
2026-04-14 15:43:34 - jcbk_data - INFO - 开始处理比赛数据...
2026-04-14 15:43:34 - jcbk_data - INFO - 比赛数据处理完成
2026-04-14 15:43:34 - jcbk_data - INFO - 开始获取篮球赔率数据...
2026-04-14 15:43:34 - jcbk_data - INFO - 成功获取篮球赔率数据
2026-04-14 15:43:34 - jcbk_data - INFO - 开始处理 1 条赔率数据
2026-04-14 15:43:34 - jcbk_data - INFO - ✓ 记录篮球赔率变化: tcbk_dxf.over 1.620 -> 1.740 (diff=0.120)
2026-04-14 15:43:34 - jcbk_data - INFO - ✓ 记录篮球赔率变化: tcbk_dxf.under 1.780 -> 1.660 (diff=0.120)
2026-04-14 15:43:34 - jcbk_data - INFO - 赔率数据处理完成
2026-04-14 15:49:18 - jcbk_data - INFO - 开始获取篮球比赛数据（带赔率）...
2026-04-14 15:49:19 - jcbk_data - INFO - 成功获取 2 场篮球比赛
2026-04-14 15:49:19 - jcbk_data - INFO - 开始处理比赛数据...
2026-04-14 15:49:19 - jcbk_data - INFO - 比赛数据处理完成
2026-04-14 15:49:19 - jcbk_data - INFO - 开始获取篮球赔率数据...
2026-04-14 15:49:19 - jcbk_data - INFO - 成功获取篮球赔率数据
2026-04-14 15:49:19 - jcbk_data - INFO - 开始处理 1 条赔率数据
2026-04-14 15:49:19 - jcbk_data - INFO - ✓ 记录篮球赔率变化: tcbk_sfc.h1 0.000 -> 0.000 (diff=0.000)
2026-04-14 15:49:19 - jcbk_data - INFO - ✓ 记录篮球赔率变化: tcbk_sfc.h2 0.000 -> 0.000 (diff=0.000)
2026-04-14 15:49:19 - jcbk_data - INFO - ✓ 记录篮球赔率变化: tcbk_sfc.h3 0.000 -> 0.000 (diff=0.000)
2026-04-14 15:49:19 - jcbk_data - INFO - ✓ 记录篮球赔率变化: tcbk_sfc.h4 0.000 -> 0.000 (diff=0.000)
2026-04-14 15:49:19 - jcbk_data - INFO - ✓ 记录篮球赔率变化: tcbk_sfc.h5 0.000 -> 0.000 (diff=0.000)
2026-04-14 15:49:19 - jcbk_data - INFO - ✓ 记录篮球赔率变化: tcbk_sfc.h6 0.000 -> 0.000 (diff=0.000)
2026-04-14 15:49:19 - jcbk_data - INFO - ✓ 记录篮球赔率变化: tcbk_sfc.a1 0.000 -> 0.000 (diff=0.000)
2026-04-14 15:49:19 - jcbk_data - INFO - ✓ 记录篮球赔率变化: tcbk_sfc.a2 0.000 -> 0.000 (diff=0.000)
2026-04-14 15:49:19 - jcbk_data - INFO - ✓ 记录篮球赔率变化: tcbk_sfc.a3 0.000 -> 0.000 (diff=0.000)
2026-04-14 15:49:19 - jcbk_data - INFO - ✓ 记录篮球赔率变化: tcbk_sfc.a4 0.000 -> 0.000 (diff=0.000)
2026-04-14 15:49:19 - jcbk_data - INFO - ✓ 记录篮球赔率变化: tcbk_sfc.a5 0.000 -> 0.000 (diff=0.000)
2026-04-14 15:49:19 - jcbk_data - INFO - ✓ 记录篮球赔率变化: tcbk_sfc.a6 0.000 -> 0.000 (diff=0.000)
2026-04-14 15:49:19 - jcbk_data - INFO - ✓ 记录篮球赔率变化: tcbk_sfc.h1 0.000 -> 0.000 (diff=0.000)
2026-04-14 15:49:19 - jcbk_data - INFO - ✓ 记录篮球赔率变化: tcbk_sfc.h2 0.000 -> 0.000 (diff=0.000)
2026-04-14 15:49:19 - jcbk_data - INFO - ✓ 记录篮球赔率变化: tcbk_sfc.h3 0.000 -> 0.000 (diff=0.000)
2026-04-14 15:49:19 - jcbk_data - INFO - ✓ 记录篮球赔率变化: tcbk_sfc.h4 0.000 -> 0.000 (diff=0.000)
2026-04-14 15:49:19 - jcbk_data - INFO - ✓ 记录篮球赔率变化: tcbk_sfc.h5 0.000 -> 0.000 (diff=0.000)
2026-04-14 15:49:19 - jcbk_data - INFO - ✓ 记录篮球赔率变化: tcbk_sfc.h6 0.000 -> 0.000 (diff=0.000)
2026-04-14 15:49:19 - jcbk_data - INFO - ✓ 记录篮球赔率变化: tcbk_sfc.a1 0.000 -> 0.000 (diff=0.000)
2026-04-14 15:49:19 - jcbk_data - INFO - ✓ 记录篮球赔率变化: tcbk_sfc.a2 0.000 -> 0.000 (diff=0.000)
2026-04-14 15:49:20 - jcbk_data - INFO - ✓ 记录篮球赔率变化: tcbk_sfc.a3 0.000 -> 0.000 (diff=0.000)
2026-04-14 15:49:20 - jcbk_data - INFO - ✓ 记录篮球赔率变化: tcbk_sfc.a4 0.000 -> 0.000 (diff=0.000)
2026-04-14 15:49:20 - jcbk_data - INFO - ✓ 记录篮球赔率变化: tcbk_sfc.a5 0.000 -> 0.000 (diff=0.000)
2026-04-14 15:49:20 - jcbk_data - INFO - ✓ 记录篮球赔率变化: tcbk_sfc.a6 0.000 -> 0.000 (diff=0.000)
2026-04-14 15:49:20 - jcbk_data - INFO - ✓ 记录篮球赔率变化: tcbk_sfc.h1 0.000 -> 0.000 (diff=0.000)
2026-04-14 15:49:20 - jcbk_data - INFO - ✓ 记录篮球赔率变化: tcbk_sfc.h2 0.000 -> 0.000 (diff=0.000)
2026-04-14 15:49:20 - jcbk_data - INFO - ✓ 记录篮球赔率变化: tcbk_sfc.h3 0.000 -> 0.000 (diff=0.000)
2026-04-14 15:49:20 - jcbk_data - INFO - ✓ 记录篮球赔率变化: tcbk_sfc.h4 0.000 -> 0.000 (diff=0.000)
2026-04-14 15:49:20 - jcbk_data - INFO - ✓ 记录篮球赔率变化: tcbk_sfc.h5 0.000 -> 0.000 (diff=0.000)
2026-04-14 15:49:20 - jcbk_data - INFO - ✓ 记录篮球赔率变化: tcbk_sfc.h6 0.000 -> 0.000 (diff=0.000)
2026-04-14 15:49:20 - jcbk_data - INFO - ✓ 记录篮球赔率变化: tcbk_sfc.a1 0.000 -> 0.000 (diff=0.000)
2026-04-14 15:49:20 - jcbk_data - INFO - ✓ 记录篮球赔率变化: tcbk_sfc.a2 0.000 -> 0.000 (diff=0.000)
2026-04-14 15:49:20 - jcbk_data - INFO - ✓ 记录篮球赔率变化: tcbk_sfc.a3 0.000 -> 0.000 (diff=0.000)
2026-04-14 15:49:20 - jcbk_data - INFO - ✓ 记录篮球赔率变化: tcbk_sfc.a4 0.000 -> 0.000 (diff=0.000)
2026-04-14 15:49:20 - jcbk_data - INFO - ✓ 记录篮球赔率变化: tcbk_sfc.a5 0.000 -> 0.000 (diff=0.000)
2026-04-14 15:49:20 - jcbk_data - INFO - ✓ 记录篮球赔率变化: tcbk_sfc.a6 0.000 -> 0.000 (diff=0.000)
2026-04-14 15:49:20 - jcbk_data - INFO - ✓ 记录篮球赔率变化: tcbk_sfc.h1 0.000 -> 0.000 (diff=0.000)
2026-04-14 15:49:20 - jcbk_data - INFO - ✓ 记录篮球赔率变化: tcbk_sfc.h2 0.000 -> 0.000 (diff=0.000)
2026-04-14 15:49:20 - jcbk_data - INFO - ✓ 记录篮球赔率变化: tcbk_sfc.h3 0.000 -> 0.000 (diff=0.000)
2026-04-14 15:49:20 - jcbk_data - INFO - ✓ 记录篮球赔率变化: tcbk_sfc.h4 0.000 -> 0.000 (diff=0.000)
2026-04-14 15:49:20 - jcbk_data - INFO - ✓ 记录篮球赔率变化: tcbk_sfc.h5 0.000 -> 0.000 (diff=0.000)
2026-04-14 15:49:20 - jcbk_data - INFO - ✓ 记录篮球赔率变化: tcbk_sfc.h6 0.000 -> 0.000 (diff=0.000)
2026-04-14 15:49:20 - jcbk_data - INFO - ✓ 记录篮球赔率变化: tcbk_sfc.a1 0.000 -> 0.000 (diff=0.000)
2026-04-14 15:49:20 - jcbk_data - INFO - ✓ 记录篮球赔率变化: tcbk_sfc.a2 0.000 -> 0.000 (diff=0.000)
2026-04-14 15:49:20 - jcbk_data - INFO - ✓ 记录篮球赔率变化: tcbk_sfc.a3 0.000 -> 0.000 (diff=0.000)
2026-04-14 15:49:20 - jcbk_data - INFO - ✓ 记录篮球赔率变化: tcbk_sfc.a4 0.000 -> 0.000 (diff=0.000)
2026-04-14 15:49:20 - jcbk_data - INFO - ✓ 记录篮球赔率变化: tcbk_sfc.a5 0.000 -> 0.000 (diff=0.000)
2026-04-14 15:49:20 - jcbk_data - INFO - ✓ 记录篮球赔率变化: tcbk_sfc.a6 0.000 -> 0.000 (diff=0.000)
2026-04-14 15:49:20 - jcbk_data - INFO - 赔率数据处理完成
2026-04-14 15:51:40 - jcbk_data - INFO - 开始获取篮球比赛数据（带赔率）...
2026-04-14 15:51:40 - jcbk_data - INFO - 成功获取 2 场篮球比赛
2026-04-14 15:51:40 - jcbk_data - INFO - 开始处理比赛数据...
2026-04-14 15:51:40 - jcbk_data - INFO - 比赛数据处理完成
2026-04-14 15:51:40 - jcbk_data - INFO - 开始获取篮球赔率数据...
2026-04-14 15:51:41 - jcbk_data - INFO - 成功获取篮球赔率数据
2026-04-14 15:51:41 - jcbk_data - INFO - 开始处理 1 条赔率数据
2026-04-14 15:51:41 - jcbk_data - INFO - ✓ 记录篮球赔率变化: tcbk_sfc.h1 0.000 -> 0.000 (diff=0.000)
2026-04-14 15:51:41 - jcbk_data - INFO - ✓ 记录篮球赔率变化: tcbk_sfc.h2 0.000 -> 0.000 (diff=0.000)
2026-04-14 15:51:41 - jcbk_data - INFO - ✓ 记录篮球赔率变化: tcbk_sfc.h3 0.000 -> 0.000 (diff=0.000)
2026-04-14 15:51:41 - jcbk_data - INFO - ✓ 记录篮球赔率变化: tcbk_sfc.h4 0.000 -> 0.000 (diff=0.000)
2026-04-14 15:51:41 - jcbk_data - INFO - ✓ 记录篮球赔率变化: tcbk_sfc.h5 0.000 -> 0.000 (diff=0.000)
2026-04-14 15:51:41 - jcbk_data - INFO - ✓ 记录篮球赔率变化: tcbk_sfc.h6 0.000 -> 0.000 (diff=0.000)
2026-04-14 15:51:41 - jcbk_data - INFO - ✓ 记录篮球赔率变化: tcbk_sfc.a1 0.000 -> 0.000 (diff=0.000)
2026-04-14 15:51:41 - jcbk_data - INFO - ✓ 记录篮球赔率变化: tcbk_sfc.a2 0.000 -> 0.000 (diff=0.000)
2026-04-14 15:51:41 - jcbk_data - INFO - ✓ 记录篮球赔率变化: tcbk_sfc.a3 0.000 -> 0.000 (diff=0.000)
2026-04-14 15:51:41 - jcbk_data - INFO - ✓ 记录篮球赔率变化: tcbk_sfc.a4 0.000 -> 0.000 (diff=0.000)
2026-04-14 15:51:41 - jcbk_data - INFO - ✓ 记录篮球赔率变化: tcbk_sfc.a5 0.000 -> 0.000 (diff=0.000)
2026-04-14 15:51:41 - jcbk_data - INFO - ✓ 记录篮球赔率变化: tcbk_sfc.a6 0.000 -> 0.000 (diff=0.000)
2026-04-14 15:51:41 - jcbk_data - INFO - ✓ 记录篮球赔率变化: tcbk_sfc.h1 0.000 -> 0.000 (diff=0.000)
2026-04-14 15:51:41 - jcbk_data - INFO - ✓ 记录篮球赔率变化: tcbk_sfc.h2 0.000 -> 0.000 (diff=0.000)
2026-04-14 15:51:41 - jcbk_data - INFO - ✓ 记录篮球赔率变化: tcbk_sfc.h3 0.000 -> 0.000 (diff=0.000)
2026-04-14 15:51:41 - jcbk_data - INFO - ✓ 记录篮球赔率变化: tcbk_sfc.h4 0.000 -> 0.000 (diff=0.000)
2026-04-14 15:51:41 - jcbk_data - INFO - ✓ 记录篮球赔率变化: tcbk_sfc.h5 0.000 -> 0.000 (diff=0.000)
2026-04-14 15:51:41 - jcbk_data - INFO - ✓ 记录篮球赔率变化: tcbk_sfc.h6 0.000 -> 0.000 (diff=0.000)
2026-04-14 15:51:41 - jcbk_data - INFO - ✓ 记录篮球赔率变化: tcbk_sfc.a1 0.000 -> 0.000 (diff=0.000)
2026-04-14 15:51:41 - jcbk_data - INFO - ✓ 记录篮球赔率变化: tcbk_sfc.a2 0.000 -> 0.000 (diff=0.000)
2026-04-14 15:51:41 - jcbk_data - INFO - ✓ 记录篮球赔率变化: tcbk_sfc.a3 0.000 -> 0.000 (diff=0.000)
2026-04-14 15:51:41 - jcbk_data - INFO - ✓ 记录篮球赔率变化: tcbk_sfc.a4 0.000 -> 0.000 (diff=0.000)
2026-04-14 15:51:41 - jcbk_data - INFO - ✓ 记录篮球赔率变化: tcbk_sfc.a5 0.000 -> 0.000 (diff=0.000)
2026-04-14 15:51:41 - jcbk_data - INFO - ✓ 记录篮球赔率变化: tcbk_sfc.a6 0.000 -> 0.000 (diff=0.000)
2026-04-14 15:51:41 - jcbk_data - INFO - ✓ 记录篮球赔率变化: tcbk_sfc.h1 0.000 -> 0.000 (diff=0.000)
2026-04-14 15:51:41 - jcbk_data - INFO - ✓ 记录篮球赔率变化: tcbk_sfc.h2 0.000 -> 0.000 (diff=0.000)
2026-04-14 15:51:41 - jcbk_data - INFO - ✓ 记录篮球赔率变化: tcbk_sfc.h3 0.000 -> 0.000 (diff=0.000)
2026-04-14 15:51:41 - jcbk_data - INFO - ✓ 记录篮球赔率变化: tcbk_sfc.h4 0.000 -> 0.000 (diff=0.000)
2026-04-14 15:51:41 - jcbk_data - INFO - ✓ 记录篮球赔率变化: tcbk_sfc.h5 0.000 -> 0.000 (diff=0.000)
2026-04-14 15:51:41 - jcbk_data - INFO - ✓ 记录篮球赔率变化: tcbk_sfc.h6 0.000 -> 0.000 (diff=0.000)
2026-04-14 15:51:41 - jcbk_data - INFO - ✓ 记录篮球赔率变化: tcbk_sfc.a1 0.000 -> 0.000 (diff=0.000)
2026-04-14 15:51:41 - jcbk_data - INFO - ✓ 记录篮球赔率变化: tcbk_sfc.a2 0.000 -> 0.000 (diff=0.000)
2026-04-14 15:51:41 - jcbk_data - INFO - ✓ 记录篮球赔率变化: tcbk_sfc.a3 0.000 -> 0.000 (diff=0.000)
2026-04-14 15:51:41 - jcbk_data - INFO - ✓ 记录篮球赔率变化: tcbk_sfc.a4 0.000 -> 0.000 (diff=0.000)
2026-04-14 15:51:41 - jcbk_data - INFO - ✓ 记录篮球赔率变化: tcbk_sfc.a5 0.000 -> 0.000 (diff=0.000)
2026-04-14 15:51:41 - jcbk_data - INFO - ✓ 记录篮球赔率变化: tcbk_sfc.a6 0.000 -> 0.000 (diff=0.000)
2026-04-14 15:51:41 - jcbk_data - INFO - ✓ 记录篮球赔率变化: tcbk_sfc.h1 0.000 -> 0.000 (diff=0.000)
2026-04-14 15:51:41 - jcbk_data - INFO - ✓ 记录篮球赔率变化: tcbk_sfc.h2 0.000 -> 0.000 (diff=0.000)
2026-04-14 15:51:41 - jcbk_data - INFO - ✓ 记录篮球赔率变化: tcbk_sfc.h3 0.000 -> 0.000 (diff=0.000)
2026-04-14 15:51:41 - jcbk_data - INFO - ✓ 记录篮球赔率变化: tcbk_sfc.h4 0.000 -> 0.000 (diff=0.000)
2026-04-14 15:51:42 - jcbk_data - INFO - ✓ 记录篮球赔率变化: tcbk_sfc.h5 0.000 -> 0.000 (diff=0.000)
2026-04-14 15:51:42 - jcbk_data - INFO - ✓ 记录篮球赔率变化: tcbk_sfc.h6 0.000 -> 0.000 (diff=0.000)
2026-04-14 15:51:42 - jcbk_data - INFO - ✓ 记录篮球赔率变化: tcbk_sfc.a1 0.000 -> 0.000 (diff=0.000)
2026-04-14 15:51:42 - jcbk_data - INFO - ✓ 记录篮球赔率变化: tcbk_sfc.a2 0.000 -> 0.000 (diff=0.000)
2026-04-14 15:51:42 - jcbk_data - INFO - ✓ 记录篮球赔率变化: tcbk_sfc.a3 0.000 -> 0.000 (diff=0.000)
2026-04-14 15:51:42 - jcbk_data - INFO - ✓ 记录篮球赔率变化: tcbk_sfc.a4 0.000 -> 0.000 (diff=0.000)
2026-04-14 15:51:42 - jcbk_data - INFO - ✓ 记录篮球赔率变化: tcbk_sfc.a5 0.000 -> 0.000 (diff=0.000)
2026-04-14 15:51:42 - jcbk_data - INFO - ✓ 记录篮球赔率变化: tcbk_sfc.a6 0.000 -> 0.000 (diff=0.000)
2026-04-14 15:51:42 - jcbk_data - INFO - 赔率数据处理完成
2026-04-14 16:00:18 - jcbk_data - INFO - 开始获取篮球比赛数据（带赔率）...
2026-04-14 16:00:18 - jcbk_data - INFO - 成功获取 2 场篮球比赛
2026-04-14 16:00:18 - jcbk_data - INFO - 开始处理比赛数据...
2026-04-14 16:00:18 - jcbk_data - INFO - 比赛数据处理完成
2026-04-14 16:00:18 - jcbk_data - INFO - 开始获取篮球赔率数据...
2026-04-14 16:00:18 - jcbk_data - INFO - 成功获取篮球赔率数据
2026-04-14 16:00:18 - jcbk_data - INFO - 开始处理 1 条赔率数据
2026-04-14 16:00:19 - jcbk_data - INFO - 赔率数据处理完成
2026-04-14 16:02:26 - jcbk_data - INFO - 开始获取篮球比赛数据（带赔率）...
2026-04-14 16:02:26 - jcbk_data - INFO - 成功获取 2 场篮球比赛
2026-04-14 16:02:26 - jcbk_data - INFO - 开始处理比赛数据...
2026-04-14 16:02:26 - jcbk_data - ERROR - 获取篮球比赛数据异常：'mydb' object has no attribute 'commit'
2026-04-14 16:02:26 - jcbk_data - ERROR - Traceback (most recent call last):
  File "E:\my_prog\zqgetdata\app\crawler\jcbk.py", line 271, in get_matches_with_odds
    localdb.commit()  # 提交事务
    ^^^^^^^^^^^^^^
AttributeError: 'mydb' object has no attribute 'commit'

2026-04-14 16:03:38 - jcbk_data - INFO - 开始获取篮球比赛数据（带赔率）...
2026-04-14 16:03:38 - jcbk_data - INFO - 成功获取 2 场篮球比赛
2026-04-14 16:03:38 - jcbk_data - INFO - 开始处理比赛数据...
2026-04-14 16:03:38 - jcbk_data - INFO - 比赛数据处理完成
2026-04-14 16:03:38 - jcbk_data - INFO - 开始获取篮球赔率数据...
2026-04-14 16:03:38 - jcbk_data - INFO - 成功获取篮球赔率数据
2026-04-14 16:03:38 - jcbk_data - INFO - 开始处理 1 条赔率数据
2026-04-14 16:03:38 - jcbk_data - INFO - ✓ 记录篮球赔率变化: tcbk_sfc.h1 0.000 -> 0.000 (diff=0.000)
2026-04-14 16:03:38 - jcbk_data - INFO - ✓ 记录篮球赔率变化: tcbk_sfc.h2 0.000 -> 0.000 (diff=0.000)
2026-04-14 16:03:39 - jcbk_data - INFO - ✓ 记录篮球赔率变化: tcbk_sfc.h3 0.000 -> 0.000 (diff=0.000)
2026-04-14 16:03:39 - jcbk_data - INFO - ✓ 记录篮球赔率变化: tcbk_sfc.h4 0.000 -> 0.000 (diff=0.000)
2026-04-14 16:03:39 - jcbk_data - INFO - ✓ 记录篮球赔率变化: tcbk_sfc.h5 0.000 -> 0.000 (diff=0.000)
2026-04-14 16:03:39 - jcbk_data - INFO - ✓ 记录篮球赔率变化: tcbk_sfc.h6 0.000 -> 0.000 (diff=0.000)
2026-04-14 16:03:39 - jcbk_data - INFO - ✓ 记录篮球赔率变化: tcbk_sfc.a1 0.000 -> 0.000 (diff=0.000)
2026-04-14 16:03:39 - jcbk_data - INFO - ✓ 记录篮球赔率变化: tcbk_sfc.a2 0.000 -> 0.000 (diff=0.000)
2026-04-14 16:03:39 - jcbk_data - INFO - ✓ 记录篮球赔率变化: tcbk_sfc.a3 0.000 -> 0.000 (diff=0.000)
2026-04-14 16:03:39 - jcbk_data - INFO - ✓ 记录篮球赔率变化: tcbk_sfc.a4 0.000 -> 0.000 (diff=0.000)
2026-04-14 16:03:39 - jcbk_data - INFO - ✓ 记录篮球赔率变化: tcbk_sfc.a5 0.000 -> 0.000 (diff=0.000)
2026-04-14 16:03:39 - jcbk_data - INFO - ✓ 记录篮球赔率变化: tcbk_sfc.a6 0.000 -> 0.000 (diff=0.000)
2026-04-14 16:03:39 - jcbk_data - INFO - ✓ 记录篮球赔率变化: tcbk_sfc.h1 0.000 -> 0.000 (diff=0.000)
2026-04-14 16:03:39 - jcbk_data - INFO - ✓ 记录篮球赔率变化: tcbk_sfc.h2 0.000 -> 0.000 (diff=0.000)
2026-04-14 16:03:39 - jcbk_data - INFO - ✓ 记录篮球赔率变化: tcbk_sfc.h3 0.000 -> 0.000 (diff=0.000)
2026-04-14 16:03:39 - jcbk_data - INFO - ✓ 记录篮球赔率变化: tcbk_sfc.h4 0.000 -> 0.000 (diff=0.000)
2026-04-14 16:03:39 - jcbk_data - INFO - ✓ 记录篮球赔率变化: tcbk_sfc.h5 0.000 -> 0.000 (diff=0.000)
2026-04-14 16:03:39 - jcbk_data - INFO - ✓ 记录篮球赔率变化: tcbk_sfc.h6 0.000 -> 0.000 (diff=0.000)
2026-04-14 16:03:39 - jcbk_data - INFO - ✓ 记录篮球赔率变化: tcbk_sfc.a1 0.000 -> 0.000 (diff=0.000)
2026-04-14 16:03:39 - jcbk_data - INFO - ✓ 记录篮球赔率变化: tcbk_sfc.a2 0.000 -> 0.000 (diff=0.000)
2026-04-14 16:03:39 - jcbk_data - INFO - ✓ 记录篮球赔率变化: tcbk_sfc.a3 0.000 -> 0.000 (diff=0.000)
2026-04-14 16:03:39 - jcbk_data - INFO - ✓ 记录篮球赔率变化: tcbk_sfc.a4 0.000 -> 0.000 (diff=0.000)
2026-04-14 16:03:39 - jcbk_data - INFO - ✓ 记录篮球赔率变化: tcbk_sfc.a5 0.000 -> 0.000 (diff=0.000)
2026-04-14 16:03:39 - jcbk_data - INFO - ✓ 记录篮球赔率变化: tcbk_sfc.a6 0.000 -> 0.000 (diff=0.000)
2026-04-14 16:03:39 - jcbk_data - INFO - ✓ 记录篮球赔率变化: tcbk_sfc.h1 0.000 -> 0.000 (diff=0.000)
2026-04-14 16:03:39 - jcbk_data - INFO - ✓ 记录篮球赔率变化: tcbk_sfc.h2 0.000 -> 0.000 (diff=0.000)
2026-04-14 16:03:39 - jcbk_data - INFO - ✓ 记录篮球赔率变化: tcbk_sfc.h3 0.000 -> 0.000 (diff=0.000)
2026-04-14 16:03:39 - jcbk_data - INFO - ✓ 记录篮球赔率变化: tcbk_sfc.h4 0.000 -> 0.000 (diff=0.000)
2026-04-14 16:03:39 - jcbk_data - INFO - ✓ 记录篮球赔率变化: tcbk_sfc.h5 0.000 -> 0.000 (diff=0.000)
2026-04-14 16:03:39 - jcbk_data - INFO - ✓ 记录篮球赔率变化: tcbk_sfc.h6 0.000 -> 0.000 (diff=0.000)
2026-04-14 16:03:39 - jcbk_data - INFO - ✓ 记录篮球赔率变化: tcbk_sfc.a1 0.000 -> 0.000 (diff=0.000)
2026-04-14 16:03:39 - jcbk_data - INFO - ✓ 记录篮球赔率变化: tcbk_sfc.a2 0.000 -> 0.000 (diff=0.000)
2026-04-14 16:03:39 - jcbk_data - INFO - ✓ 记录篮球赔率变化: tcbk_sfc.a3 0.000 -> 0.000 (diff=0.000)
2026-04-14 16:03:39 - jcbk_data - INFO - ✓ 记录篮球赔率变化: tcbk_sfc.a4 0.000 -> 0.000 (diff=0.000)
2026-04-14 16:03:39 - jcbk_data - INFO - ✓ 记录篮球赔率变化: tcbk_sfc.a5 0.000 -> 0.000 (diff=0.000)
2026-04-14 16:03:39 - jcbk_data - INFO - ✓ 记录篮球赔率变化: tcbk_sfc.a6 0.000 -> 0.000 (diff=0.000)
2026-04-14 16:03:39 - jcbk_data - INFO - ✓ 记录篮球赔率变化: tcbk_sfc.h1 0.000 -> 0.000 (diff=0.000)
2026-04-14 16:03:39 - jcbk_data - INFO - ✓ 记录篮球赔率变化: tcbk_sfc.h2 0.000 -> 0.000 (diff=0.000)
2026-04-14 16:03:39 - jcbk_data - INFO - ✓ 记录篮球赔率变化: tcbk_sfc.h3 0.000 -> 0.000 (diff=0.000)
2026-04-14 16:03:39 - jcbk_data - INFO - ✓ 记录篮球赔率变化: tcbk_sfc.h4 0.000 -> 0.000 (diff=0.000)
2026-04-14 16:03:39 - jcbk_data - INFO - ✓ 记录篮球赔率变化: tcbk_sfc.h5 0.000 -> 0.000 (diff=0.000)
2026-04-14 16:03:39 - jcbk_data - INFO - ✓ 记录篮球赔率变化: tcbk_sfc.h6 0.000 -> 0.000 (diff=0.000)
2026-04-14 16:03:39 - jcbk_data - INFO - ✓ 记录篮球赔率变化: tcbk_sfc.a1 0.000 -> 0.000 (diff=0.000)
2026-04-14 16:03:39 - jcbk_data - INFO - ✓ 记录篮球赔率变化: tcbk_sfc.a2 0.000 -> 0.000 (diff=0.000)
2026-04-14 16:03:39 - jcbk_data - INFO - ✓ 记录篮球赔率变化: tcbk_sfc.a3 0.000 -> 0.000 (diff=0.000)
2026-04-14 16:03:39 - jcbk_data - INFO - ✓ 记录篮球赔率变化: tcbk_sfc.a4 0.000 -> 0.000 (diff=0.000)
2026-04-14 16:03:39 - jcbk_data - INFO - ✓ 记录篮球赔率变化: tcbk_sfc.a5 0.000 -> 0.000 (diff=0.000)
2026-04-14 16:03:39 - jcbk_data - INFO - ✓ 记录篮球赔率变化: tcbk_sfc.a6 0.000 -> 0.000 (diff=0.000)
2026-04-14 16:03:40 - jcbk_data - INFO - 赔率数据处理完成
2026-04-14 16:05:47 - jcbk_data - INFO - 开始获取篮球比赛数据（带赔率）...
2026-04-14 16:05:48 - jcbk_data - INFO - 成功获取 2 场篮球比赛
2026-04-14 16:05:48 - jcbk_data - INFO - 共提取 6 场实际比赛
2026-04-14 16:05:48 - jcbk_data - INFO - 开始处理比赛数据...
2026-04-14 16:05:48 - jcbk_data - INFO - 比赛数据处理完成
2026-04-14 16:05:48 - jcbk_data - INFO - 开始获取篮球赔率数据...
2026-04-14 16:05:48 - jcbk_data - INFO - 成功获取篮球赔率数据
2026-04-14 16:05:48 - jcbk_data - INFO - 开始处理 1 条赔率数据
2026-04-14 16:05:48 - jcbk_data - INFO - ✓ 记录篮球赔率变化: tcbk_sfc.h1 0.000 -> 0.000 (diff=0.000)
2026-04-14 16:05:48 - jcbk_data - INFO - ✓ 记录篮球赔率变化: tcbk_sfc.h2 0.000 -> 0.000 (diff=0.000)
2026-04-14 16:05:48 - jcbk_data - INFO - ✓ 记录篮球赔率变化: tcbk_sfc.h3 0.000 -> 0.000 (diff=0.000)
2026-04-14 16:05:48 - jcbk_data - INFO - ✓ 记录篮球赔率变化: tcbk_sfc.h4 0.000 -> 0.000 (diff=0.000)
2026-04-14 16:05:48 - jcbk_data - INFO - ✓ 记录篮球赔率变化: tcbk_sfc.h5 0.000 -> 0.000 (diff=0.000)
2026-04-14 16:05:48 - jcbk_data - INFO - ✓ 记录篮球赔率变化: tcbk_sfc.h6 0.000 -> 0.000 (diff=0.000)
2026-04-14 16:05:48 - jcbk_data - INFO - ✓ 记录篮球赔率变化: tcbk_sfc.a1 0.000 -> 0.000 (diff=0.000)
2026-04-14 16:05:48 - jcbk_data - INFO - ✓ 记录篮球赔率变化: tcbk_sfc.a2 0.000 -> 0.000 (diff=0.000)
2026-04-14 16:05:48 - jcbk_data - INFO - ✓ 记录篮球赔率变化: tcbk_sfc.a3 0.000 -> 0.000 (diff=0.000)
2026-04-14 16:05:48 - jcbk_data - INFO - ✓ 记录篮球赔率变化: tcbk_sfc.a4 0.000 -> 0.000 (diff=0.000)
2026-04-14 16:05:48 - jcbk_data - INFO - ✓ 记录篮球赔率变化: tcbk_sfc.a5 0.000 -> 0.000 (diff=0.000)
2026-04-14 16:05:48 - jcbk_data - INFO - ✓ 记录篮球赔率变化: tcbk_sfc.a6 0.000 -> 0.000 (diff=0.000)
2026-04-14 16:05:48 - jcbk_data - INFO - ✓ 记录篮球赔率变化: tcbk_sfc.h1 0.000 -> 0.000 (diff=0.000)
2026-04-14 16:05:48 - jcbk_data - INFO - ✓ 记录篮球赔率变化: tcbk_sfc.h2 0.000 -> 0.000 (diff=0.000)
2026-04-14 16:05:48 - jcbk_data - INFO - ✓ 记录篮球赔率变化: tcbk_sfc.h3 0.000 -> 0.000 (diff=0.000)
2026-04-14 16:05:48 - jcbk_data - INFO - ✓ 记录篮球赔率变化: tcbk_sfc.h4 0.000 -> 0.000 (diff=0.000)
2026-04-14 16:05:48 - jcbk_data - INFO - ✓ 记录篮球赔率变化: tcbk_sfc.h5 0.000 -> 0.000 (diff=0.000)
2026-04-14 16:05:48 - jcbk_data - INFO - ✓ 记录篮球赔率变化: tcbk_sfc.h6 0.000 -> 0.000 (diff=0.000)
2026-04-14 16:05:48 - jcbk_data - INFO - ✓ 记录篮球赔率变化: tcbk_sfc.a1 0.000 -> 0.000 (diff=0.000)
2026-04-14 16:05:48 - jcbk_data - INFO - ✓ 记录篮球赔率变化: tcbk_sfc.a2 0.000 -> 0.000 (diff=0.000)
2026-04-14 16:05:48 - jcbk_data - INFO - ✓ 记录篮球赔率变化: tcbk_sfc.a3 0.000 -> 0.000 (diff=0.000)
2026-04-14 16:05:48 - jcbk_data - INFO - ✓ 记录篮球赔率变化: tcbk_sfc.a4 0.000 -> 0.000 (diff=0.000)
2026-04-14 16:05:48 - jcbk_data - INFO - ✓ 记录篮球赔率变化: tcbk_sfc.a5 0.000 -> 0.000 (diff=0.000)
2026-04-14 16:05:48 - jcbk_data - INFO - ✓ 记录篮球赔率变化: tcbk_sfc.a6 0.000 -> 0.000 (diff=0.000)
2026-04-14 16:05:48 - jcbk_data - INFO - ✓ 记录篮球赔率变化: tcbk_sfc.h1 0.000 -> 0.000 (diff=0.000)
2026-04-14 16:05:48 - jcbk_data - INFO - ✓ 记录篮球赔率变化: tcbk_sfc.h2 0.000 -> 0.000 (diff=0.000)
2026-04-14 16:05:48 - jcbk_data - INFO - ✓ 记录篮球赔率变化: tcbk_sfc.h3 0.000 -> 0.000 (diff=0.000)
2026-04-14 16:05:48 - jcbk_data - INFO - ✓ 记录篮球赔率变化: tcbk_sfc.h4 0.000 -> 0.000 (diff=0.000)
2026-04-14 16:05:48 - jcbk_data - INFO - ✓ 记录篮球赔率变化: tcbk_sfc.h5 0.000 -> 0.000 (diff=0.000)
2026-04-14 16:05:48 - jcbk_data - INFO - ✓ 记录篮球赔率变化: tcbk_sfc.h6 0.000 -> 0.000 (diff=0.000)
2026-04-14 16:05:48 - jcbk_data - INFO - ✓ 记录篮球赔率变化: tcbk_sfc.a1 0.000 -> 0.000 (diff=0.000)
2026-04-14 16:05:48 - jcbk_data - INFO - ✓ 记录篮球赔率变化: tcbk_sfc.a2 0.000 -> 0.000 (diff=0.000)
2026-04-14 16:05:48 - jcbk_data - INFO - ✓ 记录篮球赔率变化: tcbk_sfc.a3 0.000 -> 0.000 (diff=0.000)
2026-04-14 16:05:48 - jcbk_data - INFO - ✓ 记录篮球赔率变化: tcbk_sfc.a4 0.000 -> 0.000 (diff=0.000)
2026-04-14 16:05:48 - jcbk_data - INFO - ✓ 记录篮球赔率变化: tcbk_sfc.a5 0.000 -> 0.000 (diff=0.000)
2026-04-14 16:05:49 - jcbk_data - INFO - ✓ 记录篮球赔率变化: tcbk_sfc.a6 0.000 -> 0.000 (diff=0.000)
2026-04-14 16:05:49 - jcbk_data - INFO - ✓ 记录篮球赔率变化: tcbk_sfc.h1 0.000 -> 0.000 (diff=0.000)
2026-04-14 16:05:49 - jcbk_data - INFO - ✓ 记录篮球赔率变化: tcbk_sfc.h2 0.000 -> 0.000 (diff=0.000)
2026-04-14 16:05:49 - jcbk_data - INFO - ✓ 记录篮球赔率变化: tcbk_sfc.h3 0.000 -> 0.000 (diff=0.000)
2026-04-14 16:05:49 - jcbk_data - INFO - ✓ 记录篮球赔率变化: tcbk_sfc.h4 0.000 -> 0.000 (diff=0.000)
2026-04-14 16:05:49 - jcbk_data - INFO - ✓ 记录篮球赔率变化: tcbk_sfc.h5 0.000 -> 0.000 (diff=0.000)
2026-04-14 16:05:49 - jcbk_data - INFO - ✓ 记录篮球赔率变化: tcbk_sfc.h6 0.000 -> 0.000 (diff=0.000)
2026-04-14 16:05:49 - jcbk_data - INFO - ✓ 记录篮球赔率变化: tcbk_sfc.a1 0.000 -> 0.000 (diff=0.000)
2026-04-14 16:05:49 - jcbk_data - INFO - ✓ 记录篮球赔率变化: tcbk_sfc.a2 0.000 -> 0.000 (diff=0.000)
2026-04-14 16:05:49 - jcbk_data - INFO - ✓ 记录篮球赔率变化: tcbk_sfc.a3 0.000 -> 0.000 (diff=0.000)
2026-04-14 16:05:49 - jcbk_data - INFO - ✓ 记录篮球赔率变化: tcbk_sfc.a4 0.000 -> 0.000 (diff=0.000)
2026-04-14 16:05:49 - jcbk_data - INFO - ✓ 记录篮球赔率变化: tcbk_sfc.a5 0.000 -> 0.000 (diff=0.000)
2026-04-14 16:05:49 - jcbk_data - INFO - ✓ 记录篮球赔率变化: tcbk_sfc.a6 0.000 -> 0.000 (diff=0.000)
2026-04-14 16:05:49 - jcbk_data - INFO - 赔率数据处理完成
2026-04-14 17:19:30 - jcbk_data - INFO - 开始获取篮球比赛数据（带赔率）...
2026-04-14 17:19:31 - jcbk_data - INFO - 成功获取 2 场篮球比赛
2026-04-14 17:19:31 - jcbk_data - INFO - 共提取 6 场实际比赛
2026-04-14 17:19:31 - jcbk_data - INFO - 开始处理比赛数据...
2026-04-14 17:19:31 - jcbk_data - INFO - 新增联赛：未知联赛_2068447
2026-04-14 17:19:31 - jcbk_data - INFO - 新增联赛：未知联赛_1
2026-04-14 17:19:31 - jcbk_data - INFO - 比赛数据处理完成
2026-04-14 17:19:31 - jcbk_data - INFO - 开始获取篮球赔率数据...
2026-04-14 17:19:31 - jcbk_data - INFO - 成功获取篮球赔率数据
2026-04-14 17:19:31 - jcbk_data - INFO - 开始处理 1 条赔率数据
2026-04-14 17:19:31 - jcbk_data - INFO - 赔率数据处理完成
2026-04-14 17:19:31 - jcbk_data - INFO - 开始获取并保存竞彩篮球比赛结果...
2026-04-14 17:19:31 - jcbk_data - INFO - 开始获取竞彩篮球比赛结果...
2026-04-14 17:19:31 - jcbk_data - ERROR - 获取比赛结果失败：'SportteryAPI' object has no attribute 'get_basketball_match_results'
2026-04-14 17:19:31 - jcbk_data - WARNING - 没有获取到比赛结果
2026-04-14 17:19:46 - jcbk_data - INFO - 开始获取篮球比赛数据（带赔率）...
2026-04-14 17:19:47 - jcbk_data - INFO - 成功获取 2 场篮球比赛
2026-04-14 17:19:47 - jcbk_data - INFO - 共提取 6 场实际比赛
2026-04-14 17:19:47 - jcbk_data - INFO - 开始处理比赛数据...
2026-04-14 17:19:47 - jcbk_data - INFO - 比赛数据处理完成
2026-04-14 17:19:47 - jcbk_data - INFO - 开始获取篮球赔率数据...
2026-04-14 17:19:47 - jcbk_data - INFO - 成功获取篮球赔率数据
2026-04-14 17:19:47 - jcbk_data - INFO - 开始处理 1 条赔率数据
2026-04-14 17:19:47 - jcbk_data - INFO - ✓ 记录篮球赔率变化: tcbk_sfc.h1 0.000 -> 0.000 (diff=0.000)
2026-04-14 17:19:47 - jcbk_data - INFO - ✓ 记录篮球赔率变化: tcbk_sfc.h2 0.000 -> 0.000 (diff=0.000)
2026-04-14 17:19:47 - jcbk_data - INFO - ✓ 记录篮球赔率变化: tcbk_sfc.h3 0.000 -> 0.000 (diff=0.000)
2026-04-14 17:19:47 - jcbk_data - INFO - ✓ 记录篮球赔率变化: tcbk_sfc.h4 0.000 -> 0.000 (diff=0.000)
2026-04-14 17:19:47 - jcbk_data - INFO - ✓ 记录篮球赔率变化: tcbk_sfc.h5 0.000 -> 0.000 (diff=0.000)
2026-04-14 17:19:47 - jcbk_data - INFO - ✓ 记录篮球赔率变化: tcbk_sfc.h6 0.000 -> 0.000 (diff=0.000)
2026-04-14 17:19:47 - jcbk_data - INFO - ✓ 记录篮球赔率变化: tcbk_sfc.a1 0.000 -> 0.000 (diff=0.000)
2026-04-14 17:19:47 - jcbk_data - INFO - ✓ 记录篮球赔率变化: tcbk_sfc.a2 0.000 -> 0.000 (diff=0.000)
2026-04-14 17:19:47 - jcbk_data - INFO - ✓ 记录篮球赔率变化: tcbk_sfc.a3 0.000 -> 0.000 (diff=0.000)
2026-04-14 17:19:47 - jcbk_data - INFO - ✓ 记录篮球赔率变化: tcbk_sfc.a4 0.000 -> 0.000 (diff=0.000)
2026-04-14 17:19:47 - jcbk_data - INFO - ✓ 记录篮球赔率变化: tcbk_sfc.a5 0.000 -> 0.000 (diff=0.000)
2026-04-14 17:19:47 - jcbk_data - INFO - ✓ 记录篮球赔率变化: tcbk_sfc.a6 0.000 -> 0.000 (diff=0.000)
2026-04-14 17:19:47 - jcbk_data - INFO - ✓ 记录篮球赔率变化: tcbk_sfc.h1 0.000 -> 0.000 (diff=0.000)
2026-04-14 17:19:47 - jcbk_data - INFO - ✓ 记录篮球赔率变化: tcbk_sfc.h2 0.000 -> 0.000 (diff=0.000)
2026-04-14 17:19:47 - jcbk_data - INFO - ✓ 记录篮球赔率变化: tcbk_sfc.h3 0.000 -> 0.000 (diff=0.000)
2026-04-14 17:19:47 - jcbk_data - INFO - ✓ 记录篮球赔率变化: tcbk_sfc.h4 0.000 -> 0.000 (diff=0.000)
2026-04-14 17:19:47 - jcbk_data - INFO - ✓ 记录篮球赔率变化: tcbk_sfc.h5 0.000 -> 0.000 (diff=0.000)
2026-04-14 17:19:47 - jcbk_data - INFO - ✓ 记录篮球赔率变化: tcbk_sfc.h6 0.000 -> 0.000 (diff=0.000)
2026-04-14 17:19:47 - jcbk_data - INFO - ✓ 记录篮球赔率变化: tcbk_sfc.a1 0.000 -> 0.000 (diff=0.000)
2026-04-14 17:19:47 - jcbk_data - INFO - ✓ 记录篮球赔率变化: tcbk_sfc.a2 0.000 -> 0.000 (diff=0.000)
2026-04-14 17:19:47 - jcbk_data - INFO - ✓ 记录篮球赔率变化: tcbk_sfc.a3 0.000 -> 0.000 (diff=0.000)
2026-04-14 17:19:47 - jcbk_data - INFO - ✓ 记录篮球赔率变化: tcbk_sfc.a4 0.000 -> 0.000 (diff=0.000)
2026-04-14 17:19:47 - jcbk_data - INFO - ✓ 记录篮球赔率变化: tcbk_sfc.a5 0.000 -> 0.000 (diff=0.000)
2026-04-14 17:19:47 - jcbk_data - INFO - ✓ 记录篮球赔率变化: tcbk_sfc.a6 0.000 -> 0.000 (diff=0.000)
2026-04-14 17:19:47 - jcbk_data - INFO - ✓ 记录篮球赔率变化: tcbk_sfc.h1 0.000 -> 0.000 (diff=0.000)
2026-04-14 17:19:47 - jcbk_data - INFO - ✓ 记录篮球赔率变化: tcbk_sfc.h2 0.000 -> 0.000 (diff=0.000)
2026-04-14 17:19:47 - jcbk_data - INFO - ✓ 记录篮球赔率变化: tcbk_sfc.h3 0.000 -> 0.000 (diff=0.000)
2026-04-14 17:19:48 - jcbk_data - INFO - ✓ 记录篮球赔率变化: tcbk_sfc.h4 0.000 -> 0.000 (diff=0.000)
2026-04-14 17:19:48 - jcbk_data - INFO - ✓ 记录篮球赔率变化: tcbk_sfc.h5 0.000 -> 0.000 (diff=0.000)
2026-04-14 17:19:48 - jcbk_data - INFO - ✓ 记录篮球赔率变化: tcbk_sfc.h6 0.000 -> 0.000 (diff=0.000)
2026-04-14 17:19:48 - jcbk_data - INFO - ✓ 记录篮球赔率变化: tcbk_sfc.a1 0.000 -> 0.000 (diff=0.000)
2026-04-14 17:19:48 - jcbk_data - INFO - ✓ 记录篮球赔率变化: tcbk_sfc.a2 0.000 -> 0.000 (diff=0.000)
2026-04-14 17:19:48 - jcbk_data - INFO - ✓ 记录篮球赔率变化: tcbk_sfc.a3 0.000 -> 0.000 (diff=0.000)
2026-04-14 17:19:48 - jcbk_data - INFO - ✓ 记录篮球赔率变化: tcbk_sfc.a4 0.000 -> 0.000 (diff=0.000)
2026-04-14 17:19:48 - jcbk_data - INFO - ✓ 记录篮球赔率变化: tcbk_sfc.a5 0.000 -> 0.000 (diff=0.000)
2026-04-14 17:19:48 - jcbk_data - INFO - ✓ 记录篮球赔率变化: tcbk_sfc.a6 0.000 -> 0.000 (diff=0.000)
2026-04-14 17:19:48 - jcbk_data - INFO - ✓ 记录篮球赔率变化: tcbk_sfc.h1 0.000 -> 0.000 (diff=0.000)
2026-04-14 17:19:48 - jcbk_data - INFO - ✓ 记录篮球赔率变化: tcbk_sfc.h2 0.000 -> 0.000 (diff=0.000)
2026-04-14 17:19:48 - jcbk_data - INFO - ✓ 记录篮球赔率变化: tcbk_sfc.h3 0.000 -> 0.000 (diff=0.000)
2026-04-14 17:19:48 - jcbk_data - INFO - ✓ 记录篮球赔率变化: tcbk_sfc.h4 0.000 -> 0.000 (diff=0.000)
2026-04-14 17:19:48 - jcbk_data - INFO - ✓ 记录篮球赔率变化: tcbk_sfc.h5 0.000 -> 0.000 (diff=0.000)
2026-04-14 17:19:48 - jcbk_data - INFO - ✓ 记录篮球赔率变化: tcbk_sfc.h6 0.000 -> 0.000 (diff=0.000)
2026-04-14 17:19:48 - jcbk_data - INFO - ✓ 记录篮球赔率变化: tcbk_sfc.a1 0.000 -> 0.000 (diff=0.000)
2026-04-14 17:19:48 - jcbk_data - INFO - ✓ 记录篮球赔率变化: tcbk_sfc.a2 0.000 -> 0.000 (diff=0.000)
2026-04-14 17:19:48 - jcbk_data - INFO - ✓ 记录篮球赔率变化: tcbk_sfc.a3 0.000 -> 0.000 (diff=0.000)
2026-04-14 17:19:48 - jcbk_data - INFO - ✓ 记录篮球赔率变化: tcbk_sfc.a4 0.000 -> 0.000 (diff=0.000)
2026-04-14 17:19:48 - jcbk_data - INFO - ✓ 记录篮球赔率变化: tcbk_sfc.a5 0.000 -> 0.000 (diff=0.000)
2026-04-14 17:19:48 - jcbk_data - INFO - ✓ 记录篮球赔率变化: tcbk_sfc.a6 0.000 -> 0.000 (diff=0.000)
2026-04-14 17:19:48 - jcbk_data - INFO - 赔率数据处理完成
2026-04-14 17:21:38 - jcbk_data - INFO - 开始获取篮球比赛数据（带赔率）...
2026-04-14 17:21:39 - jcbk_data - INFO - 成功获取 2 场篮球比赛
2026-04-14 17:21:39 - jcbk_data - INFO - 共提取 6 场实际比赛
2026-04-14 17:21:39 - jcbk_data - INFO - 开始处理比赛数据...
2026-04-14 17:21:39 - jcbk_data - INFO - 比赛数据处理完成
2026-04-14 17:21:39 - jcbk_data - INFO - 开始获取篮球赔率数据...
2026-04-14 17:21:39 - jcbk_data - INFO - 成功获取篮球赔率数据
2026-04-14 17:21:39 - jcbk_data - INFO - 开始处理 1 条赔率数据
2026-04-14 17:21:39 - jcbk_data - INFO - ✓ 记录篮球赔率变化: tcbk_sfc.h1 0.000 -> 0.000 (diff=0.000)
2026-04-14 17:21:39 - jcbk_data - INFO - ✓ 记录篮球赔率变化: tcbk_sfc.h2 0.000 -> 0.000 (diff=0.000)
2026-04-14 17:21:39 - jcbk_data - INFO - ✓ 记录篮球赔率变化: tcbk_sfc.h3 0.000 -> 0.000 (diff=0.000)
2026-04-14 17:21:39 - jcbk_data - INFO - ✓ 记录篮球赔率变化: tcbk_sfc.h4 0.000 -> 0.000 (diff=0.000)
2026-04-14 17:21:39 - jcbk_data - INFO - ✓ 记录篮球赔率变化: tcbk_sfc.h5 0.000 -> 0.000 (diff=0.000)
2026-04-14 17:21:39 - jcbk_data - INFO - ✓ 记录篮球赔率变化: tcbk_sfc.h6 0.000 -> 0.000 (diff=0.000)
2026-04-14 17:21:39 - jcbk_data - INFO - ✓ 记录篮球赔率变化: tcbk_sfc.a1 0.000 -> 0.000 (diff=0.000)
2026-04-14 17:21:39 - jcbk_data - INFO - ✓ 记录篮球赔率变化: tcbk_sfc.a2 0.000 -> 0.000 (diff=0.000)
2026-04-14 17:21:39 - jcbk_data - INFO - ✓ 记录篮球赔率变化: tcbk_sfc.a3 0.000 -> 0.000 (diff=0.000)
2026-04-14 17:21:39 - jcbk_data - INFO - ✓ 记录篮球赔率变化: tcbk_sfc.a4 0.000 -> 0.000 (diff=0.000)
2026-04-14 17:21:40 - jcbk_data - INFO - ✓ 记录篮球赔率变化: tcbk_sfc.a5 0.000 -> 0.000 (diff=0.000)
2026-04-14 17:21:40 - jcbk_data - INFO - ✓ 记录篮球赔率变化: tcbk_sfc.a6 0.000 -> 0.000 (diff=0.000)
2026-04-14 17:21:40 - jcbk_data - INFO - ✓ 记录篮球赔率变化: tcbk_sfc.h1 0.000 -> 0.000 (diff=0.000)
2026-04-14 17:21:40 - jcbk_data - INFO - ✓ 记录篮球赔率变化: tcbk_sfc.h2 0.000 -> 0.000 (diff=0.000)
2026-04-14 17:21:40 - jcbk_data - INFO - ✓ 记录篮球赔率变化: tcbk_sfc.h3 0.000 -> 0.000 (diff=0.000)
2026-04-14 17:21:40 - jcbk_data - INFO - ✓ 记录篮球赔率变化: tcbk_sfc.h4 0.000 -> 0.000 (diff=0.000)
2026-04-14 17:21:40 - jcbk_data - INFO - ✓ 记录篮球赔率变化: tcbk_sfc.h5 0.000 -> 0.000 (diff=0.000)
2026-04-14 17:21:40 - jcbk_data - INFO - ✓ 记录篮球赔率变化: tcbk_sfc.h6 0.000 -> 0.000 (diff=0.000)
2026-04-14 17:21:40 - jcbk_data - INFO - ✓ 记录篮球赔率变化: tcbk_sfc.a1 0.000 -> 0.000 (diff=0.000)
2026-04-14 17:21:40 - jcbk_data - INFO - ✓ 记录篮球赔率变化: tcbk_sfc.a2 0.000 -> 0.000 (diff=0.000)
2026-04-14 17:21:40 - jcbk_data - INFO - ✓ 记录篮球赔率变化: tcbk_sfc.a3 0.000 -> 0.000 (diff=0.000)
2026-04-14 17:21:40 - jcbk_data - INFO - ✓ 记录篮球赔率变化: tcbk_sfc.a4 0.000 -> 0.000 (diff=0.000)
2026-04-14 17:21:40 - jcbk_data - INFO - ✓ 记录篮球赔率变化: tcbk_sfc.a5 0.000 -> 0.000 (diff=0.000)
2026-04-14 17:21:40 - jcbk_data - INFO - ✓ 记录篮球赔率变化: tcbk_sfc.a6 0.000 -> 0.000 (diff=0.000)
2026-04-14 17:21:40 - jcbk_data - INFO - ✓ 记录篮球赔率变化: tcbk_sfc.h1 0.000 -> 0.000 (diff=0.000)
2026-04-14 17:21:40 - jcbk_data - INFO - ✓ 记录篮球赔率变化: tcbk_sfc.h2 0.000 -> 0.000 (diff=0.000)
2026-04-14 17:21:40 - jcbk_data - INFO - ✓ 记录篮球赔率变化: tcbk_sfc.h3 0.000 -> 0.000 (diff=0.000)
2026-04-14 17:21:40 - jcbk_data - INFO - ✓ 记录篮球赔率变化: tcbk_sfc.h4 0.000 -> 0.000 (diff=0.000)
2026-04-14 17:21:40 - jcbk_data - INFO - ✓ 记录篮球赔率变化: tcbk_sfc.h5 0.000 -> 0.000 (diff=0.000)
2026-04-14 17:21:40 - jcbk_data - INFO - ✓ 记录篮球赔率变化: tcbk_sfc.h6 0.000 -> 0.000 (diff=0.000)
2026-04-14 17:21:40 - jcbk_data - INFO - ✓ 记录篮球赔率变化: tcbk_sfc.a1 0.000 -> 0.000 (diff=0.000)
2026-04-14 17:21:40 - jcbk_data - INFO - ✓ 记录篮球赔率变化: tcbk_sfc.a2 0.000 -> 0.000 (diff=0.000)
2026-04-14 17:21:40 - jcbk_data - INFO - ✓ 记录篮球赔率变化: tcbk_sfc.a3 0.000 -> 0.000 (diff=0.000)
2026-04-14 17:21:40 - jcbk_data - INFO - ✓ 记录篮球赔率变化: tcbk_sfc.a4 0.000 -> 0.000 (diff=0.000)
2026-04-14 17:21:40 - jcbk_data - INFO - ✓ 记录篮球赔率变化: tcbk_sfc.a5 0.000 -> 0.000 (diff=0.000)
2026-04-14 17:21:40 - jcbk_data - INFO - ✓ 记录篮球赔率变化: tcbk_sfc.a6 0.000 -> 0.000 (diff=0.000)
2026-04-14 17:21:40 - jcbk_data - INFO - ✓ 记录篮球赔率变化: tcbk_sfc.h1 0.000 -> 0.000 (diff=0.000)
2026-04-14 17:21:40 - jcbk_data - INFO - ✓ 记录篮球赔率变化: tcbk_sfc.h2 0.000 -> 0.000 (diff=0.000)
2026-04-14 17:21:40 - jcbk_data - INFO - ✓ 记录篮球赔率变化: tcbk_sfc.h3 0.000 -> 0.000 (diff=0.000)
2026-04-14 17:21:40 - jcbk_data - INFO - ✓ 记录篮球赔率变化: tcbk_sfc.h4 0.000 -> 0.000 (diff=0.000)
2026-04-14 17:21:40 - jcbk_data - INFO - ✓ 记录篮球赔率变化: tcbk_sfc.h5 0.000 -> 0.000 (diff=0.000)
2026-04-14 17:21:40 - jcbk_data - INFO - ✓ 记录篮球赔率变化: tcbk_sfc.h6 0.000 -> 0.000 (diff=0.000)
2026-04-14 17:21:40 - jcbk_data - INFO - ✓ 记录篮球赔率变化: tcbk_sfc.a1 0.000 -> 0.000 (diff=0.000)
2026-04-14 17:21:40 - jcbk_data - INFO - ✓ 记录篮球赔率变化: tcbk_sfc.a2 0.000 -> 0.000 (diff=0.000)
2026-04-14 17:21:40 - jcbk_data - INFO - ✓ 记录篮球赔率变化: tcbk_sfc.a3 0.000 -> 0.000 (diff=0.000)
2026-04-14 17:21:40 - jcbk_data - INFO - ✓ 记录篮球赔率变化: tcbk_sfc.a4 0.000 -> 0.000 (diff=0.000)
2026-04-14 17:21:40 - jcbk_data - INFO - ✓ 记录篮球赔率变化: tcbk_sfc.a5 0.000 -> 0.000 (diff=0.000)
2026-04-14 17:21:40 - jcbk_data - INFO - ✓ 记录篮球赔率变化: tcbk_sfc.a6 0.000 -> 0.000 (diff=0.000)
2026-04-14 17:21:41 - jcbk_data - INFO - 赔率数据处理完成
2026-04-14 17:22:55 - jcbk_data - INFO - 开始获取篮球比赛数据（带赔率）...
2026-04-14 17:22:55 - jcbk_data - INFO - 成功获取 2 场篮球比赛
2026-04-14 17:22:55 - jcbk_data - INFO - 共提取 6 场实际比赛
2026-04-14 17:22:55 - jcbk_data - INFO - 开始处理比赛数据...
2026-04-14 17:22:56 - jcbk_data - INFO - 比赛数据处理完成
2026-04-14 17:22:56 - jcbk_data - INFO - 开始获取篮球赔率数据...
2026-04-14 17:22:56 - jcbk_data - INFO - 成功获取篮球赔率数据
2026-04-14 17:22:56 - jcbk_data - INFO - 开始处理 1 条赔率数据
2026-04-14 17:22:56 - jcbk_data - INFO - ✓ 记录篮球赔率变化: tcbk_sfc.h1 0.000 -> 0.000 (diff=0.000)
2026-04-14 17:22:56 - jcbk_data - INFO - ✓ 记录篮球赔率变化: tcbk_sfc.h2 0.000 -> 0.000 (diff=0.000)
2026-04-14 17:22:56 - jcbk_data - INFO - ✓ 记录篮球赔率变化: tcbk_sfc.h3 0.000 -> 0.000 (diff=0.000)
2026-04-14 17:22:56 - jcbk_data - INFO - ✓ 记录篮球赔率变化: tcbk_sfc.h4 0.000 -> 0.000 (diff=0.000)
2026-04-14 17:22:56 - jcbk_data - INFO - ✓ 记录篮球赔率变化: tcbk_sfc.h5 0.000 -> 0.000 (diff=0.000)
2026-04-14 17:22:56 - jcbk_data - INFO - ✓ 记录篮球赔率变化: tcbk_sfc.h6 0.000 -> 0.000 (diff=0.000)
2026-04-14 17:22:56 - jcbk_data - INFO - ✓ 记录篮球赔率变化: tcbk_sfc.a1 0.000 -> 0.000 (diff=0.000)
2026-04-14 17:22:56 - jcbk_data - INFO - ✓ 记录篮球赔率变化: tcbk_sfc.a2 0.000 -> 0.000 (diff=0.000)
2026-04-14 17:22:56 - jcbk_data - INFO - ✓ 记录篮球赔率变化: tcbk_sfc.a3 0.000 -> 0.000 (diff=0.000)
2026-04-14 17:22:56 - jcbk_data - INFO - ✓ 记录篮球赔率变化: tcbk_sfc.a4 0.000 -> 0.000 (diff=0.000)
2026-04-14 17:22:56 - jcbk_data - INFO - ✓ 记录篮球赔率变化: tcbk_sfc.a5 0.000 -> 0.000 (diff=0.000)
2026-04-14 17:22:56 - jcbk_data - INFO - ✓ 记录篮球赔率变化: tcbk_sfc.a6 0.000 -> 0.000 (diff=0.000)
2026-04-14 17:22:56 - jcbk_data - INFO - ✓ 记录篮球赔率变化: tcbk_sfc.h1 0.000 -> 0.000 (diff=0.000)
2026-04-14 17:22:56 - jcbk_data - INFO - ✓ 记录篮球赔率变化: tcbk_sfc.h2 0.000 -> 0.000 (diff=0.000)
2026-04-14 17:22:56 - jcbk_data - INFO - ✓ 记录篮球赔率变化: tcbk_sfc.h3 0.000 -> 0.000 (diff=0.000)
2026-04-14 17:22:56 - jcbk_data - INFO - ✓ 记录篮球赔率变化: tcbk_sfc.h4 0.000 -> 0.000 (diff=0.000)
2026-04-14 17:22:56 - jcbk_data - INFO - ✓ 记录篮球赔率变化: tcbk_sfc.h5 0.000 -> 0.000 (diff=0.000)
2026-04-14 17:22:56 - jcbk_data - INFO - ✓ 记录篮球赔率变化: tcbk_sfc.h6 0.000 -> 0.000 (diff=0.000)
2026-04-14 17:22:56 - jcbk_data - INFO - ✓ 记录篮球赔率变化: tcbk_sfc.a1 0.000 -> 0.000 (diff=0.000)
2026-04-14 17:22:56 - jcbk_data - INFO - ✓ 记录篮球赔率变化: tcbk_sfc.a2 0.000 -> 0.000 (diff=0.000)
2026-04-14 17:22:56 - jcbk_data - INFO - ✓ 记录篮球赔率变化: tcbk_sfc.a3 0.000 -> 0.000 (diff=0.000)
2026-04-14 17:22:56 - jcbk_data - INFO - ✓ 记录篮球赔率变化: tcbk_sfc.a4 0.000 -> 0.000 (diff=0.000)
2026-04-14 17:22:56 - jcbk_data - INFO - ✓ 记录篮球赔率变化: tcbk_sfc.a5 0.000 -> 0.000 (diff=0.000)
2026-04-14 17:22:56 - jcbk_data - INFO - ✓ 记录篮球赔率变化: tcbk_sfc.a6 0.000 -> 0.000 (diff=0.000)
2026-04-14 17:22:56 - jcbk_data - INFO - ✓ 记录篮球赔率变化: tcbk_sfc.h1 0.000 -> 0.000 (diff=0.000)
2026-04-14 17:22:56 - jcbk_data - INFO - ✓ 记录篮球赔率变化: tcbk_sfc.h2 0.000 -> 0.000 (diff=0.000)
2026-04-14 17:22:56 - jcbk_data - INFO - ✓ 记录篮球赔率变化: tcbk_sfc.h3 0.000 -> 0.000 (diff=0.000)
2026-04-14 17:22:56 - jcbk_data - INFO - ✓ 记录篮球赔率变化: tcbk_sfc.h4 0.000 -> 0.000 (diff=0.000)
2026-04-14 17:22:56 - jcbk_data - INFO - ✓ 记录篮球赔率变化: tcbk_sfc.h5 0.000 -> 0.000 (diff=0.000)
2026-04-14 17:22:56 - jcbk_data - INFO - ✓ 记录篮球赔率变化: tcbk_sfc.h6 0.000 -> 0.000 (diff=0.000)
2026-04-14 17:22:56 - jcbk_data - INFO - ✓ 记录篮球赔率变化: tcbk_sfc.a1 0.000 -> 0.000 (diff=0.000)
2026-04-14 17:22:56 - jcbk_data - INFO - ✓ 记录篮球赔率变化: tcbk_sfc.a2 0.000 -> 0.000 (diff=0.000)
2026-04-14 17:22:56 - jcbk_data - INFO - ✓ 记录篮球赔率变化: tcbk_sfc.a3 0.000 -> 0.000 (diff=0.000)
2026-04-14 17:22:56 - jcbk_data - INFO - ✓ 记录篮球赔率变化: tcbk_sfc.a4 0.000 -> 0.000 (diff=0.000)
2026-04-14 17:22:56 - jcbk_data - INFO - ✓ 记录篮球赔率变化: tcbk_sfc.a5 0.000 -> 0.000 (diff=0.000)
2026-04-14 17:22:56 - jcbk_data - INFO - ✓ 记录篮球赔率变化: tcbk_sfc.a6 0.000 -> 0.000 (diff=0.000)
2026-04-14 17:22:56 - jcbk_data - INFO - ✓ 记录篮球赔率变化: tcbk_sfc.h1 0.000 -> 0.000 (diff=0.000)
2026-04-14 17:22:56 - jcbk_data - INFO - ✓ 记录篮球赔率变化: tcbk_sfc.h2 0.000 -> 0.000 (diff=0.000)
2026-04-14 17:22:56 - jcbk_data - INFO - ✓ 记录篮球赔率变化: tcbk_sfc.h3 0.000 -> 0.000 (diff=0.000)
2026-04-14 17:22:57 - jcbk_data - INFO - ✓ 记录篮球赔率变化: tcbk_sfc.h4 0.000 -> 0.000 (diff=0.000)
2026-04-14 17:22:57 - jcbk_data - INFO - ✓ 记录篮球赔率变化: tcbk_sfc.h5 0.000 -> 0.000 (diff=0.000)
2026-04-14 17:22:57 - jcbk_data - INFO - ✓ 记录篮球赔率变化: tcbk_sfc.h6 0.000 -> 0.000 (diff=0.000)
2026-04-14 17:22:57 - jcbk_data - INFO - ✓ 记录篮球赔率变化: tcbk_sfc.a1 0.000 -> 0.000 (diff=0.000)
2026-04-14 17:22:57 - jcbk_data - INFO - ✓ 记录篮球赔率变化: tcbk_sfc.a2 0.000 -> 0.000 (diff=0.000)
2026-04-14 17:22:57 - jcbk_data - INFO - ✓ 记录篮球赔率变化: tcbk_sfc.a3 0.000 -> 0.000 (diff=0.000)
2026-04-14 17:22:57 - jcbk_data - INFO - ✓ 记录篮球赔率变化: tcbk_sfc.a4 0.000 -> 0.000 (diff=0.000)
2026-04-14 17:22:57 - jcbk_data - INFO - ✓ 记录篮球赔率变化: tcbk_sfc.a5 0.000 -> 0.000 (diff=0.000)
2026-04-14 17:22:57 - jcbk_data - INFO - ✓ 记录篮球赔率变化: tcbk_sfc.a6 0.000 -> 0.000 (diff=0.000)
2026-04-14 17:22:57 - jcbk_data - INFO - 赔率数据处理完成
2026-04-14 17:23:40 - jcbk_data - INFO - 开始获取篮球比赛数据（带赔率）...
2026-04-14 17:23:40 - jcbk_data - INFO - 成功获取 2 场篮球比赛
2026-04-14 17:23:40 - jcbk_data - INFO - 共提取 6 场实际比赛
2026-04-14 17:23:40 - jcbk_data - INFO - 开始处理比赛数据...
2026-04-14 17:23:41 - jcbk_data - INFO - 新增联赛：德国篮球联赛
2026-04-14 17:23:41 - jcbk_data - INFO - 新增联赛：美国职业篮球联盟
2026-04-14 17:23:41 - jcbk_data - INFO - 比赛数据处理完成
2026-04-14 17:23:41 - jcbk_data - INFO - 开始获取篮球赔率数据...
2026-04-14 17:23:41 - jcbk_data - INFO - 成功获取篮球赔率数据
2026-04-14 17:23:41 - jcbk_data - INFO - 开始处理 1 条赔率数据
2026-04-14 17:23:41 - jcbk_data - INFO - ✓ 记录篮球赔率变化: tcbk_sfc.h1 0.000 -> 0.000 (diff=0.000)
2026-04-14 17:23:41 - jcbk_data - INFO - ✓ 记录篮球赔率变化: tcbk_sfc.h2 0.000 -> 0.000 (diff=0.000)
2026-04-14 17:23:41 - jcbk_data - INFO - ✓ 记录篮球赔率变化: tcbk_sfc.h3 0.000 -> 0.000 (diff=0.000)
2026-04-14 17:23:41 - jcbk_data - INFO - ✓ 记录篮球赔率变化: tcbk_sfc.h4 0.000 -> 0.000 (diff=0.000)
2026-04-14 17:23:41 - jcbk_data - INFO - ✓ 记录篮球赔率变化: tcbk_sfc.h5 0.000 -> 0.000 (diff=0.000)
2026-04-14 17:23:41 - jcbk_data - INFO - ✓ 记录篮球赔率变化: tcbk_sfc.h6 0.000 -> 0.000 (diff=0.000)
2026-04-14 17:23:41 - jcbk_data - INFO - ✓ 记录篮球赔率变化: tcbk_sfc.a1 0.000 -> 0.000 (diff=0.000)
2026-04-14 17:23:41 - jcbk_data - INFO - ✓ 记录篮球赔率变化: tcbk_sfc.a2 0.000 -> 0.000 (diff=0.000)
2026-04-14 17:23:41 - jcbk_data - INFO - ✓ 记录篮球赔率变化: tcbk_sfc.a3 0.000 -> 0.000 (diff=0.000)
2026-04-14 17:23:41 - jcbk_data - INFO - ✓ 记录篮球赔率变化: tcbk_sfc.a4 0.000 -> 0.000 (diff=0.000)
2026-04-14 17:23:41 - jcbk_data - INFO - ✓ 记录篮球赔率变化: tcbk_sfc.a5 0.000 -> 0.000 (diff=0.000)
2026-04-14 17:23:41 - jcbk_data - INFO - ✓ 记录篮球赔率变化: tcbk_sfc.a6 0.000 -> 0.000 (diff=0.000)
2026-04-14 17:23:41 - jcbk_data - INFO - ✓ 记录篮球赔率变化: tcbk_sfc.h1 0.000 -> 0.000 (diff=0.000)
2026-04-14 17:23:41 - jcbk_data - INFO - ✓ 记录篮球赔率变化: tcbk_sfc.h2 0.000 -> 0.000 (diff=0.000)
2026-04-14 17:23:41 - jcbk_data - INFO - ✓ 记录篮球赔率变化: tcbk_sfc.h3 0.000 -> 0.000 (diff=0.000)
2026-04-14 17:23:41 - jcbk_data - INFO - ✓ 记录篮球赔率变化: tcbk_sfc.h4 0.000 -> 0.000 (diff=0.000)
2026-04-14 17:23:41 - jcbk_data - INFO - ✓ 记录篮球赔率变化: tcbk_sfc.h5 0.000 -> 0.000 (diff=0.000)
2026-04-14 17:23:41 - jcbk_data - INFO - ✓ 记录篮球赔率变化: tcbk_sfc.h6 0.000 -> 0.000 (diff=0.000)
2026-04-14 17:23:41 - jcbk_data - INFO - ✓ 记录篮球赔率变化: tcbk_sfc.a1 0.000 -> 0.000 (diff=0.000)
2026-04-14 17:23:41 - jcbk_data - INFO - ✓ 记录篮球赔率变化: tcbk_sfc.a2 0.000 -> 0.000 (diff=0.000)
2026-04-14 17:23:41 - jcbk_data - INFO - ✓ 记录篮球赔率变化: tcbk_sfc.a3 0.000 -> 0.000 (diff=0.000)
2026-04-14 17:23:41 - jcbk_data - INFO - ✓ 记录篮球赔率变化: tcbk_sfc.a4 0.000 -> 0.000 (diff=0.000)
2026-04-14 17:23:41 - jcbk_data - INFO - ✓ 记录篮球赔率变化: tcbk_sfc.a5 0.000 -> 0.000 (diff=0.000)
2026-04-14 17:23:41 - jcbk_data - INFO - ✓ 记录篮球赔率变化: tcbk_sfc.a6 0.000 -> 0.000 (diff=0.000)
2026-04-14 17:23:41 - jcbk_data - INFO - ✓ 记录篮球赔率变化: tcbk_sfc.h1 0.000 -> 0.000 (diff=0.000)
2026-04-14 17:23:41 - jcbk_data - INFO - ✓ 记录篮球赔率变化: tcbk_sfc.h2 0.000 -> 0.000 (diff=0.000)
2026-04-14 17:23:41 - jcbk_data - INFO - ✓ 记录篮球赔率变化: tcbk_sfc.h3 0.000 -> 0.000 (diff=0.000)
2026-04-14 17:23:41 - jcbk_data - INFO - ✓ 记录篮球赔率变化: tcbk_sfc.h4 0.000 -> 0.000 (diff=0.000)
2026-04-14 17:23:41 - jcbk_data - INFO - ✓ 记录篮球赔率变化: tcbk_sfc.h5 0.000 -> 0.000 (diff=0.000)
2026-04-14 17:23:41 - jcbk_data - INFO - ✓ 记录篮球赔率变化: tcbk_sfc.h6 0.000 -> 0.000 (diff=0.000)
2026-04-14 17:23:41 - jcbk_data - INFO - ✓ 记录篮球赔率变化: tcbk_sfc.a1 0.000 -> 0.000 (diff=0.000)
2026-04-14 17:23:41 - jcbk_data - INFO - ✓ 记录篮球赔率变化: tcbk_sfc.a2 0.000 -> 0.000 (diff=0.000)
2026-04-14 17:23:41 - jcbk_data - INFO - ✓ 记录篮球赔率变化: tcbk_sfc.a3 0.000 -> 0.000 (diff=0.000)
2026-04-14 17:23:41 - jcbk_data - INFO - ✓ 记录篮球赔率变化: tcbk_sfc.a4 0.000 -> 0.000 (diff=0.000)
2026-04-14 17:23:41 - jcbk_data - INFO - ✓ 记录篮球赔率变化: tcbk_sfc.a5 0.000 -> 0.000 (diff=0.000)
2026-04-14 17:23:41 - jcbk_data - INFO - ✓ 记录篮球赔率变化: tcbk_sfc.a6 0.000 -> 0.000 (diff=0.000)
2026-04-14 17:23:42 - jcbk_data - INFO - ✓ 记录篮球赔率变化: tcbk_sfc.h1 0.000 -> 0.000 (diff=0.000)
2026-04-14 17:23:42 - jcbk_data - INFO - ✓ 记录篮球赔率变化: tcbk_sfc.h2 0.000 -> 0.000 (diff=0.000)
2026-04-14 17:23:42 - jcbk_data - INFO - ✓ 记录篮球赔率变化: tcbk_sfc.h3 0.000 -> 0.000 (diff=0.000)
2026-04-14 17:23:42 - jcbk_data - INFO - ✓ 记录篮球赔率变化: tcbk_sfc.h4 0.000 -> 0.000 (diff=0.000)
2026-04-14 17:23:42 - jcbk_data - INFO - ✓ 记录篮球赔率变化: tcbk_sfc.h5 0.000 -> 0.000 (diff=0.000)
2026-04-14 17:23:42 - jcbk_data - INFO - ✓ 记录篮球赔率变化: tcbk_sfc.h6 0.000 -> 0.000 (diff=0.000)
2026-04-14 17:23:42 - jcbk_data - INFO - ✓ 记录篮球赔率变化: tcbk_sfc.a1 0.000 -> 0.000 (diff=0.000)
2026-04-14 17:23:42 - jcbk_data - INFO - ✓ 记录篮球赔率变化: tcbk_sfc.a2 0.000 -> 0.000 (diff=0.000)
2026-04-14 17:23:42 - jcbk_data - INFO - ✓ 记录篮球赔率变化: tcbk_sfc.a3 0.000 -> 0.000 (diff=0.000)
2026-04-14 17:23:42 - jcbk_data - INFO - ✓ 记录篮球赔率变化: tcbk_sfc.a4 0.000 -> 0.000 (diff=0.000)
2026-04-14 17:23:42 - jcbk_data - INFO - ✓ 记录篮球赔率变化: tcbk_sfc.a5 0.000 -> 0.000 (diff=0.000)
2026-04-14 17:23:42 - jcbk_data - INFO - ✓ 记录篮球赔率变化: tcbk_sfc.a6 0.000 -> 0.000 (diff=0.000)
2026-04-14 17:23:42 - jcbk_data - INFO - 赔率数据处理完成
2026-04-14 17:50:50 - jcbk_data - INFO - 开始获取篮球比赛数据（带赔率）...
2026-04-14 17:50:50 - jcbk_data - INFO - 成功获取 2 场篮球比赛
2026-04-14 17:50:50 - jcbk_data - INFO - 共提取 6 场实际比赛
2026-04-14 17:50:50 - jcbk_data - INFO - 开始处理比赛数据...
2026-04-14 17:50:51 - jcbk_data - INFO - 比赛数据处理完成
2026-04-14 17:50:51 - jcbk_data - INFO - 开始获取篮球赔率数据...
2026-04-14 17:50:51 - jcbk_data - INFO - 成功获取篮球赔率数据
2026-04-14 17:50:51 - jcbk_data - INFO - 开始处理 1 条赔率数据
2026-04-14 17:50:51 - jcbk_data - INFO - ✓ 记录篮球赔率变化: tcbk_spf.a 2.340 -> 2.480 (diff=0.140)
2026-04-14 17:50:51 - jcbk_data - INFO - ✓ 记录篮球赔率变化: tcbk_rfsf.a 1.810 -> 1.750 (diff=0.060)
2026-04-14 17:50:51 - jcbk_data - INFO - ✓ 记录篮球赔率变化: tcbk_spf.a 2.250 -> 2.340 (diff=0.090)
2026-04-14 17:50:51 - jcbk_data - INFO - 赔率数据处理完成
2026-04-15 05:14:04 - jcbk_data - INFO - 开始获取并保存竞彩篮球比赛结果...
2026-04-15 05:14:04 - jcbk_data - INFO - 开始获取竞彩篮球比赛结果...
2026-04-15 05:14:05 - jcbk_data - INFO - 成功获取 82 条比赛结果
2026-04-15 05:14:05 - jcbk_data - INFO - 成功获取 82 条比赛结果
2026-04-15 05:14:07 - jcbk_data - INFO - 成功保存 82 条赛果记录
2026-04-15 05:14:42 - jcbk_data - INFO - 开始获取并保存竞彩篮球比赛结果...
2026-04-15 05:14:42 - jcbk_data - INFO - 开始获取竞彩篮球比赛结果...
2026-04-15 05:14:42 - jcbk_data - INFO - 成功获取 82 条比赛结果
2026-04-15 05:14:42 - jcbk_data - INFO - 成功获取 82 条比赛结果
2026-04-15 05:14:44 - jcbk_data - INFO - 成功保存 82 条赛果记录
2026-04-15 05:17:43 - jcbk_data - INFO - 开始获取并保存竞彩篮球比赛结果...
2026-04-15 05:17:43 - jcbk_data - INFO - 开始获取竞彩篮球比赛结果...
2026-04-15 05:17:43 - jcbk_data - INFO - 成功获取 82 条比赛结果
2026-04-15 05:17:43 - jcbk_data - INFO - 成功获取 82 条比赛结果
2026-04-15 05:17:43 - jcbk_data - INFO - 成功保存 82 条赛果记录
2026-04-15 05:19:36 - jcbk_data - INFO - 开始获取并保存竞彩篮球比赛结果...
2026-04-15 05:19:36 - jcbk_data - INFO - 开始获取竞彩篮球比赛结果...
2026-04-15 05:19:37 - jcbk_data - INFO - 成功获取 82 条比赛结果
2026-04-15 05:19:37 - jcbk_data - INFO - 成功获取 82 条比赛结果
2026-04-15 05:19:38 - jcbk_data - INFO - 成功保存 82 条赛果记录
2026-04-15 17:25:55 - jcbk_data - INFO - 开始获取篮球比赛数据（带赔率）...
2026-04-15 17:25:55 - jcbk_data - INFO - 成功获取 2 场篮球比赛
2026-04-15 17:25:55 - jcbk_data - INFO - 共提取 6 场实际比赛
2026-04-15 17:25:55 - jcbk_data - INFO - 开始处理比赛数据...
2026-04-15 17:25:56 - jcbk_data - INFO - 新增联赛：欧洲篮球联赛
2026-04-15 17:25:56 - jcbk_data - INFO - 比赛数据处理完成
2026-04-15 17:25:56 - jcbk_data - INFO - 开始获取篮球赔率数据...
2026-04-15 17:25:56 - jcbk_data - INFO - 成功获取篮球赔率数据
2026-04-15 17:25:56 - jcbk_data - INFO - 开始处理 1 条赔率数据
2026-04-15 17:25:56 - jcbk_data - INFO - 赔率数据处理完成
2026-04-15 17:25:56 - jcbk_data - INFO - 开始获取并保存竞彩篮球比赛结果...
2026-04-15 17:25:56 - jcbk_data - INFO - 开始获取竞彩篮球比赛结果...
2026-04-15 17:25:56 - jcbk_data - INFO - 找到 10 场需要获取赛果的比赛
2026-04-15 17:25:56 - jcbk_data - INFO - 有效比赛数: 10
2026-04-15 17:25:56 - jcbk_data - INFO - 赛果时间范围: 2026-04-15 到 2026-04-17
2026-04-15 17:25:57 - jcbk_data - INFO - 成功获取 4 条比赛结果
2026-04-15 17:25:57 - jcbk_data - INFO - 成功获取 4 条比赛结果
2026-04-15 17:25:57 - jcbk_data - INFO - ✅ 保存赛果成功: 太阳 vs 开拓者, 比分: 114-110
2026-04-15 17:25:57 - jcbk_data - INFO - ✅ 保存赛果成功: 黄蜂 vs 热火, 比分: 126-127
2026-04-15 17:25:57 - jcbk_data - INFO - ✅ 保存赛果成功: 拜仁 vs 路德维希, 比分: 59-93
2026-04-15 17:25:57 - jcbk_data - INFO - ✅ 保存赛果成功: 耶拿 vs 不伦瑞克, 比分: 93-82
2026-04-15 17:25:57 - jcbk_data - INFO - 赛果统计 - 总数: 4, 匹配: 4, 未匹配: 0, 保存: 4
2026-04-15 17:25:57 - jcbk_data - INFO - 成功保存 4 条赛果记录
2026-04-15 17:26:13 - jcbk_data - INFO - 开始获取篮球比赛数据（带赔率）...
2026-04-15 17:26:13 - jcbk_data - INFO - 成功获取 2 场篮球比赛
2026-04-15 17:26:13 - jcbk_data - INFO - 共提取 6 场实际比赛
2026-04-15 17:26:13 - jcbk_data - INFO - 开始处理比赛数据...
2026-04-15 17:26:13 - jcbk_data - INFO - 比赛数据处理完成
2026-04-15 17:26:13 - jcbk_data - INFO - 开始获取篮球赔率数据...
2026-04-15 17:26:13 - jcbk_data - INFO - 成功获取篮球赔率数据
2026-04-15 17:26:13 - jcbk_data - INFO - 开始处理 1 条赔率数据
2026-04-15 17:26:13 - jcbk_data - INFO - 赔率数据处理完成
2026-04-15 17:26:13 - jcbk_data - INFO - 开始获取并保存竞彩篮球比赛结果...
2026-04-15 17:26:13 - jcbk_data - INFO - 开始获取竞彩篮球比赛结果...
2026-04-15 17:26:13 - jcbk_data - INFO - 找到 10 场需要获取赛果的比赛
2026-04-15 17:26:13 - jcbk_data - INFO - 有效比赛数: 10
2026-04-15 17:26:13 - jcbk_data - INFO - 赛果时间范围: 2026-04-15 到 2026-04-17
2026-04-15 17:26:14 - jcbk_data - INFO - 成功获取 4 条比赛结果
2026-04-15 17:26:14 - jcbk_data - INFO - 成功获取 4 条比赛结果
2026-04-15 17:26:14 - jcbk_data - INFO - ✅ 保存赛果成功: 太阳 vs 开拓者, 比分: 114-110
2026-04-15 17:26:14 - jcbk_data - INFO - ✅ 保存赛果成功: 黄蜂 vs 热火, 比分: 126-127
2026-04-15 17:26:14 - jcbk_data - INFO - ✅ 保存赛果成功: 拜仁 vs 路德维希, 比分: 59-93
2026-04-15 17:26:14 - jcbk_data - INFO - ✅ 保存赛果成功: 耶拿 vs 不伦瑞克, 比分: 93-82
2026-04-15 17:26:14 - jcbk_data - INFO - 赛果统计 - 总数: 4, 匹配: 4, 未匹配: 0, 保存: 4
2026-04-15 17:26:14 - jcbk_data - INFO - 成功保存 4 条赛果记录
2026-04-15 17:30:32 - jcbk_data - INFO - 开始获取篮球比赛数据（带赔率）...
2026-04-15 17:30:32 - jcbk_data - INFO - 成功获取 2 场篮球比赛
2026-04-15 17:30:32 - jcbk_data - INFO - 共提取 6 场实际比赛
2026-04-15 17:30:32 - jcbk_data - INFO - 开始处理比赛数据...
2026-04-15 17:30:33 - jcbk_data - INFO - 比赛数据处理完成
2026-04-15 17:30:33 - jcbk_data - INFO - 开始获取篮球赔率数据...
2026-04-15 17:30:33 - jcbk_data - INFO - 成功获取篮球赔率数据
2026-04-15 17:30:33 - jcbk_data - INFO - 开始处理 1 条赔率数据
2026-04-15 17:30:33 - jcbk_data - INFO - 赔率数据处理完成
2026-04-15 17:30:33 - jcbk_data - INFO - 开始获取并保存竞彩篮球比赛结果...
2026-04-15 17:30:33 - jcbk_data - INFO - 开始获取竞彩篮球比赛结果...
2026-04-15 17:30:33 - jcbk_data - INFO - 找到 10 场需要获取赛果的比赛
2026-04-15 17:30:33 - jcbk_data - INFO - 有效比赛数: 10
2026-04-15 17:30:33 - jcbk_data - INFO - 赛果时间范围: 2026-04-15 到 2026-04-17
2026-04-15 17:30:33 - jcbk_data - INFO - 成功获取 4 条比赛结果
2026-04-15 17:30:33 - jcbk_data - INFO - 成功获取 4 条比赛结果
2026-04-15 17:30:33 - jcbk_data - INFO - ✅ 保存赛果成功: 太阳 vs 开拓者, 比分: 114-110
2026-04-15 17:30:33 - jcbk_data - INFO - ✅ 保存赛果成功: 黄蜂 vs 热火, 比分: 126-127
2026-04-15 17:30:33 - jcbk_data - INFO - ✅ 保存赛果成功: 拜仁 vs 路德维希, 比分: 59-93
2026-04-15 17:30:33 - jcbk_data - INFO - ✅ 保存赛果成功: 耶拿 vs 不伦瑞克, 比分: 93-82
2026-04-15 17:30:33 - jcbk_data - INFO - 赛果统计 - 总数: 4, 匹配: 4, 未匹配: 0, 保存: 4
2026-04-15 17:30:33 - jcbk_data - INFO - 成功保存 4 条赛果记录
2026-04-15 17:30:47 - jcbk_data - INFO - 开始获取篮球比赛数据（带赔率）...
2026-04-15 17:30:48 - jcbk_data - INFO - 成功获取 2 场篮球比赛
2026-04-15 17:30:48 - jcbk_data - INFO - 共提取 6 场实际比赛
2026-04-15 17:30:48 - jcbk_data - INFO - 开始处理比赛数据...
2026-04-15 17:30:48 - jcbk_data - INFO - 比赛数据处理完成
2026-04-15 17:30:48 - jcbk_data - INFO - 开始获取篮球赔率数据...
2026-04-15 17:30:48 - jcbk_data - INFO - 成功获取篮球赔率数据
2026-04-15 17:30:48 - jcbk_data - INFO - 开始处理 1 条赔率数据
2026-04-15 17:30:48 - jcbk_data - INFO - 赔率数据处理完成
2026-04-15 17:30:48 - jcbk_data - INFO - 开始获取并保存竞彩篮球比赛结果...
2026-04-15 17:30:48 - jcbk_data - INFO - 开始获取竞彩篮球比赛结果...
2026-04-15 17:30:48 - jcbk_data - INFO - 找到 10 场需要获取赛果的比赛
2026-04-15 17:30:48 - jcbk_data - INFO - 有效比赛数: 10
2026-04-15 17:30:48 - jcbk_data - INFO - 赛果时间范围: 2026-04-15 到 2026-04-17
2026-04-15 17:30:48 - jcbk_data - INFO - 成功获取 4 条比赛结果
2026-04-15 17:30:48 - jcbk_data - INFO - 成功获取 4 条比赛结果
2026-04-15 17:30:48 - jcbk_data - INFO - ✅ 保存赛果成功: 太阳 vs 开拓者, 比分: 114-110
2026-04-15 17:30:48 - jcbk_data - INFO - ✅ 保存赛果成功: 黄蜂 vs 热火, 比分: 126-127
2026-04-15 17:30:48 - jcbk_data - INFO - ✅ 保存赛果成功: 拜仁 vs 路德维希, 比分: 59-93
2026-04-15 17:30:48 - jcbk_data - INFO - ✅ 保存赛果成功: 耶拿 vs 不伦瑞克, 比分: 93-82
2026-04-15 17:30:48 - jcbk_data - INFO - 赛果统计 - 总数: 4, 匹配: 4, 未匹配: 0, 保存: 4
2026-04-15 17:30:48 - jcbk_data - INFO - 成功保存 4 条赛果记录
2026-04-15 17:31:26 - jcbk_data - INFO - 开始获取篮球比赛数据（带赔率）...
2026-04-15 17:31:26 - jcbk_data - INFO - 成功获取 2 场篮球比赛
2026-04-15 17:31:26 - jcbk_data - INFO - 共提取 6 场实际比赛
2026-04-15 17:31:26 - jcbk_data - INFO - 开始处理比赛数据...
2026-04-15 17:31:26 - jcbk_data - INFO - 比赛数据处理完成
2026-04-15 17:31:26 - jcbk_data - INFO - 开始获取篮球赔率数据...
2026-04-15 17:31:26 - jcbk_data - INFO - 成功获取篮球赔率数据
2026-04-15 17:31:26 - jcbk_data - INFO - 开始处理 1 条赔率数据
2026-04-15 17:31:26 - jcbk_data - INFO - 赔率数据处理完成
2026-04-15 17:31:26 - jcbk_data - INFO - 开始获取并保存竞彩篮球比赛结果...
2026-04-15 17:31:26 - jcbk_data - INFO - 开始获取竞彩篮球比赛结果...
2026-04-15 17:31:26 - jcbk_data - INFO - 找到 10 场需要获取赛果的比赛
2026-04-15 17:31:26 - jcbk_data - INFO - 有效比赛数: 10
2026-04-15 17:31:26 - jcbk_data - INFO - 赛果时间范围: 2026-04-15 到 2026-04-17
2026-04-15 17:31:26 - jcbk_data - INFO - 成功获取 4 条比赛结果
2026-04-15 17:31:26 - jcbk_data - INFO - 成功获取 4 条比赛结果
2026-04-15 17:31:26 - jcbk_data - INFO - ✅ 保存赛果成功: 太阳 vs 开拓者, 比分: 114-110
2026-04-15 17:31:26 - jcbk_data - INFO - ✅ 保存赛果成功: 黄蜂 vs 热火, 比分: 126-127
2026-04-15 17:31:26 - jcbk_data - INFO - ✅ 保存赛果成功: 拜仁 vs 路德维希, 比分: 59-93
2026-04-15 17:31:26 - jcbk_data - INFO - ✅ 保存赛果成功: 耶拿 vs 不伦瑞克, 比分: 93-82
2026-04-15 17:31:26 - jcbk_data - INFO - 赛果统计 - 总数: 4, 匹配: 4, 未匹配: 0, 保存: 4
2026-04-15 17:31:26 - jcbk_data - INFO - 成功保存 4 条赛果记录
2026-04-15 17:34:00 - jcbk_data - INFO - 开始获取篮球比赛数据（带赔率）...
2026-04-15 17:34:01 - jcbk_data - INFO - 成功获取 2 场篮球比赛
2026-04-15 17:34:01 - jcbk_data - INFO - 共提取 6 场实际比赛
2026-04-15 17:34:01 - jcbk_data - INFO - 开始处理比赛数据...
2026-04-15 17:34:01 - jcbk_data - INFO - 比赛数据处理完成
2026-04-15 17:34:01 - jcbk_data - INFO - 开始获取篮球赔率数据...
2026-04-15 17:34:01 - jcbk_data - INFO - 成功获取篮球赔率数据
2026-04-15 17:34:01 - jcbk_data - INFO - 开始处理 1 条赔率数据
2026-04-15 17:34:01 - jcbk_data - INFO - 赔率数据处理完成
2026-04-15 17:34:01 - jcbk_data - INFO - 开始获取并保存竞彩篮球比赛结果...
2026-04-15 17:34:01 - jcbk_data - INFO - 开始获取竞彩篮球比赛结果...
2026-04-15 17:34:01 - jcbk_data - INFO - 找到 10 场需要获取赛果的比赛
2026-04-15 17:34:01 - jcbk_data - INFO - 有效比赛数: 10
2026-04-15 17:34:01 - jcbk_data - INFO - 赛果时间范围: 2026-04-15 到 2026-04-17
2026-04-15 17:34:01 - jcbk_data - INFO - 成功获取 4 条比赛结果
2026-04-15 17:34:01 - jcbk_data - INFO - 成功获取 4 条比赛结果
2026-04-15 17:34:01 - jcbk_data - INFO - ✅ 保存赛果成功: 太阳 vs 开拓者, 比分: 114-110
2026-04-15 17:34:01 - jcbk_data - INFO - ✅ 保存赛果成功: 黄蜂 vs 热火, 比分: 126-127
2026-04-15 17:34:01 - jcbk_data - INFO - ✅ 保存赛果成功: 拜仁 vs 路德维希, 比分: 59-93
2026-04-15 17:34:01 - jcbk_data - INFO - ✅ 保存赛果成功: 耶拿 vs 不伦瑞克, 比分: 93-82
2026-04-15 17:34:01 - jcbk_data - INFO - 赛果统计 - 总数: 4, 匹配: 4, 未匹配: 0, 保存: 4
2026-04-15 17:34:01 - jcbk_data - INFO - 成功保存 4 条赛果记录
2026-04-15 17:34:16 - jcbk_data - INFO - 开始获取篮球比赛数据（带赔率）...
2026-04-15 17:34:16 - jcbk_data - INFO - 成功获取 2 场篮球比赛
2026-04-15 17:34:16 - jcbk_data - INFO - 共提取 6 场实际比赛
2026-04-15 17:34:16 - jcbk_data - INFO - 开始处理比赛数据...
2026-04-15 17:34:16 - jcbk_data - INFO - 比赛数据处理完成
2026-04-15 17:34:16 - jcbk_data - INFO - 开始获取篮球赔率数据...
2026-04-15 17:34:16 - jcbk_data - INFO - 成功获取篮球赔率数据
2026-04-15 17:34:16 - jcbk_data - INFO - 开始处理 1 条赔率数据
2026-04-15 17:34:16 - jcbk_data - INFO - 赔率数据处理完成
2026-04-15 17:34:16 - jcbk_data - INFO - 开始获取并保存竞彩篮球比赛结果...
2026-04-15 17:34:16 - jcbk_data - INFO - 开始获取竞彩篮球比赛结果...
2026-04-15 17:34:16 - jcbk_data - INFO - 找到 10 场需要获取赛果的比赛
2026-04-15 17:34:16 - jcbk_data - INFO - 有效比赛数: 10
2026-04-15 17:34:16 - jcbk_data - INFO - 赛果时间范围: 2026-04-15 到 2026-04-17
2026-04-15 17:34:17 - jcbk_data - INFO - 成功获取 4 条比赛结果
2026-04-15 17:34:17 - jcbk_data - INFO - 成功获取 4 条比赛结果
2026-04-15 17:34:17 - jcbk_data - INFO - ✅ 保存赛果成功: 太阳 vs 开拓者, 比分: 114-110
2026-04-15 17:34:17 - jcbk_data - INFO - ✅ 保存赛果成功: 黄蜂 vs 热火, 比分: 126-127
2026-04-15 17:34:17 - jcbk_data - INFO - ✅ 保存赛果成功: 拜仁 vs 路德维希, 比分: 59-93
2026-04-15 17:34:17 - jcbk_data - INFO - ✅ 保存赛果成功: 耶拿 vs 不伦瑞克, 比分: 93-82
2026-04-15 17:34:17 - jcbk_data - INFO - 赛果统计 - 总数: 4, 匹配: 4, 未匹配: 0, 保存: 4
2026-04-15 17:34:17 - jcbk_data - INFO - 成功保存 4 条赛果记录
2026-04-15 17:34:59 - jcbk_data - INFO - 开始获取篮球比赛数据（带赔率）...
2026-04-15 17:35:00 - jcbk_data - INFO - 成功获取 2 场篮球比赛
2026-04-15 17:35:00 - jcbk_data - INFO - 共提取 6 场实际比赛
2026-04-15 17:35:00 - jcbk_data - INFO - 开始处理比赛数据...
2026-04-15 17:35:00 - jcbk_data - INFO - 比赛数据处理完成
2026-04-15 17:35:00 - jcbk_data - INFO - 开始获取篮球赔率数据...
2026-04-15 17:35:00 - jcbk_data - INFO - 成功获取篮球赔率数据
2026-04-15 17:35:00 - jcbk_data - INFO - 开始处理 1 条赔率数据
2026-04-15 17:35:00 - jcbk_data - INFO - 赔率数据处理完成
2026-04-15 17:35:00 - jcbk_data - INFO - 开始获取并保存竞彩篮球比赛结果...
2026-04-15 17:35:00 - jcbk_data - INFO - 开始获取竞彩篮球比赛结果...
2026-04-15 17:35:00 - jcbk_data - INFO - 找到 10 场需要获取赛果的比赛
2026-04-15 17:35:00 - jcbk_data - INFO - 有效比赛数: 10
2026-04-15 17:35:00 - jcbk_data - INFO - 赛果时间范围: 2026-04-15 到 2026-04-17
2026-04-15 17:35:00 - jcbk_data - INFO - 成功获取 4 条比赛结果
2026-04-15 17:35:00 - jcbk_data - INFO - 成功获取 4 条比赛结果
2026-04-15 17:35:00 - jcbk_data - INFO - ✅ 保存赛果成功: 太阳 vs 开拓者, 比分: 114-110
2026-04-15 17:35:00 - jcbk_data - INFO - ✅ 保存赛果成功: 黄蜂 vs 热火, 比分: 126-127
2026-04-15 17:35:00 - jcbk_data - INFO - ✅ 保存赛果成功: 拜仁 vs 路德维希, 比分: 59-93
2026-04-15 17:35:00 - jcbk_data - INFO - ✅ 保存赛果成功: 耶拿 vs 不伦瑞克, 比分: 93-82
2026-04-15 17:35:00 - jcbk_data - INFO - 赛果统计 - 总数: 4, 匹配: 4, 未匹配: 0, 保存: 4
2026-04-15 17:35:00 - jcbk_data - INFO - 成功保存 4 条赛果记录
2026-04-15 17:35:16 - jcbk_data - INFO - 开始获取篮球比赛数据（带赔率）...
2026-04-15 17:35:16 - jcbk_data - INFO - 成功获取 2 场篮球比赛
2026-04-15 17:35:16 - jcbk_data - INFO - 共提取 6 场实际比赛
2026-04-15 17:35:16 - jcbk_data - INFO - 开始处理比赛数据...
2026-04-15 17:35:16 - jcbk_data - INFO - 比赛数据处理完成
2026-04-15 17:35:16 - jcbk_data - INFO - 开始获取篮球赔率数据...
2026-04-15 17:35:17 - jcbk_data - INFO - 成功获取篮球赔率数据
2026-04-15 17:35:17 - jcbk_data - INFO - 开始处理 1 条赔率数据
2026-04-15 17:35:17 - jcbk_data - INFO - 赔率数据处理完成
2026-04-15 17:35:17 - jcbk_data - INFO - 开始获取并保存竞彩篮球比赛结果...
2026-04-15 17:35:17 - jcbk_data - INFO - 开始获取竞彩篮球比赛结果...
2026-04-15 17:35:17 - jcbk_data - INFO - 找到 10 场需要获取赛果的比赛
2026-04-15 17:35:17 - jcbk_data - INFO - 有效比赛数: 10
2026-04-15 17:35:17 - jcbk_data - INFO - 赛果时间范围: 2026-04-15 到 2026-04-17
2026-04-15 17:35:17 - jcbk_data - INFO - 成功获取 4 条比赛结果
2026-04-15 17:35:17 - jcbk_data - INFO - 成功获取 4 条比赛结果
2026-04-15 17:35:17 - jcbk_data - INFO - ✅ 保存赛果成功: 太阳 vs 开拓者, 比分: 114-110
2026-04-15 17:35:17 - jcbk_data - INFO - ✅ 保存赛果成功: 黄蜂 vs 热火, 比分: 126-127
2026-04-15 17:35:17 - jcbk_data - INFO - ✅ 保存赛果成功: 拜仁 vs 路德维希, 比分: 59-93
2026-04-15 17:35:17 - jcbk_data - INFO - ✅ 保存赛果成功: 耶拿 vs 不伦瑞克, 比分: 93-82
2026-04-15 17:35:17 - jcbk_data - INFO - 赛果统计 - 总数: 4, 匹配: 4, 未匹配: 0, 保存: 4
2026-04-15 17:35:17 - jcbk_data - INFO - 成功保存 4 条赛果记录
2026-04-15 17:39:57 - jcbk_data - INFO - 开始获取篮球比赛数据（带赔率）...
2026-04-15 17:39:57 - jcbk_data - INFO - 成功获取 2 场篮球比赛
2026-04-15 17:39:57 - jcbk_data - INFO - 共提取 6 场实际比赛
2026-04-15 17:39:57 - jcbk_data - INFO - 开始处理比赛数据...
2026-04-15 17:39:57 - jcbk_data - INFO - 比赛数据处理完成
2026-04-15 17:39:57 - jcbk_data - INFO - 开始获取篮球赔率数据...
2026-04-15 17:39:57 - jcbk_data - INFO - 成功获取篮球赔率数据
2026-04-15 17:39:57 - jcbk_data - INFO - 开始处理 1 条赔率数据
2026-04-15 17:39:57 - jcbk_data - INFO - 赔率数据处理完成
2026-04-15 17:39:57 - jcbk_data - INFO - 开始获取并保存竞彩篮球比赛结果...
2026-04-15 17:39:57 - jcbk_data - INFO - 开始获取竞彩篮球比赛结果...
2026-04-15 17:39:57 - jcbk_data - INFO - 找到 10 场需要获取赛果的比赛
2026-04-15 17:39:57 - jcbk_data - INFO - 有效比赛数: 10
2026-04-15 17:39:57 - jcbk_data - INFO - 赛果时间范围: 2026-04-15 到 2026-04-17
2026-04-15 17:39:58 - jcbk_data - INFO - 成功获取 4 条比赛结果
2026-04-15 17:39:58 - jcbk_data - INFO - 成功获取 4 条比赛结果
2026-04-15 17:39:58 - jcbk_data - INFO - ✅ 保存赛果成功: 太阳 vs 开拓者, 比分: 114-110
2026-04-15 17:39:58 - jcbk_data - INFO - ✅ 保存赛果成功: 黄蜂 vs 热火, 比分: 126-127
2026-04-15 17:39:58 - jcbk_data - INFO - ✅ 保存赛果成功: 拜仁 vs 路德维希, 比分: 59-93
2026-04-15 17:39:58 - jcbk_data - INFO - ✅ 保存赛果成功: 耶拿 vs 不伦瑞克, 比分: 93-82
2026-04-15 17:39:58 - jcbk_data - INFO - 赛果统计 - 总数: 4, 匹配: 4, 未匹配: 0, 保存: 4
2026-04-15 17:39:58 - jcbk_data - INFO - 成功保存 4 条赛果记录
2026-04-15 17:40:10 - jcbk_data - INFO - 开始获取篮球比赛数据（带赔率）...
2026-04-15 17:40:11 - jcbk_data - INFO - 成功获取 2 场篮球比赛
2026-04-15 17:40:11 - jcbk_data - INFO - 共提取 6 场实际比赛
2026-04-15 17:40:11 - jcbk_data - INFO - 开始处理比赛数据...
2026-04-15 17:40:11 - jcbk_data - INFO - 比赛数据处理完成
2026-04-15 17:40:11 - jcbk_data - INFO - 开始获取篮球赔率数据...
2026-04-15 17:40:11 - jcbk_data - INFO - 成功获取篮球赔率数据
2026-04-15 17:40:11 - jcbk_data - INFO - 开始处理 1 条赔率数据
2026-04-15 17:40:11 - jcbk_data - INFO - 赔率数据处理完成
2026-04-15 17:40:11 - jcbk_data - INFO - 开始获取并保存竞彩篮球比赛结果...
2026-04-15 17:40:11 - jcbk_data - INFO - 开始获取竞彩篮球比赛结果...
2026-04-15 17:40:11 - jcbk_data - INFO - 找到 10 场需要获取赛果的比赛
2026-04-15 17:40:11 - jcbk_data - INFO - 有效比赛数: 10
2026-04-15 17:40:11 - jcbk_data - INFO - 赛果时间范围: 2026-04-15 到 2026-04-17
2026-04-15 17:40:11 - jcbk_data - INFO - 成功获取 4 条比赛结果
2026-04-15 17:40:11 - jcbk_data - INFO - 成功获取 4 条比赛结果
2026-04-15 17:40:11 - jcbk_data - INFO - ✅ 保存赛果成功: 太阳 vs 开拓者, 比分: 114-110
2026-04-15 17:40:11 - jcbk_data - INFO - ✅ 保存赛果成功: 黄蜂 vs 热火, 比分: 126-127
2026-04-15 17:40:11 - jcbk_data - INFO - ✅ 保存赛果成功: 拜仁 vs 路德维希, 比分: 59-93
2026-04-15 17:40:11 - jcbk_data - INFO - ✅ 保存赛果成功: 耶拿 vs 不伦瑞克, 比分: 93-82
2026-04-15 17:40:11 - jcbk_data - INFO - 赛果统计 - 总数: 4, 匹配: 4, 未匹配: 0, 保存: 4
2026-04-15 17:40:11 - jcbk_data - INFO - 成功保存 4 条赛果记录
2026-04-15 17:44:32 - jcbk_data - INFO - 开始获取篮球比赛数据（带赔率）...
2026-04-15 17:44:33 - jcbk_data - INFO - 成功获取 2 场篮球比赛
2026-04-15 17:44:33 - jcbk_data - INFO - 共提取 6 场实际比赛
2026-04-15 17:44:33 - jcbk_data - INFO - 开始处理比赛数据...
2026-04-15 17:44:33 - jcbk_data - INFO - 新增联赛：德国篮球联赛
2026-04-15 17:44:33 - jcbk_data - INFO - 新增联赛：美国职业篮球联盟
2026-04-15 17:44:33 - jcbk_data - INFO - 新增联赛：欧洲篮球联赛
2026-04-15 17:44:33 - jcbk_data - INFO - 比赛数据处理完成
2026-04-15 17:44:33 - jcbk_data - INFO - 开始获取篮球赔率数据...
2026-04-15 17:44:33 - jcbk_data - INFO - 成功获取篮球赔率数据
2026-04-15 17:44:33 - jcbk_data - INFO - 开始处理 1 条赔率数据
2026-04-15 17:44:33 - jcbk_data - INFO - 赔率数据处理完成
2026-04-15 17:44:33 - jcbk_data - INFO - 开始获取并保存竞彩篮球比赛结果...
2026-04-15 17:44:33 - jcbk_data - INFO - 开始获取竞彩篮球比赛结果...
2026-04-15 17:44:33 - jcbk_data - INFO - 找到 6 场需要获取赛果的比赛
2026-04-15 17:44:33 - jcbk_data - INFO - 有效比赛数: 6
2026-04-15 17:44:33 - jcbk_data - INFO - 赛果时间范围: 2026-04-16 到 2026-04-17
2026-04-15 17:44:34 - jcbk_data - INFO - API 返回的赛果为空
2026-04-15 17:44:34 - jcbk_data - WARNING - 没有获取到比赛结果
2026-04-15 17:44:48 - jcbk_data - INFO - 开始获取篮球比赛数据（带赔率）...
2026-04-15 17:44:48 - jcbk_data - INFO - 成功获取 2 场篮球比赛
2026-04-15 17:44:48 - jcbk_data - INFO - 共提取 6 场实际比赛
2026-04-15 17:44:48 - jcbk_data - INFO - 开始处理比赛数据...
2026-04-15 17:44:48 - jcbk_data - INFO - 比赛数据处理完成
2026-04-15 17:44:48 - jcbk_data - INFO - 开始获取篮球赔率数据...
2026-04-15 17:44:48 - jcbk_data - INFO - 成功获取篮球赔率数据
2026-04-15 17:44:48 - jcbk_data - INFO - 开始处理 1 条赔率数据
2026-04-15 17:44:48 - jcbk_data - INFO - 赔率数据处理完成
2026-04-15 17:44:48 - jcbk_data - INFO - 开始获取并保存竞彩篮球比赛结果...
2026-04-15 17:44:48 - jcbk_data - INFO - 开始获取竞彩篮球比赛结果...
2026-04-15 17:44:48 - jcbk_data - INFO - 找到 6 场需要获取赛果的比赛
2026-04-15 17:44:48 - jcbk_data - INFO - 有效比赛数: 6
2026-04-15 17:44:48 - jcbk_data - INFO - 赛果时间范围: 2026-04-16 到 2026-04-17
2026-04-15 17:44:49 - jcbk_data - INFO - API 返回的赛果为空
2026-04-15 17:44:49 - jcbk_data - WARNING - 没有获取到比赛结果
2026-04-15 17:49:07 - jcbk_data - INFO - 开始获取篮球比赛数据（带赔率）...
2026-04-15 17:49:07 - jcbk_data - INFO - 成功获取 2 场篮球比赛
2026-04-15 17:49:07 - jcbk_data - INFO - 共提取 6 场实际比赛
2026-04-15 17:49:07 - jcbk_data - INFO - 开始处理比赛数据...
2026-04-15 17:49:07 - jcbk_data - INFO - 新增联赛：德国篮球联赛
2026-04-15 17:49:08 - jcbk_data - INFO - 新增联赛：美国职业篮球联盟
2026-04-15 17:49:08 - jcbk_data - INFO - 新增联赛：欧洲篮球联赛
2026-04-15 17:49:08 - jcbk_data - INFO - 比赛数据处理完成
2026-04-15 17:49:08 - jcbk_data - INFO - 开始获取篮球赔率数据...
2026-04-15 17:49:08 - jcbk_data - INFO - 成功获取篮球赔率数据
2026-04-15 17:49:08 - jcbk_data - INFO - 开始处理 1 条赔率数据
2026-04-15 17:49:08 - jcbk_data - INFO - 赔率数据处理完成
2026-04-15 17:49:08 - jcbk_data - INFO - 开始获取并保存竞彩篮球比赛结果...
2026-04-15 17:49:08 - jcbk_data - INFO - 开始获取竞彩篮球比赛结果...
2026-04-15 17:49:08 - jcbk_data - INFO - 找到 6 场需要获取赛果的比赛
2026-04-15 17:49:08 - jcbk_data - INFO - 有效比赛数: 6
2026-04-15 17:49:08 - jcbk_data - INFO - 赛果时间范围: 2026-04-16 到 2026-04-17
2026-04-15 17:49:08 - jcbk_data - INFO - API 返回的赛果为空
2026-04-15 17:49:08 - jcbk_data - WARNING - 没有获取到比赛结果
2026-04-15 17:49:15 - jcbk_data - INFO - 开始获取篮球比赛数据（带赔率）...
2026-04-15 17:49:15 - jcbk_data - INFO - 成功获取 2 场篮球比赛
2026-04-15 17:49:15 - jcbk_data - INFO - 共提取 6 场实际比赛
2026-04-15 17:49:15 - jcbk_data - INFO - 开始处理比赛数据...
2026-04-15 17:49:15 - jcbk_data - INFO - 比赛数据处理完成
2026-04-15 17:49:15 - jcbk_data - INFO - 开始获取篮球赔率数据...
2026-04-15 17:49:15 - jcbk_data - INFO - 成功获取篮球赔率数据
2026-04-15 17:49:15 - jcbk_data - INFO - 开始处理 1 条赔率数据
2026-04-15 17:49:15 - jcbk_data - INFO - ✓ 记录篮球赔率变化: tcbk_rfsf.h 1.700 -> 1.750 (diff=0.050)
2026-04-15 17:49:15 - jcbk_data - INFO - ✓ 记录篮球赔率变化: tcbk_rfsf.a 1.700 -> 1.650 (diff=0.050)
2026-04-15 17:49:15 - jcbk_data - INFO - 赔率数据处理完成
2026-04-15 17:49:15 - jcbk_data - INFO - 开始获取并保存竞彩篮球比赛结果...
2026-04-15 17:49:15 - jcbk_data - INFO - 开始获取竞彩篮球比赛结果...
2026-04-15 17:49:15 - jcbk_data - INFO - 找到 6 场需要获取赛果的比赛
2026-04-15 17:49:15 - jcbk_data - INFO - 有效比赛数: 6
2026-04-15 17:49:15 - jcbk_data - INFO - 赛果时间范围: 2026-04-16 到 2026-04-17
2026-04-15 17:49:15 - jcbk_data - INFO - API 返回的赛果为空
2026-04-15 17:49:15 - jcbk_data - WARNING - 没有获取到比赛结果
2026-04-15 17:56:56 - jcbk_data - INFO - 开始获取竞彩篮球比赛结果...
2026-04-15 17:56:56 - jcbk_data - INFO - 找到 6 场需要获取赛果的比赛
2026-04-15 17:56:56 - jcbk_data - INFO - 跳过 6 场未结束的比赛
2026-04-15 17:56:56 - jcbk_data - INFO - 没有有效的比赛需要获取赛果
2026-04-15 17:59:01 - jcbk_data - INFO - 开始获取篮球比赛数据（带赔率）...
2026-04-15 17:59:01 - jcbk_data - INFO - 成功获取 2 场篮球比赛
2026-04-15 17:59:01 - jcbk_data - INFO - 共提取 6 场实际比赛
2026-04-15 17:59:01 - jcbk_data - INFO - 开始处理比赛数据...
2026-04-15 17:59:01 - jcbk_data - INFO - 比赛数据处理完成
2026-04-15 17:59:01 - jcbk_data - INFO - 开始获取篮球赔率数据...
2026-04-15 17:59:01 - jcbk_data - INFO - 成功获取篮球赔率数据
2026-04-15 17:59:01 - jcbk_data - INFO - 开始处理 1 条赔率数据
2026-04-15 17:59:01 - jcbk_data - INFO - 赔率数据处理完成
2026-04-15 17:59:01 - jcbk_data - INFO - 开始获取并保存竞彩篮球比赛结果...
2026-04-15 17:59:01 - jcbk_data - INFO - 开始获取竞彩篮球比赛结果...
2026-04-15 17:59:01 - jcbk_data - INFO - 找到 6 场需要获取赛果的比赛
2026-04-15 17:59:01 - jcbk_data - INFO - 跳过 6 场未结束的比赛
2026-04-15 17:59:01 - jcbk_data - INFO - 没有有效的比赛需要获取赛果
2026-04-15 17:59:01 - jcbk_data - WARNING - 没有获取到比赛结果
2026-04-15 17:59:07 - jcbk_data - INFO - 开始获取篮球比赛数据（带赔率）...
2026-04-15 17:59:08 - jcbk_data - INFO - 成功获取 2 场篮球比赛
2026-04-15 17:59:08 - jcbk_data - INFO - 共提取 6 场实际比赛
2026-04-15 17:59:08 - jcbk_data - INFO - 开始处理比赛数据...
2026-04-15 17:59:08 - jcbk_data - INFO - 比赛数据处理完成
2026-04-15 17:59:08 - jcbk_data - INFO - 开始获取篮球赔率数据...
2026-04-15 17:59:08 - jcbk_data - INFO - 成功获取篮球赔率数据
2026-04-15 17:59:08 - jcbk_data - INFO - 开始处理 1 条赔率数据
2026-04-15 17:59:08 - jcbk_data - INFO - 赔率数据处理完成
2026-04-15 17:59:08 - jcbk_data - INFO - 开始获取并保存竞彩篮球比赛结果...
2026-04-15 17:59:08 - jcbk_data - INFO - 开始获取竞彩篮球比赛结果...
2026-04-15 17:59:08 - jcbk_data - INFO - 找到 6 场需要获取赛果的比赛
2026-04-15 17:59:08 - jcbk_data - INFO - 跳过 6 场未结束的比赛
2026-04-15 17:59:08 - jcbk_data - INFO - 没有有效的比赛需要获取赛果
2026-04-15 17:59:08 - jcbk_data - WARNING - 没有获取到比赛结果
2026-04-15 18:03:05 - jcbk_data - INFO - 开始获取篮球比赛数据（带赔率）...
2026-04-15 18:03:06 - jcbk_data - INFO - 成功获取 2 场篮球比赛
2026-04-15 18:03:06 - jcbk_data - INFO - 共提取 6 场实际比赛
2026-04-15 18:03:06 - jcbk_data - INFO - 开始处理比赛数据...
2026-04-15 18:03:06 - jcbk_data - INFO - 比赛数据处理完成
2026-04-15 18:03:06 - jcbk_data - INFO - 开始获取篮球赔率数据...
2026-04-15 18:03:06 - jcbk_data - INFO - 成功获取篮球赔率数据
2026-04-15 18:03:06 - jcbk_data - INFO - 开始处理 1 条赔率数据
2026-04-15 18:03:06 - jcbk_data - INFO - 赔率数据处理完成
2026-04-15 18:03:06 - jcbk_data - INFO - 开始获取并保存竞彩篮球比赛结果...
2026-04-15 18:03:06 - jcbk_data - INFO - 开始获取竞彩篮球比赛结果...
2026-04-15 18:03:06 - jcbk_data - INFO - 找到 6 场需要获取赛果的比赛
2026-04-15 18:03:06 - jcbk_data - INFO - 跳过 6 场未结束的比赛
2026-04-15 18:03:06 - jcbk_data - INFO - 没有有效的比赛需要获取赛果
2026-04-15 18:03:06 - jcbk_data - WARNING - 没有获取到比赛结果
2026-04-15 18:12:21 - jcbk_data - INFO - 开始更新篮球比赛数据
2026-04-15 18:12:21 - jcbk_data - INFO - 开始获取篮球比赛数据（带赔率）...
2026-04-15 18:12:22 - jcbk_data - INFO - 成功获取 2 场篮球比赛
2026-04-15 18:12:22 - jcbk_data - INFO - 共提取 6 场实际比赛
2026-04-15 18:12:22 - jcbk_data - INFO - 开始处理比赛数据...
2026-04-15 18:12:22 - jcbk_data - INFO - 比赛数据处理完成
2026-04-15 18:12:22 - jcbk_data - INFO - 开始获取篮球赔率数据...
2026-04-15 18:12:22 - jcbk_data - INFO - 成功获取篮球赔率数据
2026-04-15 18:12:22 - jcbk_data - INFO - 开始处理 1 条赔率数据
2026-04-15 18:12:22 - jcbk_data - INFO - ✓ [ 洛杉矶快船 vs 金州勇士] a赔率变化: 2.640 -> 2.780 (波动+0.140)
2026-04-15 18:12:22 - jcbk_data - INFO - 赔率数据处理完成
2026-04-15 18:12:22 - jcbk_data - INFO - 开始更新篮球比赛结果
2026-04-15 18:12:22 - jcbk_data - INFO - 开始获取并保存竞彩篮球比赛结果...
2026-04-15 18:12:22 - jcbk_data - INFO - 开始获取竞彩篮球比赛结果...
2026-04-15 18:12:22 - jcbk_data - INFO - 需要获取赛果的比赛: 0 场
2026-04-15 18:12:22 - jcbk_data - INFO - 没有有效的比赛需要获取赛果
2026-04-15 18:12:22 - jcbk_data - WARNING - 没有获取到比赛结果
2026-04-15 18:18:47 - jcbk_data - INFO - 开始更新篮球比赛数据
2026-04-15 18:18:47 - jcbk_data - INFO - 开始获取篮球比赛数据（带赔率）...
2026-04-15 18:18:47 - jcbk_data - INFO - 成功获取 2 场篮球比赛
2026-04-15 18:18:47 - jcbk_data - INFO - 共提取 6 场实际比赛
2026-04-15 18:18:47 - jcbk_data - INFO - 开始处理比赛数据...
2026-04-15 18:18:47 - jcbk_data - INFO - 新增联赛：德国篮球联赛
2026-04-15 18:18:47 - jcbk_data - INFO - 新增联赛：美国职业篮球联盟
2026-04-15 18:18:47 - jcbk_data - INFO - 新增联赛：欧洲篮球联赛
2026-04-15 18:18:47 - jcbk_data - INFO - 比赛数据处理完成
2026-04-15 18:18:47 - jcbk_data - INFO - 开始获取篮球赔率数据...
2026-04-15 18:18:47 - jcbk_data - INFO - 成功获取篮球赔率数据
2026-04-15 18:18:47 - jcbk_data - INFO - 开始处理 1 条赔率数据
2026-04-15 18:18:48 - jcbk_data - INFO - 赔率数据处理完成
2026-04-15 18:18:48 - jcbk_data - INFO - 开始更新篮球比赛结果
2026-04-15 18:18:48 - jcbk_data - INFO - 开始获取并保存竞彩篮球比赛结果...
2026-04-15 18:18:48 - jcbk_data - INFO - 开始获取竞彩篮球比赛结果...
2026-04-15 18:18:48 - jcbk_data - INFO - 需要获取赛果的比赛: 0 场
2026-04-15 18:18:48 - jcbk_data - INFO - 没有有效的比赛需要获取赛果
2026-04-15 18:18:48 - jcbk_data - WARNING - 没有获取到比赛结果
2026-04-15 18:23:28 - jcbk_data - INFO - 开始更新篮球比赛数据
2026-04-15 18:23:28 - jcbk_data - INFO - 开始获取篮球比赛数据（带赔率）...
2026-04-15 18:23:28 - jcbk_data - INFO - 成功获取 2 场篮球比赛
2026-04-15 18:23:28 - jcbk_data - INFO - 共提取 6 场实际比赛
2026-04-15 18:23:28 - jcbk_data - INFO - 开始处理比赛数据...
2026-04-15 18:23:28 - jcbk_data - INFO - 比赛数据处理完成
2026-04-15 18:23:28 - jcbk_data - INFO - 开始获取篮球赔率数据...
2026-04-15 18:23:28 - jcbk_data - INFO - 成功获取篮球赔率数据
2026-04-15 18:23:28 - jcbk_data - INFO - 开始处理 1 条赔率数据
2026-04-15 18:23:28 - jcbk_data - INFO - 赔率数据处理完成
2026-04-15 18:23:28 - jcbk_data - INFO - 开始更新篮球比赛结果
2026-04-15 18:23:28 - jcbk_data - INFO - 开始获取并保存竞彩篮球比赛结果...
2026-04-15 18:23:28 - jcbk_data - INFO - 开始获取竞彩篮球比赛结果...
2026-04-15 18:23:28 - jcbk_data - INFO - 需要获取赛果的比赛: 0 场
2026-04-15 18:23:28 - jcbk_data - INFO - 没有有效的比赛需要获取赛果
2026-04-15 18:23:28 - jcbk_data - WARNING - 没有获取到比赛结果
2026-04-15 18:34:00 - jcbk_data - INFO - 开始更新篮球比赛数据
2026-04-15 18:34:00 - jcbk_data - INFO - 开始获取篮球比赛数据（带赔率）...
2026-04-15 18:34:01 - jcbk_data - INFO - 成功获取 2 场篮球比赛
2026-04-15 18:34:01 - jcbk_data - INFO - 共提取 6 场实际比赛
2026-04-15 18:34:01 - jcbk_data - INFO - 开始处理比赛数据...
2026-04-15 18:34:01 - jcbk_data - INFO - 比赛数据处理完成
2026-04-15 18:34:01 - jcbk_data - INFO - 开始获取篮球赔率数据...
2026-04-15 18:34:01 - jcbk_data - INFO - 成功获取篮球赔率数据
2026-04-15 18:34:01 - jcbk_data - INFO - 开始处理 1 条赔率数据
2026-04-15 18:34:01 - jcbk_data - INFO - ✓ [ 开姆尼茨 vs 乌尔姆] h赔率变化: 1.650 -> 1.700 (波动+0.050)
2026-04-15 18:34:01 - jcbk_data - INFO - ✓ [ 开姆尼茨 vs 乌尔姆] a赔率变化: 1.750 -> 1.700 (波动+0.050)
2026-04-15 18:34:01 - jcbk_data - INFO - 赔率数据处理完成
2026-04-15 18:34:01 - jcbk_data - INFO - 开始更新篮球比赛结果
2026-04-15 18:34:01 - jcbk_data - INFO - 开始获取并保存竞彩篮球比赛结果...
2026-04-15 18:34:01 - jcbk_data - INFO - 开始获取竞彩篮球比赛结果...
2026-04-15 18:34:01 - jcbk_data - INFO - 需要获取赛果的比赛: 0 场
2026-04-15 18:34:01 - jcbk_data - INFO - 没有有效的比赛需要获取赛果
2026-04-15 18:34:01 - jcbk_data - WARNING - 没有获取到比赛结果
2026-04-15 18:43:33 - jcbk_data - INFO - 开始更新篮球比赛数据
2026-04-15 18:43:33 - jcbk_data - INFO - 开始获取篮球比赛数据（带赔率）...
2026-04-15 18:43:33 - jcbk_data - INFO - 成功获取 2 场篮球比赛
2026-04-15 18:43:33 - jcbk_data - INFO - 共提取 6 场实际比赛
2026-04-15 18:43:33 - jcbk_data - INFO - 开始处理比赛数据...
2026-04-15 18:43:33 - jcbk_data - INFO - 比赛数据处理完成
2026-04-15 18:43:33 - jcbk_data - INFO - 开始获取篮球赔率数据...
2026-04-15 18:43:34 - jcbk_data - INFO - 成功获取篮球赔率数据
2026-04-15 18:43:34 - jcbk_data - INFO - 开始处理 1 条赔率数据
2026-04-15 18:43:34 - jcbk_data - INFO - ✓ [ 开姆尼茨 vs 乌尔姆] h赔率变化: 1.700 -> 1.750 (波动+0.050)
2026-04-15 18:43:34 - jcbk_data - INFO - ✓ [ 开姆尼茨 vs 乌尔姆] a赔率变化: 1.700 -> 1.650 (波动+0.050)
2026-04-15 18:43:34 - jcbk_data - INFO - 赔率数据处理完成
2026-04-15 18:43:34 - jcbk_data - INFO - 开始更新篮球比赛结果
2026-04-15 18:43:34 - jcbk_data - INFO - 开始获取并保存竞彩篮球比赛结果...
2026-04-15 18:43:34 - jcbk_data - INFO - 开始获取竞彩篮球比赛结果...
2026-04-15 18:43:34 - jcbk_data - INFO - 需要获取赛果的比赛: 0 场
2026-04-15 18:43:34 - jcbk_data - INFO - 没有有效的比赛需要获取赛果
2026-04-15 18:43:34 - jcbk_data - WARNING - 没有获取到比赛结果
2026-04-15 18:53:39 - jcbk_data - INFO - 开始更新篮球比赛数据
2026-04-15 18:53:39 - jcbk_data - INFO - 开始获取篮球比赛数据（带赔率）...
2026-04-15 18:53:39 - jcbk_data - INFO - 成功获取 2 场篮球比赛
2026-04-15 18:53:39 - jcbk_data - INFO - 共提取 6 场实际比赛
2026-04-15 18:53:39 - jcbk_data - INFO - 开始处理比赛数据...
2026-04-15 18:53:39 - jcbk_data - INFO - 比赛数据处理完成
2026-04-15 18:53:39 - jcbk_data - INFO - 开始获取篮球赔率数据...
2026-04-15 18:53:39 - jcbk_data - INFO - 成功获取篮球赔率数据
2026-04-15 18:53:39 - jcbk_data - INFO - 开始处理 1 条赔率数据
2026-04-15 18:53:39 - jcbk_data - INFO - 赔率数据处理完成
2026-04-15 18:53:39 - jcbk_data - INFO - 开始更新篮球比赛结果
2026-04-15 18:53:39 - jcbk_data - INFO - 开始获取并保存竞彩篮球比赛结果...
2026-04-15 18:53:39 - jcbk_data - INFO - 开始获取竞彩篮球比赛结果...
2026-04-15 18:53:39 - jcbk_data - INFO - 需要获取赛果的比赛: 0 场
2026-04-15 18:53:39 - jcbk_data - INFO - 没有有效的比赛需要获取赛果
2026-04-15 18:53:39 - jcbk_data - WARNING - 没有获取到比赛结果
2026-04-15 18:54:05 - jcbk_data - INFO - 开始更新篮球比赛数据
2026-04-15 18:54:05 - jcbk_data - INFO - 开始获取篮球比赛数据（带赔率）...
2026-04-15 18:54:06 - jcbk_data - INFO - 成功获取 2 场篮球比赛
2026-04-15 18:54:06 - jcbk_data - INFO - 共提取 6 场实际比赛
2026-04-15 18:54:06 - jcbk_data - INFO - 开始处理比赛数据...
2026-04-15 18:54:06 - jcbk_data - INFO - 比赛数据处理完成
2026-04-15 18:54:06 - jcbk_data - INFO - 开始获取篮球赔率数据...
2026-04-15 18:54:06 - jcbk_data - INFO - 成功获取篮球赔率数据
2026-04-15 18:54:06 - jcbk_data - INFO - 开始处理 1 条赔率数据
2026-04-15 18:54:06 - jcbk_data - INFO - 赔率数据处理完成
2026-04-15 18:54:06 - jcbk_data - INFO - 开始更新篮球比赛结果
2026-04-15 18:54:06 - jcbk_data - INFO - 开始获取并保存竞彩篮球比赛结果...
2026-04-15 18:54:06 - jcbk_data - INFO - 开始获取竞彩篮球比赛结果...
2026-04-15 18:54:06 - jcbk_data - INFO - 需要获取赛果的比赛: 0 场
2026-04-15 18:54:06 - jcbk_data - INFO - 没有有效的比赛需要获取赛果
2026-04-15 18:54:06 - jcbk_data - WARNING - 没有获取到比赛结果
2026-04-15 19:05:11 - jcbk_data - INFO - 开始更新篮球比赛数据
2026-04-15 19:05:11 - jcbk_data - INFO - 开始获取篮球比赛数据（带赔率）...
2026-04-15 19:05:11 - jcbk_data - INFO - 成功获取 2 场篮球比赛
2026-04-15 19:05:11 - jcbk_data - INFO - 共提取 6 场实际比赛
2026-04-15 19:05:11 - jcbk_data - INFO - 开始处理比赛数据...
2026-04-15 19:05:11 - jcbk_data - INFO - 比赛数据处理完成
2026-04-15 19:05:11 - jcbk_data - INFO - 开始获取篮球赔率数据...
2026-04-15 19:05:11 - jcbk_data - INFO - 成功获取篮球赔率数据
2026-04-15 19:05:11 - jcbk_data - INFO - 开始处理 1 条赔率数据
2026-04-15 19:05:11 - jcbk_data - INFO - 赔率数据处理完成
2026-04-15 19:05:11 - jcbk_data - INFO - 开始更新篮球比赛结果
2026-04-15 19:05:11 - jcbk_data - INFO - 开始获取并保存竞彩篮球比赛结果...
2026-04-15 19:05:11 - jcbk_data - INFO - 开始获取竞彩篮球比赛结果...
2026-04-15 19:05:11 - jcbk_data - INFO - 需要获取赛果的比赛: 0 场
2026-04-15 19:05:11 - jcbk_data - INFO - 没有有效的比赛需要获取赛果
2026-04-15 19:05:11 - jcbk_data - WARNING - 没有获取到比赛结果
2026-04-15 19:13:45 - jcbk_data - INFO - 开始更新篮球比赛数据
2026-04-15 19:13:45 - jcbk_data - INFO - 开始获取篮球比赛数据（带赔率）...
2026-04-15 19:13:45 - jcbk_data - INFO - 成功获取 2 场篮球比赛
2026-04-15 19:13:45 - jcbk_data - INFO - 共提取 6 场实际比赛
2026-04-15 19:13:45 - jcbk_data - INFO - 开始处理比赛数据...
2026-04-15 19:13:45 - jcbk_data - INFO - 比赛数据处理完成
2026-04-15 19:13:45 - jcbk_data - INFO - 开始获取篮球赔率数据...
2026-04-15 19:13:45 - jcbk_data - INFO - 成功获取篮球赔率数据
2026-04-15 19:13:45 - jcbk_data - INFO - 开始处理 1 条赔率数据
2026-04-15 19:13:45 - jcbk_data - INFO - 赔率数据处理完成
2026-04-15 19:13:45 - jcbk_data - INFO - 开始更新篮球比赛结果
2026-04-15 19:13:45 - jcbk_data - INFO - 开始获取并保存竞彩篮球比赛结果...
2026-04-15 19:13:45 - jcbk_data - INFO - 开始获取竞彩篮球比赛结果...
2026-04-15 19:13:45 - jcbk_data - INFO - 需要获取赛果的比赛: 0 场
2026-04-15 19:13:45 - jcbk_data - INFO - 没有有效的比赛需要获取赛果
2026-04-15 19:13:45 - jcbk_data - WARNING - 没有获取到比赛结果
2026-04-15 19:17:16 - jcbk_data - INFO - 开始更新篮球比赛数据
2026-04-15 19:17:16 - jcbk_data - INFO - 开始获取篮球比赛数据（带赔率）...
2026-04-15 19:17:17 - jcbk_data - INFO - 成功获取 2 场篮球比赛
2026-04-15 19:17:17 - jcbk_data - INFO - 共提取 6 场实际比赛
2026-04-15 19:17:17 - jcbk_data - INFO - 开始处理比赛数据...
2026-04-15 19:17:17 - jcbk_data - INFO - 比赛数据处理完成
2026-04-15 19:17:17 - jcbk_data - INFO - 开始获取篮球赔率数据...
2026-04-15 19:17:17 - jcbk_data - INFO - 成功获取篮球赔率数据
2026-04-15 19:17:17 - jcbk_data - INFO - 开始处理 1 条赔率数据
2026-04-15 19:17:17 - jcbk_data - INFO - 赔率数据处理完成
2026-04-15 19:17:17 - jcbk_data - INFO - 开始更新篮球比赛结果
2026-04-15 19:17:17 - jcbk_data - INFO - 开始获取并保存竞彩篮球比赛结果...
2026-04-15 19:17:17 - jcbk_data - INFO - 开始获取竞彩篮球比赛结果...
2026-04-15 19:17:17 - jcbk_data - INFO - 需要获取赛果的比赛: 0 场
2026-04-15 19:17:17 - jcbk_data - INFO - 没有有效的比赛需要获取赛果
2026-04-15 19:17:17 - jcbk_data - WARNING - 没有获取到比赛结果
2026-04-15 22:19:25 - jcbk_data - INFO - 开始更新篮球比赛数据
2026-04-15 22:19:25 - jcbk_data - INFO - 开始获取篮球比赛数据（带赔率）...
2026-04-15 22:19:25 - jcbk_data - INFO - 成功获取 2 场篮球比赛
2026-04-15 22:19:25 - jcbk_data - INFO - 共提取 6 场实际比赛
2026-04-15 22:19:25 - jcbk_data - INFO - 开始处理比赛数据...
2026-04-15 22:19:25 - jcbk_data - INFO - 比赛数据处理完成
2026-04-15 22:19:25 - jcbk_data - INFO - 开始获取篮球赔率数据...
2026-04-15 22:19:26 - jcbk_data - INFO - 成功获取篮球赔率数据
2026-04-15 22:19:26 - jcbk_data - INFO - 开始处理 1 条赔率数据
2026-04-15 22:19:26 - jcbk_data - INFO - ✓ [ 开姆尼茨 vs 乌尔姆] h赔率变化: 1.750 -> 1.700 (波动+0.050)
2026-04-15 22:19:26 - jcbk_data - INFO - ✓ [ 开姆尼茨 vs 乌尔姆] a赔率变化: 1.650 -> 1.700 (波动+0.050)
2026-04-15 22:19:26 - jcbk_data - INFO - ✓ [ 开姆尼茨 vs 乌尔姆] h赔率变化: 1.870 -> 1.950 (波动+0.080)
2026-04-15 22:19:26 - jcbk_data - INFO - ✓ [ 开姆尼茨 vs 乌尔姆] a赔率变化: 1.550 -> 1.500 (波动+0.050)
2026-04-15 22:19:26 - jcbk_data - INFO - ✓ [ 开姆尼茨 vs 乌尔姆] a1赔率变化: 4.100 -> 4.150 (波动+0.050)
2026-04-15 22:19:26 - jcbk_data - INFO - ✓ [ 开姆尼茨 vs 乌尔姆] a6赔率变化: 20.000 -> 18.000 (波动+2.000)
2026-04-15 22:19:26 - jcbk_data - INFO - ✓ [ 洛杉矶快船 vs 金州勇士] h赔率变化: 1.220 -> 1.290 (波动+0.070)
2026-04-15 22:19:26 - jcbk_data - INFO - ✓ [ 洛杉矶快船 vs 金州勇士] a赔率变化: 2.780 -> 2.480 (波动+0.300)
2026-04-15 22:19:26 - jcbk_data - INFO - ✓ [ 洛杉矶快船 vs 金州勇士] h1赔率变化: 4.300 -> 3.900 (波动+0.400)
2026-04-15 22:19:26 - jcbk_data - INFO - ✓ [ 洛杉矶快船 vs 金州勇士] h2赔率变化: 3.700 -> 3.550 (波动+0.150)
2026-04-15 22:19:26 - jcbk_data - INFO - ✓ [ 洛杉矶快船 vs 金州勇士] h3赔率变化: 5.500 -> 5.600 (波动+0.100)
2026-04-15 22:19:26 - jcbk_data - INFO - ✓ [ 洛杉矶快船 vs 金州勇士] h4赔率变化: 8.400 -> 9.500 (波动+1.100)
2026-04-15 22:19:26 - jcbk_data - INFO - ✓ [ 洛杉矶快船 vs 金州勇士] h5赔率变化: 12.500 -> 13.000 (波动+0.500)
2026-04-15 22:19:26 - jcbk_data - INFO - ✓ [ 洛杉矶快船 vs 金州勇士] h6赔率变化: 14.000 -> 11.000 (波动+3.000)
2026-04-15 22:19:26 - jcbk_data - INFO - ✓ [ 洛杉矶快船 vs 金州勇士] a1赔率变化: 5.700 -> 6.300 (波动+0.600)
2026-04-15 22:19:27 - jcbk_data - INFO - ✓ [ 洛杉矶快船 vs 金州勇士] a2赔率变化: 6.000 -> 6.700 (波动+0.700)
2026-04-15 22:19:27 - jcbk_data - INFO - 赔率数据处理完成
2026-04-15 22:19:27 - jcbk_data - INFO - 开始更新篮球比赛结果
2026-04-15 22:19:27 - jcbk_data - INFO - 开始获取并保存竞彩篮球比赛结果...
2026-04-15 22:19:27 - jcbk_data - INFO - 开始获取竞彩篮球比赛结果...
2026-04-15 22:19:27 - jcbk_data - INFO - 需要获取赛果的比赛: 0 场
2026-04-15 22:19:27 - jcbk_data - INFO - 没有有效的比赛需要获取赛果
2026-04-15 22:19:27 - jcbk_data - WARNING - 没有获取到比赛结果
2026-04-15 22:22:36 - jcbk_data - INFO - 开始更新篮球比赛数据
2026-04-15 22:22:36 - jcbk_data - INFO - 开始获取篮球比赛数据（带赔率）...
2026-04-15 22:22:36 - jcbk_data - INFO - 成功获取 2 场篮球比赛
2026-04-15 22:22:36 - jcbk_data - INFO - 共提取 6 场实际比赛
2026-04-15 22:22:36 - jcbk_data - INFO - 开始处理比赛数据...
2026-04-15 22:22:36 - jcbk_data - INFO - 比赛数据处理完成
2026-04-15 22:22:36 - jcbk_data - INFO - 开始获取篮球赔率数据...
2026-04-15 22:22:36 - jcbk_data - INFO - 成功获取篮球赔率数据
2026-04-15 22:22:36 - jcbk_data - INFO - 开始处理 1 条赔率数据
2026-04-15 22:22:36 - jcbk_data - INFO - 赔率数据处理完成
2026-04-15 22:22:36 - jcbk_data - INFO - 开始更新篮球比赛结果
2026-04-15 22:22:36 - jcbk_data - INFO - 开始获取并保存竞彩篮球比赛结果...
2026-04-15 22:22:36 - jcbk_data - INFO - 开始获取竞彩篮球比赛结果...
2026-04-15 22:22:36 - jcbk_data - INFO - 需要获取赛果的比赛: 0 场
2026-04-15 22:22:36 - jcbk_data - INFO - 没有有效的比赛需要获取赛果
2026-04-15 22:22:36 - jcbk_data - WARNING - 没有获取到比赛结果
2026-04-16 13:43:41 - jcbk_data - INFO - 开始更新篮球比赛数据
2026-04-16 13:43:41 - jcbk_data - INFO - 开始获取篮球比赛数据（带赔率）...
2026-04-16 13:43:42 - jcbk_data - INFO - 成功获取 1 场篮球比赛
2026-04-16 13:43:42 - jcbk_data - INFO - 共提取 4 场实际比赛
2026-04-16 13:43:42 - jcbk_data - INFO - 开始处理比赛数据...
2026-04-16 13:43:42 - jcbk_data - INFO - 比赛数据处理完成
2026-04-16 13:43:42 - jcbk_data - INFO - 开始获取篮球赔率数据...
2026-04-16 13:43:42 - jcbk_data - INFO - 成功获取篮球赔率数据
2026-04-16 13:43:42 - jcbk_data - INFO - 开始处理 1 条赔率数据
2026-04-16 13:43:43 - jcbk_data - INFO - 赔率数据处理完成
2026-04-16 13:43:43 - jcbk_data - INFO - 开始更新篮球比赛结果
2026-04-16 13:43:43 - jcbk_data - INFO - 开始获取并保存竞彩篮球比赛结果...
2026-04-16 13:43:43 - jcbk_data - INFO - 开始获取竞彩篮球比赛结果...
2026-04-16 13:43:43 - jcbk_data - INFO - 需要获取赛果的比赛: 1 场
2026-04-16 13:43:43 - jcbk_data - INFO - 赛果时间范围: 2026-04-16 到 2026-04-16
2026-04-16 13:43:43 - jcbk_data - INFO - 成功获取 2 条比赛结果
2026-04-16 13:43:43 - jcbk_data - INFO - 成功获取 2 条比赛结果
2026-04-16 13:43:43 - jcbk_data - INFO - API 返回 2 条赛果，构建索引 2 条
2026-04-16 13:43:43 - jcbk_data - INFO - ✅ 保存赛果成功: 开姆尼茨 vs 乌尔姆, 比分: 66-79
2026-04-16 13:43:43 - jcbk_data - INFO - 赛果统计 - 待匹配: 1, API返回: 2, 匹配成功: 1, 未匹配: 0, 保存: 1
2026-04-16 13:43:43 - jcbk_data - INFO - 成功保存 1 条赛果记录
2026-04-16 13:58:50 - jcbk_data - INFO - 开始更新篮球比赛数据
2026-04-16 13:58:50 - jcbk_data - INFO - 开始获取篮球比赛数据（带赔率）...
2026-04-16 13:58:50 - jcbk_data - INFO - 成功获取 2 场篮球比赛
2026-04-16 13:58:50 - jcbk_data - INFO - 共提取 10 场实际比赛
2026-04-16 13:58:50 - jcbk_data - INFO - 开始处理比赛数据...
2026-04-16 13:58:50 - jcbk_data - INFO - 比赛数据处理完成
2026-04-16 13:58:50 - jcbk_data - INFO - 开始获取篮球赔率数据...
2026-04-16 13:58:50 - jcbk_data - INFO - 成功获取篮球赔率数据
2026-04-16 13:58:50 - jcbk_data - INFO - 开始处理 1 条赔率数据
2026-04-16 13:58:50 - jcbk_data - INFO - 赔率数据处理完成
2026-04-16 13:58:50 - jcbk_data - INFO - 开始更新篮球比赛结果
2026-04-16 13:58:50 - jcbk_data - INFO - 开始获取并保存竞彩篮球比赛结果...
2026-04-16 13:58:50 - jcbk_data - INFO - 开始获取竞彩篮球比赛结果...
2026-04-16 13:58:50 - jcbk_data - INFO - 需要获取赛果的比赛: 1 场
2026-04-16 13:58:50 - jcbk_data - INFO - 赛果时间范围: 2026-04-16 到 2026-04-16
2026-04-16 13:58:51 - jcbk_data - INFO - 成功获取 2 条比赛结果
2026-04-16 13:58:51 - jcbk_data - INFO - 成功获取 2 条比赛结果
2026-04-16 13:58:51 - jcbk_data - INFO - API 返回 2 条赛果，构建索引 2 条
2026-04-16 13:58:51 - jcbk_data - INFO - ✅ 保存赛果成功: 开姆尼茨 vs 乌尔姆, 比分: 66-79
2026-04-16 13:58:51 - jcbk_data - INFO - 赛果统计 - 待匹配: 1, API返回: 2, 匹配成功: 1, 未匹配: 0, 保存: 1
2026-04-16 13:58:51 - jcbk_data - INFO - 成功保存 1 条赛果记录
2026-04-16 14:13:57 - jcbk_data - INFO - 开始更新篮球比赛数据
2026-04-16 14:13:57 - jcbk_data - INFO - 开始获取篮球比赛数据（带赔率）...
2026-04-16 14:13:57 - jcbk_data - INFO - 成功获取 2 场篮球比赛
2026-04-16 14:13:57 - jcbk_data - INFO - 共提取 10 场实际比赛
2026-04-16 14:13:57 - jcbk_data - INFO - 开始处理比赛数据...
2026-04-16 14:13:57 - jcbk_data - INFO - 比赛数据处理完成
2026-04-16 14:13:57 - jcbk_data - INFO - 开始获取篮球赔率数据...
2026-04-16 14:13:58 - jcbk_data - INFO - 成功获取篮球赔率数据
2026-04-16 14:13:58 - jcbk_data - INFO - 开始处理 1 条赔率数据
2026-04-16 14:13:58 - jcbk_data - INFO - 赔率数据处理完成
2026-04-16 14:13:58 - jcbk_data - INFO - 开始更新篮球比赛结果
2026-04-16 14:13:58 - jcbk_data - INFO - 开始获取并保存竞彩篮球比赛结果...
2026-04-16 14:13:58 - jcbk_data - INFO - 开始获取竞彩篮球比赛结果...
2026-04-16 14:13:58 - jcbk_data - INFO - 需要获取赛果的比赛: 2 场
2026-04-16 14:13:58 - jcbk_data - INFO - 赛果时间范围: 2026-04-16 到 2026-04-16
2026-04-16 14:13:58 - jcbk_data - INFO - 成功获取 2 条比赛结果
2026-04-16 14:13:58 - jcbk_data - INFO - 成功获取 2 条比赛结果
2026-04-16 14:13:58 - jcbk_data - INFO - API 返回 2 条赛果，构建索引 2 条
2026-04-16 14:13:58 - jcbk_data - INFO - ✅ 保存赛果成功: 开姆尼茨 vs 乌尔姆, 比分: 66-79
2026-04-16 14:13:58 - jcbk_data - INFO - ✅ 保存赛果成功: 洛杉矶快船 vs 金州勇士, 比分: 126-121
2026-04-16 14:13:58 - jcbk_data - INFO - 赛果统计 - 待匹配: 2, API返回: 2, 匹配成功: 2, 未匹配: 0, 保存: 2
2026-04-16 14:13:58 - jcbk_data - INFO - 成功保存 2 条赛果记录
2026-04-16 14:32:05 - jcbk_data - INFO - 开始更新篮球比赛数据
2026-04-16 14:32:05 - jcbk_data - INFO - 开始获取篮球比赛数据（带赔率）...
2026-04-16 14:32:05 - jcbk_data - INFO - 成功获取 2 场篮球比赛
2026-04-16 14:32:05 - jcbk_data - INFO - 共提取 10 场实际比赛
2026-04-16 14:32:05 - jcbk_data - INFO - 开始处理比赛数据...
2026-04-16 14:32:05 - jcbk_data - INFO - 比赛数据处理完成
2026-04-16 14:32:05 - jcbk_data - INFO - 开始获取篮球赔率数据...
2026-04-16 14:32:05 - jcbk_data - INFO - 成功获取篮球赔率数据
2026-04-16 14:32:05 - jcbk_data - INFO - 开始处理 1 条赔率数据
2026-04-16 14:32:05 - jcbk_data - INFO - 赔率数据处理完成
2026-04-16 14:32:05 - jcbk_data - INFO - 开始更新篮球比赛结果
2026-04-16 14:32:05 - jcbk_data - INFO - 开始获取并保存竞彩篮球比赛结果...
2026-04-16 14:32:05 - jcbk_data - INFO - 开始获取竞彩篮球比赛结果...
2026-04-16 14:32:05 - jcbk_data - INFO - 需要获取赛果的比赛: 2 场
2026-04-16 14:32:05 - jcbk_data - INFO - 赛果时间范围: 2026-04-16 到 2026-04-16
2026-04-16 14:32:06 - jcbk_data - INFO - 成功获取 2 条比赛结果
2026-04-16 14:32:06 - jcbk_data - INFO - 成功获取 2 条比赛结果
2026-04-16 14:32:06 - jcbk_data - INFO - API 返回 2 条赛果，构建索引 2 条
2026-04-16 14:32:06 - jcbk_data - INFO - ✅ 保存赛果成功: 开姆尼茨 vs 乌尔姆, 比分: 66-79
2026-04-16 14:32:06 - jcbk_data - INFO - ✅ 保存赛果成功: 洛杉矶快船 vs 金州勇士, 比分: 126-121
2026-04-16 14:32:06 - jcbk_data - INFO - 赛果统计 - 待匹配: 2, API返回: 2, 匹配成功: 2, 未匹配: 0, 保存: 2
2026-04-16 14:32:06 - jcbk_data - INFO - 成功保存 2 条赛果记录
2026-04-16 14:42:12 - jcbk_data - INFO - 开始更新篮球比赛数据
2026-04-16 14:42:12 - jcbk_data - INFO - 开始获取篮球比赛数据（带赔率）...
2026-04-16 14:42:12 - jcbk_data - INFO - 成功获取 2 场篮球比赛
2026-04-16 14:42:12 - jcbk_data - INFO - 共提取 10 场实际比赛
2026-04-16 14:42:12 - jcbk_data - INFO - 开始处理比赛数据...
2026-04-16 14:42:12 - jcbk_data - INFO - 比赛数据处理完成
2026-04-16 14:42:12 - jcbk_data - INFO - 开始获取篮球赔率数据...
2026-04-16 14:42:13 - jcbk_data - INFO - 成功获取篮球赔率数据
2026-04-16 14:42:13 - jcbk_data - INFO - 开始处理 1 条赔率数据
2026-04-16 14:42:13 - jcbk_data - INFO - 赔率数据处理完成
2026-04-16 14:42:13 - jcbk_data - INFO - 开始更新篮球比赛结果
2026-04-16 14:42:13 - jcbk_data - INFO - 开始获取并保存竞彩篮球比赛结果...
2026-04-16 14:42:13 - jcbk_data - INFO - 开始获取竞彩篮球比赛结果...
2026-04-16 14:42:13 - jcbk_data - INFO - 需要获取赛果的比赛: 2 场
2026-04-16 14:42:13 - jcbk_data - INFO - 赛果时间范围: 2026-04-16 到 2026-04-16
2026-04-16 14:42:13 - jcbk_data - INFO - 成功获取 2 条比赛结果
2026-04-16 14:42:13 - jcbk_data - INFO - 成功获取 2 条比赛结果
2026-04-16 14:42:13 - jcbk_data - INFO - API 返回 2 条赛果，构建索引 2 条
2026-04-16 14:42:13 - jcbk_data - INFO - ✅ 保存赛果成功: 开姆尼茨 vs 乌尔姆, 比分: 66-79
2026-04-16 14:42:13 - jcbk_data - INFO - ✅ 保存赛果成功: 洛杉矶快船 vs 金州勇士, 比分: 126-121
2026-04-16 14:42:13 - jcbk_data - INFO - 赛果统计 - 待匹配: 2, API返回: 2, 匹配成功: 2, 未匹配: 0, 保存: 2
2026-04-16 14:42:13 - jcbk_data - INFO - 成功保存 2 条赛果记录
2026-04-16 14:55:19 - jcbk_data - INFO - 开始更新篮球比赛数据
2026-04-16 14:55:19 - jcbk_data - INFO - 开始获取篮球比赛数据（带赔率）...
2026-04-16 14:55:19 - jcbk_data - INFO - 成功获取 2 场篮球比赛
2026-04-16 14:55:19 - jcbk_data - INFO - 共提取 10 场实际比赛
2026-04-16 14:55:19 - jcbk_data - INFO - 开始处理比赛数据...
2026-04-16 14:55:19 - jcbk_data - INFO - 比赛数据处理完成
2026-04-16 14:55:19 - jcbk_data - INFO - 开始获取篮球赔率数据...
2026-04-16 14:55:20 - jcbk_data - INFO - 成功获取篮球赔率数据
2026-04-16 14:55:20 - jcbk_data - INFO - 开始处理 1 条赔率数据
2026-04-16 14:55:20 - jcbk_data - INFO - 赔率数据处理完成
2026-04-16 14:55:20 - jcbk_data - INFO - 开始更新篮球比赛结果
2026-04-16 14:55:20 - jcbk_data - INFO - 开始获取并保存竞彩篮球比赛结果...
2026-04-16 14:55:20 - jcbk_data - INFO - 开始获取竞彩篮球比赛结果...
2026-04-16 14:55:20 - jcbk_data - INFO - 需要获取赛果的比赛: 2 场
2026-04-16 14:55:20 - jcbk_data - INFO - 赛果时间范围: 2026-04-16 到 2026-04-16
2026-04-16 14:55:20 - jcbk_data - INFO - 成功获取 2 条比赛结果
2026-04-16 14:55:20 - jcbk_data - INFO - 成功获取 2 条比赛结果
2026-04-16 14:55:20 - jcbk_data - INFO - API 返回 2 条赛果，构建索引 2 条
2026-04-16 14:55:20 - jcbk_data - INFO - ✅ 保存赛果成功: 开姆尼茨 vs 乌尔姆, 比分: 66-79
2026-04-16 14:55:20 - jcbk_data - INFO - ✅ 保存赛果成功: 洛杉矶快船 vs 金州勇士, 比分: 126-121
2026-04-16 14:55:20 - jcbk_data - INFO - 赛果统计 - 待匹配: 2, API返回: 2, 匹配成功: 2, 未匹配: 0, 保存: 2
2026-04-16 14:55:20 - jcbk_data - INFO - 成功保存 2 条赛果记录
2026-04-16 15:11:26 - jcbk_data - INFO - 开始更新篮球比赛数据
2026-04-16 15:11:26 - jcbk_data - INFO - 开始获取篮球比赛数据（带赔率）...
2026-04-16 15:11:26 - jcbk_data - INFO - 成功获取 2 场篮球比赛
2026-04-16 15:11:26 - jcbk_data - INFO - 共提取 10 场实际比赛
2026-04-16 15:11:26 - jcbk_data - INFO - 开始处理比赛数据...
2026-04-16 15:11:26 - jcbk_data - INFO - 比赛数据处理完成
2026-04-16 15:11:26 - jcbk_data - INFO - 开始获取篮球赔率数据...
2026-04-16 15:11:26 - jcbk_data - INFO - 成功获取篮球赔率数据
2026-04-16 15:11:26 - jcbk_data - INFO - 开始处理 1 条赔率数据
2026-04-16 15:11:26 - jcbk_data - INFO - 赔率数据处理完成
2026-04-16 15:11:26 - jcbk_data - INFO - 开始更新篮球比赛结果
2026-04-16 15:11:26 - jcbk_data - INFO - 开始获取并保存竞彩篮球比赛结果...
2026-04-16 15:11:26 - jcbk_data - INFO - 开始获取竞彩篮球比赛结果...
2026-04-16 15:11:26 - jcbk_data - INFO - 需要获取赛果的比赛: 2 场
2026-04-16 15:11:26 - jcbk_data - INFO - 赛果时间范围: 2026-04-16 到 2026-04-16
2026-04-16 15:11:27 - jcbk_data - INFO - 成功获取 2 条比赛结果
2026-04-16 15:11:27 - jcbk_data - INFO - 成功获取 2 条比赛结果
2026-04-16 15:11:27 - jcbk_data - INFO - API 返回 2 条赛果，构建索引 2 条
2026-04-16 15:11:27 - jcbk_data - INFO - ✅ 保存赛果成功: 开姆尼茨 vs 乌尔姆, 比分: 66-79
2026-04-16 15:11:27 - jcbk_data - INFO - ✅ 保存赛果成功: 洛杉矶快船 vs 金州勇士, 比分: 126-121
2026-04-16 15:11:27 - jcbk_data - INFO - 赛果统计 - 待匹配: 2, API返回: 2, 匹配成功: 2, 未匹配: 0, 保存: 2
2026-04-16 15:11:27 - jcbk_data - INFO - 成功保存 2 条赛果记录
2026-04-16 15:30:33 - jcbk_data - INFO - 开始更新篮球比赛数据
2026-04-16 15:30:33 - jcbk_data - INFO - 开始获取篮球比赛数据（带赔率）...
2026-04-16 15:30:33 - jcbk_data - INFO - 成功获取 2 场篮球比赛
2026-04-16 15:30:33 - jcbk_data - INFO - 共提取 10 场实际比赛
2026-04-16 15:30:33 - jcbk_data - INFO - 开始处理比赛数据...
2026-04-16 15:30:33 - jcbk_data - INFO - 比赛数据处理完成
2026-04-16 15:30:33 - jcbk_data - INFO - 开始获取篮球赔率数据...
2026-04-16 15:30:33 - jcbk_data - INFO - 成功获取篮球赔率数据
2026-04-16 15:30:33 - jcbk_data - INFO - 开始处理 1 条赔率数据
2026-04-16 15:30:33 - jcbk_data - INFO - ✓ [ 阿斯维尔 vs 费内巴切] h赔率变化: 1.700 -> 1.810 (波动+0.110)
2026-04-16 15:30:33 - jcbk_data - INFO - ✓ [ 阿斯维尔 vs 费内巴切] a赔率变化: 1.700 -> 1.600 (波动+0.100)
2026-04-16 15:30:33 - jcbk_data - INFO - ✓ [ 皇家马德里 vs 贝尔格莱德红星] over赔率变化: 1.620 -> 1.700 (波动+0.080)
2026-04-16 15:30:33 - jcbk_data - INFO - ✓ [ 皇家马德里 vs 贝尔格莱德红星] under赔率变化: 1.780 -> 1.700 (波动+0.080)
2026-04-16 15:30:33 - jcbk_data - INFO - 赔率数据处理完成
2026-04-16 15:30:33 - jcbk_data - INFO - 开始更新篮球比赛结果
2026-04-16 15:30:33 - jcbk_data - INFO - 开始获取并保存竞彩篮球比赛结果...
2026-04-16 15:30:33 - jcbk_data - INFO - 开始获取竞彩篮球比赛结果...
2026-04-16 15:30:33 - jcbk_data - INFO - 需要获取赛果的比赛: 2 场
2026-04-16 15:30:33 - jcbk_data - INFO - 赛果时间范围: 2026-04-16 到 2026-04-16
2026-04-16 15:30:34 - jcbk_data - INFO - 成功获取 2 条比赛结果
2026-04-16 15:30:34 - jcbk_data - INFO - 成功获取 2 条比赛结果
2026-04-16 15:30:34 - jcbk_data - INFO - API 返回 2 条赛果，构建索引 2 条
2026-04-16 15:30:34 - jcbk_data - INFO - ✅ 保存赛果成功: 开姆尼茨 vs 乌尔姆, 比分: 66-79
2026-04-16 15:30:34 - jcbk_data - INFO - ✅ 保存赛果成功: 洛杉矶快船 vs 金州勇士, 比分: 126-121
2026-04-16 15:30:34 - jcbk_data - INFO - 赛果统计 - 待匹配: 2, API返回: 2, 匹配成功: 2, 未匹配: 0, 保存: 2
2026-04-16 15:30:34 - jcbk_data - INFO - 成功保存 2 条赛果记录
2026-04-16 15:41:41 - jcbk_data - INFO - 开始更新篮球比赛数据
2026-04-16 15:41:41 - jcbk_data - INFO - 开始获取篮球比赛数据（带赔率）...
2026-04-16 15:41:41 - jcbk_data - INFO - 成功获取 2 场篮球比赛
2026-04-16 15:41:41 - jcbk_data - INFO - 共提取 10 场实际比赛
2026-04-16 15:41:41 - jcbk_data - INFO - 开始处理比赛数据...
2026-04-16 15:41:41 - jcbk_data - INFO - 比赛数据处理完成
2026-04-16 15:41:41 - jcbk_data - INFO - 开始获取篮球赔率数据...
2026-04-16 15:41:41 - jcbk_data - INFO - 成功获取篮球赔率数据
2026-04-16 15:41:41 - jcbk_data - INFO - 开始处理 1 条赔率数据
2026-04-16 15:41:41 - jcbk_data - INFO - ✓ [ 阿斯维尔 vs 费内巴切] h赔率变化: 1.810 -> 1.750 (波动+0.060)
2026-04-16 15:41:41 - jcbk_data - INFO - 赔率数据处理完成
2026-04-16 15:41:41 - jcbk_data - INFO - 开始更新篮球比赛结果
2026-04-16 15:41:41 - jcbk_data - INFO - 开始获取并保存竞彩篮球比赛结果...
2026-04-16 15:41:41 - jcbk_data - INFO - 开始获取竞彩篮球比赛结果...
2026-04-16 15:41:41 - jcbk_data - INFO - 需要获取赛果的比赛: 2 场
2026-04-16 15:41:41 - jcbk_data - INFO - 赛果时间范围: 2026-04-16 到 2026-04-16
2026-04-16 15:41:42 - jcbk_data - INFO - 成功获取 2 条比赛结果
2026-04-16 15:41:42 - jcbk_data - INFO - 成功获取 2 条比赛结果
2026-04-16 15:41:42 - jcbk_data - INFO - API 返回 2 条赛果，构建索引 2 条
2026-04-16 15:41:42 - jcbk_data - INFO - ✅ 保存赛果成功: 开姆尼茨 vs 乌尔姆, 比分: 66-79
2026-04-16 15:41:42 - jcbk_data - INFO - ✅ 保存赛果成功: 洛杉矶快船 vs 金州勇士, 比分: 126-121
2026-04-16 15:41:42 - jcbk_data - INFO - 赛果统计 - 待匹配: 2, API返回: 2, 匹配成功: 2, 未匹配: 0, 保存: 2
2026-04-16 15:41:42 - jcbk_data - INFO - 成功保存 2 条赛果记录
2026-04-16 16:01:49 - jcbk_data - INFO - 开始更新篮球比赛数据
2026-04-16 16:01:49 - jcbk_data - INFO - 开始获取篮球比赛数据（带赔率）...
2026-04-16 16:01:49 - jcbk_data - INFO - 成功获取 2 场篮球比赛
2026-04-16 16:01:49 - jcbk_data - INFO - 共提取 10 场实际比赛
2026-04-16 16:01:49 - jcbk_data - INFO - 开始处理比赛数据...
2026-04-16 16:01:49 - jcbk_data - INFO - 比赛数据处理完成
2026-04-16 16:01:49 - jcbk_data - INFO - 开始获取篮球赔率数据...
2026-04-16 16:01:49 - jcbk_data - INFO - 成功获取篮球赔率数据
2026-04-16 16:01:49 - jcbk_data - INFO - 开始处理 1 条赔率数据
2026-04-16 16:01:49 - jcbk_data - INFO - 赔率数据处理完成
2026-04-16 16:01:49 - jcbk_data - INFO - 开始更新篮球比赛结果
2026-04-16 16:01:49 - jcbk_data - INFO - 开始获取并保存竞彩篮球比赛结果...
2026-04-16 16:01:49 - jcbk_data - INFO - 开始获取竞彩篮球比赛结果...
2026-04-16 16:01:49 - jcbk_data - INFO - 需要获取赛果的比赛: 2 场
2026-04-16 16:01:49 - jcbk_data - INFO - 赛果时间范围: 2026-04-16 到 2026-04-16
2026-04-16 16:01:50 - jcbk_data - INFO - 成功获取 2 条比赛结果
2026-04-16 16:01:50 - jcbk_data - INFO - 成功获取 2 条比赛结果
2026-04-16 16:01:50 - jcbk_data - INFO - API 返回 2 条赛果，构建索引 2 条
2026-04-16 16:01:50 - jcbk_data - INFO - ✅ 保存赛果成功: 开姆尼茨 vs 乌尔姆, 比分: 66-79
2026-04-16 16:01:50 - jcbk_data - INFO - ✅ 保存赛果成功: 洛杉矶快船 vs 金州勇士, 比分: 126-121
2026-04-16 16:01:50 - jcbk_data - INFO - 赛果统计 - 待匹配: 2, API返回: 2, 匹配成功: 2, 未匹配: 0, 保存: 2
2026-04-16 16:01:50 - jcbk_data - INFO - 成功保存 2 条赛果记录
2026-04-16 16:15:56 - jcbk_data - INFO - 开始更新篮球比赛数据
2026-04-16 16:15:56 - jcbk_data - INFO - 开始获取篮球比赛数据（带赔率）...
2026-04-16 16:15:56 - jcbk_data - INFO - 成功获取 2 场篮球比赛
2026-04-16 16:15:56 - jcbk_data - INFO - 共提取 10 场实际比赛
2026-04-16 16:15:56 - jcbk_data - INFO - 开始处理比赛数据...
2026-04-16 16:15:56 - jcbk_data - INFO - 比赛数据处理完成
2026-04-16 16:15:56 - jcbk_data - INFO - 开始获取篮球赔率数据...
2026-04-16 16:15:57 - jcbk_data - INFO - 成功获取篮球赔率数据
2026-04-16 16:15:57 - jcbk_data - INFO - 开始处理 1 条赔率数据
2026-04-16 16:15:57 - jcbk_data - INFO - 赔率数据处理完成
2026-04-16 16:15:57 - jcbk_data - INFO - 开始更新篮球比赛结果
2026-04-16 16:15:57 - jcbk_data - INFO - 开始获取并保存竞彩篮球比赛结果...
2026-04-16 16:15:57 - jcbk_data - INFO - 开始获取竞彩篮球比赛结果...
2026-04-16 16:15:57 - jcbk_data - INFO - 需要获取赛果的比赛: 2 场
2026-04-16 16:15:57 - jcbk_data - INFO - 赛果时间范围: 2026-04-16 到 2026-04-16
2026-04-16 16:15:57 - jcbk_data - INFO - 成功获取 2 条比赛结果
2026-04-16 16:15:57 - jcbk_data - INFO - 成功获取 2 条比赛结果
2026-04-16 16:15:57 - jcbk_data - INFO - API 返回 2 条赛果，构建索引 2 条
2026-04-16 16:15:57 - jcbk_data - INFO - ✅ 保存赛果成功: 开姆尼茨 vs 乌尔姆, 比分: 66-79
2026-04-16 16:15:57 - jcbk_data - INFO - ✅ 保存赛果成功: 洛杉矶快船 vs 金州勇士, 比分: 126-121
2026-04-16 16:15:57 - jcbk_data - INFO - 赛果统计 - 待匹配: 2, API返回: 2, 匹配成功: 2, 未匹配: 0, 保存: 2
2026-04-16 16:15:57 - jcbk_data - INFO - 成功保存 2 条赛果记录
2026-04-16 16:28:03 - jcbk_data - INFO - 开始更新篮球比赛数据
2026-04-16 16:28:03 - jcbk_data - INFO - 开始获取篮球比赛数据（带赔率）...
2026-04-16 16:28:04 - jcbk_data - INFO - 成功获取 2 场篮球比赛
2026-04-16 16:28:04 - jcbk_data - INFO - 共提取 10 场实际比赛
2026-04-16 16:28:04 - jcbk_data - INFO - 开始处理比赛数据...
2026-04-16 16:28:04 - jcbk_data - INFO - 比赛数据处理完成
2026-04-16 16:28:04 - jcbk_data - INFO - 开始获取篮球赔率数据...
2026-04-16 16:28:04 - jcbk_data - INFO - 成功获取篮球赔率数据
2026-04-16 16:28:04 - jcbk_data - INFO - 开始处理 1 条赔率数据
2026-04-16 16:28:04 - jcbk_data - INFO - 赔率数据处理完成
2026-04-16 16:28:04 - jcbk_data - INFO - 开始更新篮球比赛结果
2026-04-16 16:28:04 - jcbk_data - INFO - 开始获取并保存竞彩篮球比赛结果...
2026-04-16 16:28:04 - jcbk_data - INFO - 开始获取竞彩篮球比赛结果...
2026-04-16 16:28:04 - jcbk_data - INFO - 需要获取赛果的比赛: 2 场
2026-04-16 16:28:04 - jcbk_data - INFO - 赛果时间范围: 2026-04-16 到 2026-04-16
2026-04-16 16:28:04 - jcbk_data - INFO - 成功获取 2 条比赛结果
2026-04-16 16:28:04 - jcbk_data - INFO - 成功获取 2 条比赛结果
2026-04-16 16:28:04 - jcbk_data - INFO - API 返回 2 条赛果，构建索引 2 条
2026-04-16 16:28:04 - jcbk_data - INFO - ✅ 保存赛果成功: 开姆尼茨 vs 乌尔姆, 比分: 66-79
2026-04-16 16:28:04 - jcbk_data - INFO - ✅ 保存赛果成功: 洛杉矶快船 vs 金州勇士, 比分: 126-121
2026-04-16 16:28:04 - jcbk_data - INFO - 赛果统计 - 待匹配: 2, API返回: 2, 匹配成功: 2, 未匹配: 0, 保存: 2
2026-04-16 16:28:04 - jcbk_data - INFO - 成功保存 2 条赛果记录
2026-04-16 16:42:10 - jcbk_data - INFO - 开始更新篮球比赛数据
2026-04-16 16:42:10 - jcbk_data - INFO - 开始获取篮球比赛数据（带赔率）...
2026-04-16 16:42:11 - jcbk_data - INFO - 成功获取 2 场篮球比赛
2026-04-16 16:42:11 - jcbk_data - INFO - 共提取 10 场实际比赛
2026-04-16 16:42:11 - jcbk_data - INFO - 开始处理比赛数据...
2026-04-16 16:42:11 - jcbk_data - INFO - 比赛数据处理完成
2026-04-16 16:42:11 - jcbk_data - INFO - 开始获取篮球赔率数据...
2026-04-16 16:42:11 - jcbk_data - INFO - 成功获取篮球赔率数据
2026-04-16 16:42:11 - jcbk_data - INFO - 开始处理 1 条赔率数据
2026-04-16 16:42:11 - jcbk_data - INFO - 赔率数据处理完成
2026-04-16 16:42:11 - jcbk_data - INFO - 开始更新篮球比赛结果
2026-04-16 16:42:11 - jcbk_data - INFO - 开始获取并保存竞彩篮球比赛结果...
2026-04-16 16:42:11 - jcbk_data - INFO - 开始获取竞彩篮球比赛结果...
2026-04-16 16:42:11 - jcbk_data - INFO - 需要获取赛果的比赛: 2 场
2026-04-16 16:42:11 - jcbk_data - INFO - 赛果时间范围: 2026-04-16 到 2026-04-16
2026-04-16 16:42:12 - jcbk_data - INFO - 成功获取 2 条比赛结果
2026-04-16 16:42:12 - jcbk_data - INFO - 成功获取 2 条比赛结果
2026-04-16 16:42:12 - jcbk_data - INFO - API 返回 2 条赛果，构建索引 2 条
2026-04-16 16:42:12 - jcbk_data - INFO - ✅ 保存赛果成功: 开姆尼茨 vs 乌尔姆, 比分: 66-79
2026-04-16 16:42:12 - jcbk_data - INFO - ✅ 保存赛果成功: 洛杉矶快船 vs 金州勇士, 比分: 126-121
2026-04-16 16:42:12 - jcbk_data - INFO - 赛果统计 - 待匹配: 2, API返回: 2, 匹配成功: 2, 未匹配: 0, 保存: 2
2026-04-16 16:42:12 - jcbk_data - INFO - 成功保存 2 条赛果记录
2026-04-16 16:52:17 - jcbk_data - INFO - 开始更新篮球比赛数据
2026-04-16 16:52:17 - jcbk_data - INFO - 开始获取篮球比赛数据（带赔率）...
2026-04-16 16:52:18 - jcbk_data - INFO - 成功获取 2 场篮球比赛
2026-04-16 16:52:18 - jcbk_data - INFO - 共提取 10 场实际比赛
2026-04-16 16:52:18 - jcbk_data - INFO - 开始处理比赛数据...
2026-04-16 16:52:18 - jcbk_data - INFO - 比赛数据处理完成
2026-04-16 16:52:18 - jcbk_data - INFO - 开始获取篮球赔率数据...
2026-04-16 16:52:18 - jcbk_data - INFO - 成功获取篮球赔率数据
2026-04-16 16:52:18 - jcbk_data - INFO - 开始处理 1 条赔率数据
2026-04-16 16:52:18 - jcbk_data - INFO - 赔率数据处理完成
2026-04-16 16:52:18 - jcbk_data - INFO - 开始更新篮球比赛结果
2026-04-16 16:52:18 - jcbk_data - INFO - 开始获取并保存竞彩篮球比赛结果...
2026-04-16 16:52:18 - jcbk_data - INFO - 开始获取竞彩篮球比赛结果...
2026-04-16 16:52:18 - jcbk_data - INFO - 需要获取赛果的比赛: 2 场
2026-04-16 16:52:18 - jcbk_data - INFO - 赛果时间范围: 2026-04-16 到 2026-04-16
2026-04-16 16:52:19 - jcbk_data - INFO - 成功获取 2 条比赛结果
2026-04-16 16:52:19 - jcbk_data - INFO - 成功获取 2 条比赛结果
2026-04-16 16:52:19 - jcbk_data - INFO - API 返回 2 条赛果，构建索引 2 条
2026-04-16 16:52:19 - jcbk_data - INFO - ✅ 保存赛果成功: 开姆尼茨 vs 乌尔姆, 比分: 66-79
2026-04-16 16:52:19 - jcbk_data - INFO - ✅ 保存赛果成功: 洛杉矶快船 vs 金州勇士, 比分: 126-121
2026-04-16 16:52:19 - jcbk_data - INFO - 赛果统计 - 待匹配: 2, API返回: 2, 匹配成功: 2, 未匹配: 0, 保存: 2
2026-04-16 16:52:19 - jcbk_data - INFO - 成功保存 2 条赛果记录
2026-04-16 17:05:25 - jcbk_data - INFO - 开始更新篮球比赛数据
2026-04-16 17:05:25 - jcbk_data - INFO - 开始获取篮球比赛数据（带赔率）...
2026-04-16 17:05:26 - jcbk_data - INFO - 成功获取 2 场篮球比赛
2026-04-16 17:05:26 - jcbk_data - INFO - 共提取 10 场实际比赛
2026-04-16 17:05:26 - jcbk_data - INFO - 开始处理比赛数据...
2026-04-16 17:05:26 - jcbk_data - INFO - 比赛数据处理完成
2026-04-16 17:05:26 - jcbk_data - INFO - 开始获取篮球赔率数据...
2026-04-16 17:05:26 - jcbk_data - INFO - 成功获取篮球赔率数据
2026-04-16 17:05:26 - jcbk_data - INFO - 开始处理 1 条赔率数据
2026-04-16 17:05:26 - jcbk_data - INFO - ✓ [ 皇家马德里 vs 贝尔格莱德红星] a赔率变化: 3.150 -> 3.320 (波动+0.170)
2026-04-16 17:05:26 - jcbk_data - INFO - 赔率数据处理完成
2026-04-16 17:05:26 - jcbk_data - INFO - 开始更新篮球比赛结果
2026-04-16 17:05:26 - jcbk_data - INFO - 开始获取并保存竞彩篮球比赛结果...
2026-04-16 17:05:26 - jcbk_data - INFO - 开始获取竞彩篮球比赛结果...
2026-04-16 17:05:26 - jcbk_data - INFO - 需要获取赛果的比赛: 2 场
2026-04-16 17:05:26 - jcbk_data - INFO - 赛果时间范围: 2026-04-16 到 2026-04-16
2026-04-16 17:05:26 - jcbk_data - INFO - 成功获取 2 条比赛结果
2026-04-16 17:05:26 - jcbk_data - INFO - 成功获取 2 条比赛结果
2026-04-16 17:05:26 - jcbk_data - INFO - API 返回 2 条赛果，构建索引 2 条
2026-04-16 17:05:26 - jcbk_data - INFO - ✅ 保存赛果成功: 开姆尼茨 vs 乌尔姆, 比分: 66-79
2026-04-16 17:05:26 - jcbk_data - INFO - ✅ 保存赛果成功: 洛杉矶快船 vs 金州勇士, 比分: 126-121
2026-04-16 17:05:26 - jcbk_data - INFO - 赛果统计 - 待匹配: 2, API返回: 2, 匹配成功: 2, 未匹配: 0, 保存: 2
2026-04-16 17:05:26 - jcbk_data - INFO - 成功保存 2 条赛果记录
2026-04-16 17:17:33 - jcbk_data - INFO - 开始更新篮球比赛数据
2026-04-16 17:17:33 - jcbk_data - INFO - 开始获取篮球比赛数据（带赔率）...
2026-04-16 17:17:33 - jcbk_data - INFO - 成功获取 2 场篮球比赛
2026-04-16 17:17:33 - jcbk_data - INFO - 共提取 10 场实际比赛
2026-04-16 17:17:33 - jcbk_data - INFO - 开始处理比赛数据...
2026-04-16 17:17:33 - jcbk_data - INFO - 比赛数据处理完成
2026-04-16 17:17:33 - jcbk_data - INFO - 开始获取篮球赔率数据...
2026-04-16 17:17:34 - jcbk_data - INFO - 成功获取篮球赔率数据
2026-04-16 17:17:34 - jcbk_data - INFO - 开始处理 1 条赔率数据
2026-04-16 17:17:34 - jcbk_data - INFO - 赔率数据处理完成
2026-04-16 17:17:34 - jcbk_data - INFO - 开始更新篮球比赛结果
2026-04-16 17:17:34 - jcbk_data - INFO - 开始获取并保存竞彩篮球比赛结果...
2026-04-16 17:17:34 - jcbk_data - INFO - 开始获取竞彩篮球比赛结果...
2026-04-16 17:17:34 - jcbk_data - INFO - 需要获取赛果的比赛: 2 场
2026-04-16 17:17:34 - jcbk_data - INFO - 赛果时间范围: 2026-04-16 到 2026-04-16
2026-04-16 17:17:34 - jcbk_data - INFO - 成功获取 2 条比赛结果
2026-04-16 17:17:34 - jcbk_data - INFO - 成功获取 2 条比赛结果
2026-04-16 17:17:34 - jcbk_data - INFO - API 返回 2 条赛果，构建索引 2 条
2026-04-16 17:17:34 - jcbk_data - INFO - ✅ 保存赛果成功: 开姆尼茨 vs 乌尔姆, 比分: 66-79
2026-04-16 17:17:34 - jcbk_data - INFO - ✅ 保存赛果成功: 洛杉矶快船 vs 金州勇士, 比分: 126-121
2026-04-16 17:17:34 - jcbk_data - INFO - 赛果统计 - 待匹配: 2, API返回: 2, 匹配成功: 2, 未匹配: 0, 保存: 2
2026-04-16 17:17:34 - jcbk_data - INFO - 成功保存 2 条赛果记录
2026-04-16 17:34:40 - jcbk_data - INFO - 开始更新篮球比赛数据
2026-04-16 17:34:40 - jcbk_data - INFO - 开始获取篮球比赛数据（带赔率）...
2026-04-16 17:34:41 - jcbk_data - INFO - 成功获取 2 场篮球比赛
2026-04-16 17:34:41 - jcbk_data - INFO - 共提取 10 场实际比赛
2026-04-16 17:34:41 - jcbk_data - INFO - 开始处理比赛数据...
2026-04-16 17:34:41 - jcbk_data - INFO - 比赛数据处理完成
2026-04-16 17:34:41 - jcbk_data - INFO - 开始获取篮球赔率数据...
2026-04-16 17:34:41 - jcbk_data - INFO - 成功获取篮球赔率数据
2026-04-16 17:34:41 - jcbk_data - INFO - 开始处理 1 条赔率数据
2026-04-16 17:34:41 - jcbk_data - INFO - 赔率数据处理完成
2026-04-16 17:34:41 - jcbk_data - INFO - 开始更新篮球比赛结果
2026-04-16 17:34:41 - jcbk_data - INFO - 开始获取并保存竞彩篮球比赛结果...
2026-04-16 17:34:41 - jcbk_data - INFO - 开始获取竞彩篮球比赛结果...
2026-04-16 17:34:41 - jcbk_data - INFO - 需要获取赛果的比赛: 2 场
2026-04-16 17:34:41 - jcbk_data - INFO - 赛果时间范围: 2026-04-16 到 2026-04-16
2026-04-16 17:34:41 - jcbk_data - INFO - 成功获取 2 条比赛结果
2026-04-16 17:34:41 - jcbk_data - INFO - 成功获取 2 条比赛结果
2026-04-16 17:34:41 - jcbk_data - INFO - API 返回 2 条赛果，构建索引 2 条
2026-04-16 17:34:41 - jcbk_data - INFO - ✅ 保存赛果成功: 开姆尼茨 vs 乌尔姆, 比分: 66-79
2026-04-16 17:34:41 - jcbk_data - INFO - ✅ 保存赛果成功: 洛杉矶快船 vs 金州勇士, 比分: 126-121
2026-04-16 17:34:41 - jcbk_data - INFO - 赛果统计 - 待匹配: 2, API返回: 2, 匹配成功: 2, 未匹配: 0, 保存: 2
2026-04-16 17:34:41 - jcbk_data - INFO - 成功保存 2 条赛果记录
2026-04-16 17:54:47 - jcbk_data - INFO - 开始更新篮球比赛数据
2026-04-16 17:54:47 - jcbk_data - INFO - 开始获取篮球比赛数据（带赔率）...
2026-04-16 17:54:48 - jcbk_data - INFO - 成功获取 2 场篮球比赛
2026-04-16 17:54:48 - jcbk_data - INFO - 共提取 10 场实际比赛
2026-04-16 17:54:48 - jcbk_data - INFO - 开始处理比赛数据...
2026-04-16 17:54:48 - jcbk_data - INFO - 比赛数据处理完成
2026-04-16 17:54:48 - jcbk_data - INFO - 开始获取篮球赔率数据...
2026-04-16 17:54:48 - jcbk_data - INFO - 成功获取篮球赔率数据
2026-04-16 17:54:48 - jcbk_data - INFO - 开始处理 1 条赔率数据
2026-04-16 17:54:48 - jcbk_data - INFO - 赔率数据处理完成
2026-04-16 17:54:48 - jcbk_data - INFO - 开始更新篮球比赛结果
2026-04-16 17:54:48 - jcbk_data - INFO - 开始获取并保存竞彩篮球比赛结果...
2026-04-16 17:54:48 - jcbk_data - INFO - 开始获取竞彩篮球比赛结果...
2026-04-16 17:54:48 - jcbk_data - INFO - 需要获取赛果的比赛: 2 场
2026-04-16 17:54:48 - jcbk_data - INFO - 赛果时间范围: 2026-04-16 到 2026-04-16
2026-04-16 17:54:49 - jcbk_data - INFO - 成功获取 2 条比赛结果
2026-04-16 17:54:49 - jcbk_data - INFO - 成功获取 2 条比赛结果
2026-04-16 17:54:49 - jcbk_data - INFO - API 返回 2 条赛果，构建索引 2 条
2026-04-16 17:54:49 - jcbk_data - INFO - ✅ 保存赛果成功: 开姆尼茨 vs 乌尔姆, 比分: 66-79
2026-04-16 17:54:49 - jcbk_data - INFO - ✅ 保存赛果成功: 洛杉矶快船 vs 金州勇士, 比分: 126-121
2026-04-16 17:54:49 - jcbk_data - INFO - 赛果统计 - 待匹配: 2, API返回: 2, 匹配成功: 2, 未匹配: 0, 保存: 2
2026-04-16 17:54:49 - jcbk_data - INFO - 成功保存 2 条赛果记录
2026-04-16 18:14:55 - jcbk_data - INFO - 开始更新篮球比赛数据
2026-04-16 18:14:55 - jcbk_data - INFO - 开始获取篮球比赛数据（带赔率）...
2026-04-16 18:14:55 - jcbk_data - INFO - 成功获取 2 场篮球比赛
2026-04-16 18:14:55 - jcbk_data - INFO - 共提取 10 场实际比赛
2026-04-16 18:14:55 - jcbk_data - INFO - 开始处理比赛数据...
2026-04-16 18:14:55 - jcbk_data - INFO - 比赛数据处理完成
2026-04-16 18:14:55 - jcbk_data - INFO - 开始获取篮球赔率数据...
2026-04-16 18:14:55 - jcbk_data - INFO - 成功获取篮球赔率数据
2026-04-16 18:14:55 - jcbk_data - INFO - 开始处理 1 条赔率数据
2026-04-16 18:14:56 - jcbk_data - INFO - ✓ [ 皇家马德里 vs 贝尔格莱德红星] a赔率变化: 3.320 -> 3.600 (波动+0.280)
2026-04-16 18:14:56 - jcbk_data - INFO - 赔率数据处理完成
2026-04-16 18:14:56 - jcbk_data - INFO - 开始更新篮球比赛结果
2026-04-16 18:14:56 - jcbk_data - INFO - 开始获取并保存竞彩篮球比赛结果...
2026-04-16 18:14:56 - jcbk_data - INFO - 开始获取竞彩篮球比赛结果...
2026-04-16 18:14:56 - jcbk_data - INFO - 需要获取赛果的比赛: 2 场
2026-04-16 18:14:56 - jcbk_data - INFO - 赛果时间范围: 2026-04-16 到 2026-04-16
2026-04-16 18:14:56 - jcbk_data - INFO - 成功获取 2 条比赛结果
2026-04-16 18:14:56 - jcbk_data - INFO - 成功获取 2 条比赛结果
2026-04-16 18:14:56 - jcbk_data - INFO - API 返回 2 条赛果，构建索引 2 条
2026-04-16 18:14:56 - jcbk_data - INFO - ✅ 保存赛果成功: 开姆尼茨 vs 乌尔姆, 比分: 66-79
2026-04-16 18:14:56 - jcbk_data - INFO - ✅ 保存赛果成功: 洛杉矶快船 vs 金州勇士, 比分: 126-121
2026-04-16 18:14:56 - jcbk_data - INFO - 赛果统计 - 待匹配: 2, API返回: 2, 匹配成功: 2, 未匹配: 0, 保存: 2
2026-04-16 18:14:56 - jcbk_data - INFO - 成功保存 2 条赛果记录
2026-04-16 18:29:02 - jcbk_data - INFO - 开始更新篮球比赛数据
2026-04-16 18:29:02 - jcbk_data - INFO - 开始获取篮球比赛数据（带赔率）...
2026-04-16 18:29:02 - jcbk_data - INFO - 成功获取 2 场篮球比赛
2026-04-16 18:29:02 - jcbk_data - INFO - 共提取 10 场实际比赛
2026-04-16 18:29:02 - jcbk_data - INFO - 开始处理比赛数据...
2026-04-16 18:29:02 - jcbk_data - INFO - 比赛数据处理完成
2026-04-16 18:29:02 - jcbk_data - INFO - 开始获取篮球赔率数据...
2026-04-16 18:29:02 - jcbk_data - INFO - 成功获取篮球赔率数据
2026-04-16 18:29:02 - jcbk_data - INFO - 开始处理 1 条赔率数据
2026-04-16 18:29:02 - jcbk_data - INFO - ✓ [ 阿斯维尔 vs 费内巴切] h赔率变化: 1.750 -> 1.700 (波动+0.050)
2026-04-16 18:29:02 - jcbk_data - INFO - ✓ [ 阿斯维尔 vs 费内巴切] a赔率变化: 1.650 -> 1.700 (波动+0.050)
2026-04-16 18:29:02 - jcbk_data - INFO - 赔率数据处理完成
2026-04-16 18:29:02 - jcbk_data - INFO - 开始更新篮球比赛结果
2026-04-16 18:29:02 - jcbk_data - INFO - 开始获取并保存竞彩篮球比赛结果...
2026-04-16 18:29:02 - jcbk_data - INFO - 开始获取竞彩篮球比赛结果...
2026-04-16 18:29:02 - jcbk_data - INFO - 需要获取赛果的比赛: 2 场
2026-04-16 18:29:02 - jcbk_data - INFO - 赛果时间范围: 2026-04-16 到 2026-04-16
2026-04-16 18:29:03 - jcbk_data - INFO - 成功获取 2 条比赛结果
2026-04-16 18:29:03 - jcbk_data - INFO - 成功获取 2 条比赛结果
2026-04-16 18:29:03 - jcbk_data - INFO - API 返回 2 条赛果，构建索引 2 条
2026-04-16 18:29:03 - jcbk_data - INFO - ✅ 保存赛果成功: 开姆尼茨 vs 乌尔姆, 比分: 66-79
2026-04-16 18:29:03 - jcbk_data - INFO - ✅ 保存赛果成功: 洛杉矶快船 vs 金州勇士, 比分: 126-121
2026-04-16 18:29:03 - jcbk_data - INFO - 赛果统计 - 待匹配: 2, API返回: 2, 匹配成功: 2, 未匹配: 0, 保存: 2
2026-04-16 18:29:03 - jcbk_data - INFO - 成功保存 2 条赛果记录
2026-04-16 18:39:09 - jcbk_data - INFO - 开始更新篮球比赛数据
2026-04-16 18:39:09 - jcbk_data - INFO - 开始获取篮球比赛数据（带赔率）...
2026-04-16 18:39:09 - jcbk_data - INFO - 成功获取 2 场篮球比赛
2026-04-16 18:39:09 - jcbk_data - INFO - 共提取 10 场实际比赛
2026-04-16 18:39:09 - jcbk_data - INFO - 开始处理比赛数据...
2026-04-16 18:39:09 - jcbk_data - INFO - 比赛数据处理完成
2026-04-16 18:39:09 - jcbk_data - INFO - 开始获取篮球赔率数据...
2026-04-16 18:39:10 - jcbk_data - INFO - 成功获取篮球赔率数据
2026-04-16 18:39:10 - jcbk_data - INFO - 开始处理 1 条赔率数据
2026-04-16 18:39:10 - jcbk_data - INFO - 赔率数据处理完成
2026-04-16 18:39:10 - jcbk_data - INFO - 开始更新篮球比赛结果
2026-04-16 18:39:10 - jcbk_data - INFO - 开始获取并保存竞彩篮球比赛结果...
2026-04-16 18:39:10 - jcbk_data - INFO - 开始获取竞彩篮球比赛结果...
2026-04-16 18:39:10 - jcbk_data - INFO - 需要获取赛果的比赛: 2 场
2026-04-16 18:39:10 - jcbk_data - INFO - 赛果时间范围: 2026-04-16 到 2026-04-16
2026-04-16 18:39:10 - jcbk_data - INFO - 成功获取 2 条比赛结果
2026-04-16 18:39:10 - jcbk_data - INFO - 成功获取 2 条比赛结果
2026-04-16 18:39:10 - jcbk_data - INFO - API 返回 2 条赛果，构建索引 2 条
2026-04-16 18:39:10 - jcbk_data - INFO - ✅ 保存赛果成功: 开姆尼茨 vs 乌尔姆, 比分: 66-79
2026-04-16 18:39:10 - jcbk_data - INFO - ✅ 保存赛果成功: 洛杉矶快船 vs 金州勇士, 比分: 126-121
2026-04-16 18:39:10 - jcbk_data - INFO - 赛果统计 - 待匹配: 2, API返回: 2, 匹配成功: 2, 未匹配: 0, 保存: 2
2026-04-16 18:39:10 - jcbk_data - INFO - 成功保存 2 条赛果记录
2026-04-16 18:55:16 - jcbk_data - INFO - 开始更新篮球比赛数据
2026-04-16 18:55:16 - jcbk_data - INFO - 开始获取篮球比赛数据（带赔率）...
2026-04-16 18:55:17 - jcbk_data - INFO - 成功获取 2 场篮球比赛
2026-04-16 18:55:17 - jcbk_data - INFO - 共提取 10 场实际比赛
2026-04-16 18:55:17 - jcbk_data - INFO - 开始处理比赛数据...
2026-04-16 18:55:17 - jcbk_data - INFO - 比赛数据处理完成
2026-04-16 18:55:17 - jcbk_data - INFO - 开始获取篮球赔率数据...
2026-04-16 18:55:17 - jcbk_data - INFO - 成功获取篮球赔率数据
2026-04-16 18:55:17 - jcbk_data - INFO - 开始处理 1 条赔率数据
2026-04-16 18:55:17 - jcbk_data - INFO - ✓ [ 阿斯维尔 vs 费内巴切] h赔率变化: 3.150 -> 3.320 (波动+0.170)
2026-04-16 18:55:18 - jcbk_data - INFO - 赔率数据处理完成
2026-04-16 18:55:18 - jcbk_data - INFO - 开始更新篮球比赛结果
2026-04-16 18:55:18 - jcbk_data - INFO - 开始获取并保存竞彩篮球比赛结果...
2026-04-16 18:55:18 - jcbk_data - INFO - 开始获取竞彩篮球比赛结果...
2026-04-16 18:55:18 - jcbk_data - INFO - 需要获取赛果的比赛: 2 场
2026-04-16 18:55:18 - jcbk_data - INFO - 赛果时间范围: 2026-04-16 到 2026-04-16
2026-04-16 18:55:18 - jcbk_data - INFO - 成功获取 2 条比赛结果
2026-04-16 18:55:18 - jcbk_data - INFO - 成功获取 2 条比赛结果
2026-04-16 18:55:18 - jcbk_data - INFO - API 返回 2 条赛果，构建索引 2 条
2026-04-16 18:55:18 - jcbk_data - INFO - ✅ 保存赛果成功: 开姆尼茨 vs 乌尔姆, 比分: 66-79
2026-04-16 18:55:18 - jcbk_data - INFO - ✅ 保存赛果成功: 洛杉矶快船 vs 金州勇士, 比分: 126-121
2026-04-16 18:55:18 - jcbk_data - INFO - 赛果统计 - 待匹配: 2, API返回: 2, 匹配成功: 2, 未匹配: 0, 保存: 2
2026-04-16 18:55:18 - jcbk_data - INFO - 成功保存 2 条赛果记录
2026-04-16 19:13:24 - jcbk_data - INFO - 开始更新篮球比赛数据
2026-04-16 19:13:24 - jcbk_data - INFO - 开始获取篮球比赛数据（带赔率）...
2026-04-16 19:13:24 - jcbk_data - INFO - 成功获取 2 场篮球比赛
2026-04-16 19:13:24 - jcbk_data - INFO - 共提取 10 场实际比赛
2026-04-16 19:13:24 - jcbk_data - INFO - 开始处理比赛数据...
2026-04-16 19:13:24 - jcbk_data - INFO - 比赛数据处理完成
2026-04-16 19:13:24 - jcbk_data - INFO - 开始获取篮球赔率数据...
2026-04-16 19:13:25 - jcbk_data - INFO - 成功获取篮球赔率数据
2026-04-16 19:13:25 - jcbk_data - INFO - 开始处理 1 条赔率数据
2026-04-16 19:13:25 - jcbk_data - INFO - ✓ [ 奥林匹亚科斯 vs 米兰] h赔率变化: 1.700 -> 1.750 (波动+0.050)
2026-04-16 19:13:25 - jcbk_data - INFO - ✓ [ 奥林匹亚科斯 vs 米兰] a赔率变化: 1.700 -> 1.650 (波动+0.050)
2026-04-16 19:13:25 - jcbk_data - INFO - ✓ [ 贝尔格莱德游击 vs 巴斯克尼亚] a赔率变化: 2.310 -> 2.440 (波动+0.130)
2026-04-16 19:13:25 - jcbk_data - INFO - ✓ [ 皇家马德里 vs 贝尔格莱德红星] a赔率变化: 3.600 -> 3.820 (波动+0.220)
2026-04-16 19:13:25 - jcbk_data - INFO - 赔率数据处理完成
2026-04-16 19:13:25 - jcbk_data - INFO - 开始更新篮球比赛结果
2026-04-16 19:13:25 - jcbk_data - INFO - 开始获取并保存竞彩篮球比赛结果...
2026-04-16 19:13:25 - jcbk_data - INFO - 开始获取竞彩篮球比赛结果...
2026-04-16 19:13:25 - jcbk_data - INFO - 需要获取赛果的比赛: 2 场
2026-04-16 19:13:25 - jcbk_data - INFO - 赛果时间范围: 2026-04-16 到 2026-04-16
2026-04-16 19:13:25 - jcbk_data - INFO - 成功获取 2 条比赛结果
2026-04-16 19:13:25 - jcbk_data - INFO - 成功获取 2 条比赛结果
2026-04-16 19:13:25 - jcbk_data - INFO - API 返回 2 条赛果，构建索引 2 条
2026-04-16 19:13:25 - jcbk_data - INFO - ✅ 保存赛果成功: 开姆尼茨 vs 乌尔姆, 比分: 66-79
2026-04-16 19:13:25 - jcbk_data - INFO - ✅ 保存赛果成功: 洛杉矶快船 vs 金州勇士, 比分: 126-121
2026-04-16 19:13:25 - jcbk_data - INFO - 赛果统计 - 待匹配: 2, API返回: 2, 匹配成功: 2, 未匹配: 0, 保存: 2
2026-04-16 19:13:25 - jcbk_data - INFO - 成功保存 2 条赛果记录
2026-04-16 19:26:31 - jcbk_data - INFO - 开始更新篮球比赛数据
2026-04-16 19:26:31 - jcbk_data - INFO - 开始获取篮球比赛数据（带赔率）...
2026-04-16 19:26:31 - jcbk_data - INFO - 成功获取 2 场篮球比赛
2026-04-16 19:26:31 - jcbk_data - INFO - 共提取 10 场实际比赛
2026-04-16 19:26:31 - jcbk_data - INFO - 开始处理比赛数据...
2026-04-16 19:26:32 - jcbk_data - INFO - 比赛数据处理完成
2026-04-16 19:26:32 - jcbk_data - INFO - 开始获取篮球赔率数据...
2026-04-16 19:26:32 - jcbk_data - INFO - 成功获取篮球赔率数据
2026-04-16 19:26:32 - jcbk_data - INFO - 开始处理 1 条赔率数据
2026-04-16 19:26:32 - jcbk_data - INFO - 赔率数据处理完成
2026-04-16 19:26:32 - jcbk_data - INFO - 开始更新篮球比赛结果
2026-04-16 19:26:32 - jcbk_data - INFO - 开始获取并保存竞彩篮球比赛结果...
2026-04-16 19:26:32 - jcbk_data - INFO - 开始获取竞彩篮球比赛结果...
2026-04-16 19:26:32 - jcbk_data - INFO - 需要获取赛果的比赛: 2 场
2026-04-16 19:26:32 - jcbk_data - INFO - 赛果时间范围: 2026-04-16 到 2026-04-16
2026-04-16 19:26:33 - jcbk_data - INFO - 成功获取 2 条比赛结果
2026-04-16 19:26:33 - jcbk_data - INFO - 成功获取 2 条比赛结果
2026-04-16 19:26:33 - jcbk_data - INFO - API 返回 2 条赛果，构建索引 2 条
2026-04-16 19:26:33 - jcbk_data - INFO - ✅ 保存赛果成功: 开姆尼茨 vs 乌尔姆, 比分: 66-79
2026-04-16 19:26:33 - jcbk_data - INFO - ✅ 保存赛果成功: 洛杉矶快船 vs 金州勇士, 比分: 126-121
2026-04-16 19:26:33 - jcbk_data - INFO - 赛果统计 - 待匹配: 2, API返回: 2, 匹配成功: 2, 未匹配: 0, 保存: 2
2026-04-16 19:26:33 - jcbk_data - INFO - 成功保存 2 条赛果记录
2026-04-16 19:41:38 - jcbk_data - INFO - 开始更新篮球比赛数据
2026-04-16 19:41:38 - jcbk_data - INFO - 开始获取篮球比赛数据（带赔率）...
2026-04-16 19:41:39 - jcbk_data - INFO - 成功获取 2 场篮球比赛
2026-04-16 19:41:39 - jcbk_data - INFO - 共提取 10 场实际比赛
2026-04-16 19:41:39 - jcbk_data - INFO - 开始处理比赛数据...
2026-04-16 19:41:39 - jcbk_data - INFO - 比赛数据处理完成
2026-04-16 19:41:39 - jcbk_data - INFO - 开始获取篮球赔率数据...
2026-04-16 19:41:39 - jcbk_data - INFO - 成功获取篮球赔率数据
2026-04-16 19:41:39 - jcbk_data - INFO - 开始处理 1 条赔率数据
2026-04-16 19:41:39 - jcbk_data - INFO - ✓ [ 阿斯维尔 vs 费内巴切] h赔率变化: 3.320 -> 3.500 (波动+0.180)
2026-04-16 19:41:39 - jcbk_data - INFO - ✓ [ 奥林匹亚科斯 vs 米兰] h赔率变化: 1.750 -> 1.650 (波动+0.100)
2026-04-16 19:41:39 - jcbk_data - INFO - ✓ [ 奥林匹亚科斯 vs 米兰] a赔率变化: 1.650 -> 1.750 (波动+0.100)
2026-04-16 19:41:39 - jcbk_data - INFO - 赔率数据处理完成
2026-04-16 19:41:39 - jcbk_data - INFO - 开始更新篮球比赛结果
2026-04-16 19:41:39 - jcbk_data - INFO - 开始获取并保存竞彩篮球比赛结果...
2026-04-16 19:41:39 - jcbk_data - INFO - 开始获取竞彩篮球比赛结果...
2026-04-16 19:41:39 - jcbk_data - INFO - 需要获取赛果的比赛: 2 场
2026-04-16 19:41:39 - jcbk_data - INFO - 赛果时间范围: 2026-04-16 到 2026-04-16
2026-04-16 19:41:40 - jcbk_data - INFO - 成功获取 2 条比赛结果
2026-04-16 19:41:40 - jcbk_data - INFO - 成功获取 2 条比赛结果
2026-04-16 19:41:40 - jcbk_data - INFO - API 返回 2 条赛果，构建索引 2 条
2026-04-16 19:41:40 - jcbk_data - INFO - ✅ 保存赛果成功: 开姆尼茨 vs 乌尔姆, 比分: 66-79
2026-04-16 19:41:40 - jcbk_data - INFO - ✅ 保存赛果成功: 洛杉矶快船 vs 金州勇士, 比分: 126-121
2026-04-16 19:41:40 - jcbk_data - INFO - 赛果统计 - 待匹配: 2, API返回: 2, 匹配成功: 2, 未匹配: 0, 保存: 2
2026-04-16 19:41:40 - jcbk_data - INFO - 成功保存 2 条赛果记录
2026-04-16 19:57:46 - jcbk_data - INFO - 开始更新篮球比赛数据
2026-04-16 19:57:46 - jcbk_data - INFO - 开始获取篮球比赛数据（带赔率）...
2026-04-16 19:57:46 - jcbk_data - INFO - 成功获取 2 场篮球比赛
2026-04-16 19:57:46 - jcbk_data - INFO - 共提取 10 场实际比赛
2026-04-16 19:57:46 - jcbk_data - INFO - 开始处理比赛数据...
2026-04-16 19:57:46 - jcbk_data - INFO - 比赛数据处理完成
2026-04-16 19:57:46 - jcbk_data - INFO - 开始获取篮球赔率数据...
2026-04-16 19:57:46 - jcbk_data - INFO - 成功获取篮球赔率数据
2026-04-16 19:57:46 - jcbk_data - INFO - 开始处理 1 条赔率数据
2026-04-16 19:57:47 - jcbk_data - INFO - 赔率数据处理完成
2026-04-16 19:57:47 - jcbk_data - INFO - 开始更新篮球比赛结果
2026-04-16 19:57:47 - jcbk_data - INFO - 开始获取并保存竞彩篮球比赛结果...
2026-04-16 19:57:47 - jcbk_data - INFO - 开始获取竞彩篮球比赛结果...
2026-04-16 19:57:47 - jcbk_data - INFO - 需要获取赛果的比赛: 2 场
2026-04-16 19:57:47 - jcbk_data - INFO - 赛果时间范围: 2026-04-16 到 2026-04-16
2026-04-16 19:57:47 - jcbk_data - INFO - 成功获取 2 条比赛结果
2026-04-16 19:57:47 - jcbk_data - INFO - 成功获取 2 条比赛结果
2026-04-16 19:57:47 - jcbk_data - INFO - API 返回 2 条赛果，构建索引 2 条
2026-04-16 19:57:47 - jcbk_data - INFO - ✅ 保存赛果成功: 开姆尼茨 vs 乌尔姆, 比分: 66-79
2026-04-16 19:57:47 - jcbk_data - INFO - ✅ 保存赛果成功: 洛杉矶快船 vs 金州勇士, 比分: 126-121
2026-04-16 19:57:47 - jcbk_data - INFO - 赛果统计 - 待匹配: 2, API返回: 2, 匹配成功: 2, 未匹配: 0, 保存: 2
2026-04-16 19:57:47 - jcbk_data - INFO - 成功保存 2 条赛果记录
2026-04-16 20:14:53 - jcbk_data - INFO - 开始更新篮球比赛数据
2026-04-16 20:14:53 - jcbk_data - INFO - 开始获取篮球比赛数据（带赔率）...
2026-04-16 20:14:54 - jcbk_data - INFO - 成功获取 2 场篮球比赛
2026-04-16 20:14:54 - jcbk_data - INFO - 共提取 10 场实际比赛
2026-04-16 20:14:54 - jcbk_data - INFO - 开始处理比赛数据...
2026-04-16 20:14:54 - jcbk_data - INFO - 比赛数据处理完成
2026-04-16 20:14:54 - jcbk_data - INFO - 开始获取篮球赔率数据...
2026-04-16 20:14:54 - jcbk_data - INFO - 成功获取篮球赔率数据
2026-04-16 20:14:54 - jcbk_data - INFO - 开始处理 1 条赔率数据
2026-04-16 20:14:54 - jcbk_data - INFO - ✓ [ 奥林匹亚科斯 vs 米兰] h赔率变化: 1.650 -> 1.700 (波动+0.050)
2026-04-16 20:14:54 - jcbk_data - INFO - ✓ [ 奥林匹亚科斯 vs 米兰] a赔率变化: 1.750 -> 1.700 (波动+0.050)
2026-04-16 20:14:54 - jcbk_data - INFO - 赔率数据处理完成
2026-04-16 20:14:54 - jcbk_data - INFO - 开始更新篮球比赛结果
2026-04-16 20:14:54 - jcbk_data - INFO - 开始获取并保存竞彩篮球比赛结果...
2026-04-16 20:14:54 - jcbk_data - INFO - 开始获取竞彩篮球比赛结果...
2026-04-16 20:14:54 - jcbk_data - INFO - 需要获取赛果的比赛: 2 场
2026-04-16 20:14:54 - jcbk_data - INFO - 赛果时间范围: 2026-04-16 到 2026-04-16
2026-04-16 20:14:55 - jcbk_data - INFO - 成功获取 2 条比赛结果
2026-04-16 20:14:55 - jcbk_data - INFO - 成功获取 2 条比赛结果
2026-04-16 20:14:55 - jcbk_data - INFO - API 返回 2 条赛果，构建索引 2 条
2026-04-16 20:14:55 - jcbk_data - INFO - ✅ 保存赛果成功: 开姆尼茨 vs 乌尔姆, 比分: 66-79
2026-04-16 20:14:55 - jcbk_data - INFO - ✅ 保存赛果成功: 洛杉矶快船 vs 金州勇士, 比分: 126-121
2026-04-16 20:14:55 - jcbk_data - INFO - 赛果统计 - 待匹配: 2, API返回: 2, 匹配成功: 2, 未匹配: 0, 保存: 2
2026-04-16 20:14:55 - jcbk_data - INFO - 成功保存 2 条赛果记录
2026-04-16 20:28:01 - jcbk_data - INFO - 开始更新篮球比赛数据
2026-04-16 20:28:01 - jcbk_data - INFO - 开始获取篮球比赛数据（带赔率）...
2026-04-16 20:28:01 - jcbk_data - INFO - 成功获取 2 场篮球比赛
2026-04-16 20:28:01 - jcbk_data - INFO - 共提取 10 场实际比赛
2026-04-16 20:28:01 - jcbk_data - INFO - 开始处理比赛数据...
2026-04-16 20:28:01 - jcbk_data - INFO - 比赛数据处理完成
2026-04-16 20:28:01 - jcbk_data - INFO - 开始获取篮球赔率数据...
2026-04-16 20:28:01 - jcbk_data - INFO - 成功获取篮球赔率数据
2026-04-16 20:28:01 - jcbk_data - INFO - 开始处理 1 条赔率数据
2026-04-16 20:28:01 - jcbk_data - INFO - 赔率数据处理完成
2026-04-16 20:28:01 - jcbk_data - INFO - 开始更新篮球比赛结果
2026-04-16 20:28:01 - jcbk_data - INFO - 开始获取并保存竞彩篮球比赛结果...
2026-04-16 20:28:01 - jcbk_data - INFO - 开始获取竞彩篮球比赛结果...
2026-04-16 20:28:01 - jcbk_data - INFO - 需要获取赛果的比赛: 2 场
2026-04-16 20:28:01 - jcbk_data - INFO - 赛果时间范围: 2026-04-16 到 2026-04-16
2026-04-16 20:28:02 - jcbk_data - INFO - 成功获取 2 条比赛结果
2026-04-16 20:28:02 - jcbk_data - INFO - 成功获取 2 条比赛结果
2026-04-16 20:28:02 - jcbk_data - INFO - API 返回 2 条赛果，构建索引 2 条
2026-04-16 20:28:02 - jcbk_data - INFO - ✅ 保存赛果成功: 开姆尼茨 vs 乌尔姆, 比分: 66-79
2026-04-16 20:28:02 - jcbk_data - INFO - ✅ 保存赛果成功: 洛杉矶快船 vs 金州勇士, 比分: 126-121
2026-04-16 20:28:02 - jcbk_data - INFO - 赛果统计 - 待匹配: 2, API返回: 2, 匹配成功: 2, 未匹配: 0, 保存: 2
2026-04-16 20:28:02 - jcbk_data - INFO - 成功保存 2 条赛果记录
2026-04-16 20:44:08 - jcbk_data - INFO - 开始更新篮球比赛数据
2026-04-16 20:44:08 - jcbk_data - INFO - 开始获取篮球比赛数据（带赔率）...
2026-04-16 20:44:08 - jcbk_data - INFO - 成功获取 2 场篮球比赛
2026-04-16 20:44:08 - jcbk_data - INFO - 共提取 10 场实际比赛
2026-04-16 20:44:08 - jcbk_data - INFO - 开始处理比赛数据...
2026-04-16 20:44:08 - jcbk_data - INFO - 比赛数据处理完成
2026-04-16 20:44:08 - jcbk_data - INFO - 开始获取篮球赔率数据...
2026-04-16 20:44:08 - jcbk_data - INFO - 成功获取篮球赔率数据
2026-04-16 20:44:08 - jcbk_data - INFO - 开始处理 1 条赔率数据
2026-04-16 20:44:08 - jcbk_data - INFO - 赔率数据处理完成
2026-04-16 20:44:08 - jcbk_data - INFO - 开始更新篮球比赛结果
2026-04-16 20:44:08 - jcbk_data - INFO - 开始获取并保存竞彩篮球比赛结果...
2026-04-16 20:44:08 - jcbk_data - INFO - 开始获取竞彩篮球比赛结果...
2026-04-16 20:44:08 - jcbk_data - INFO - 需要获取赛果的比赛: 2 场
2026-04-16 20:44:08 - jcbk_data - INFO - 赛果时间范围: 2026-04-16 到 2026-04-16
2026-04-16 20:44:09 - jcbk_data - INFO - 成功获取 2 条比赛结果
2026-04-16 20:44:09 - jcbk_data - INFO - 成功获取 2 条比赛结果
2026-04-16 20:44:09 - jcbk_data - INFO - API 返回 2 条赛果，构建索引 2 条
2026-04-16 20:44:09 - jcbk_data - INFO - ✅ 保存赛果成功: 开姆尼茨 vs 乌尔姆, 比分: 66-79
2026-04-16 20:44:09 - jcbk_data - INFO - ✅ 保存赛果成功: 洛杉矶快船 vs 金州勇士, 比分: 126-121
2026-04-16 20:44:09 - jcbk_data - INFO - 赛果统计 - 待匹配: 2, API返回: 2, 匹配成功: 2, 未匹配: 0, 保存: 2
2026-04-16 20:44:09 - jcbk_data - INFO - 成功保存 2 条赛果记录
2026-04-16 21:04:15 - jcbk_data - INFO - 开始更新篮球比赛数据
2026-04-16 21:04:15 - jcbk_data - INFO - 开始获取篮球比赛数据（带赔率）...
2026-04-16 21:04:15 - jcbk_data - INFO - 成功获取 2 场篮球比赛
2026-04-16 21:04:15 - jcbk_data - INFO - 共提取 10 场实际比赛
2026-04-16 21:04:15 - jcbk_data - INFO - 开始处理比赛数据...
2026-04-16 21:04:15 - jcbk_data - INFO - 比赛数据处理完成
2026-04-16 21:04:15 - jcbk_data - INFO - 开始获取篮球赔率数据...
2026-04-16 21:04:15 - jcbk_data - INFO - 成功获取篮球赔率数据
2026-04-16 21:04:15 - jcbk_data - INFO - 开始处理 1 条赔率数据
2026-04-16 21:04:15 - jcbk_data - INFO - ✓ [ 奥林匹亚科斯 vs 米兰] h赔率变化: 1.700 -> 1.650 (波动+0.050)
2026-04-16 21:04:15 - jcbk_data - INFO - ✓ [ 奥林匹亚科斯 vs 米兰] a赔率变化: 1.700 -> 1.750 (波动+0.050)
2026-04-16 21:04:16 - jcbk_data - INFO - 赔率数据处理完成
2026-04-16 21:04:16 - jcbk_data - INFO - 开始更新篮球比赛结果
2026-04-16 21:04:16 - jcbk_data - INFO - 开始获取并保存竞彩篮球比赛结果...
2026-04-16 21:04:16 - jcbk_data - INFO - 开始获取竞彩篮球比赛结果...
2026-04-16 21:04:16 - jcbk_data - INFO - 需要获取赛果的比赛: 2 场
2026-04-16 21:04:16 - jcbk_data - INFO - 赛果时间范围: 2026-04-16 到 2026-04-16
2026-04-16 21:04:16 - jcbk_data - INFO - 成功获取 2 条比赛结果
2026-04-16 21:04:16 - jcbk_data - INFO - 成功获取 2 条比赛结果
2026-04-16 21:04:16 - jcbk_data - INFO - API 返回 2 条赛果，构建索引 2 条
2026-04-16 21:04:16 - jcbk_data - INFO - ✅ 保存赛果成功: 开姆尼茨 vs 乌尔姆, 比分: 66-79
2026-04-16 21:04:16 - jcbk_data - INFO - ✅ 保存赛果成功: 洛杉矶快船 vs 金州勇士, 比分: 126-121
2026-04-16 21:04:16 - jcbk_data - INFO - 赛果统计 - 待匹配: 2, API返回: 2, 匹配成功: 2, 未匹配: 0, 保存: 2
2026-04-16 21:04:16 - jcbk_data - INFO - 成功保存 2 条赛果记录
2026-04-16 21:17:23 - jcbk_data - INFO - 开始更新篮球比赛数据
2026-04-16 21:17:23 - jcbk_data - INFO - 开始获取篮球比赛数据（带赔率）...
2026-04-16 21:17:23 - jcbk_data - INFO - 成功获取 2 场篮球比赛
2026-04-16 21:17:23 - jcbk_data - INFO - 共提取 10 场实际比赛
2026-04-16 21:17:23 - jcbk_data - INFO - 开始处理比赛数据...
2026-04-16 21:17:23 - jcbk_data - INFO - 比赛数据处理完成
2026-04-16 21:17:23 - jcbk_data - INFO - 开始获取篮球赔率数据...
2026-04-16 21:17:23 - jcbk_data - INFO - 成功获取篮球赔率数据
2026-04-16 21:17:23 - jcbk_data - INFO - 开始处理 1 条赔率数据
2026-04-16 21:17:23 - jcbk_data - INFO - ✓ [ 贝尔格莱德游击 vs 巴斯克尼亚] a赔率变化: 2.440 -> 2.600 (波动+0.160)
2026-04-16 21:17:23 - jcbk_data - INFO - 赔率数据处理完成
2026-04-16 21:17:23 - jcbk_data - INFO - 开始更新篮球比赛结果
2026-04-16 21:17:23 - jcbk_data - INFO - 开始获取并保存竞彩篮球比赛结果...
2026-04-16 21:17:23 - jcbk_data - INFO - 开始获取竞彩篮球比赛结果...
2026-04-16 21:17:23 - jcbk_data - INFO - 需要获取赛果的比赛: 2 场
2026-04-16 21:17:23 - jcbk_data - INFO - 赛果时间范围: 2026-04-16 到 2026-04-16
2026-04-16 21:17:24 - jcbk_data - INFO - 成功获取 2 条比赛结果
2026-04-16 21:17:24 - jcbk_data - INFO - 成功获取 2 条比赛结果
2026-04-16 21:17:24 - jcbk_data - INFO - API 返回 2 条赛果，构建索引 2 条
2026-04-16 21:17:24 - jcbk_data - INFO - ✅ 保存赛果成功: 开姆尼茨 vs 乌尔姆, 比分: 66-79
2026-04-16 21:17:24 - jcbk_data - INFO - ✅ 保存赛果成功: 洛杉矶快船 vs 金州勇士, 比分: 126-121
2026-04-16 21:17:24 - jcbk_data - INFO - 赛果统计 - 待匹配: 2, API返回: 2, 匹配成功: 2, 未匹配: 0, 保存: 2
2026-04-16 21:17:24 - jcbk_data - INFO - 成功保存 2 条赛果记录
2026-04-16 21:37:31 - jcbk_data - INFO - 开始更新篮球比赛数据
2026-04-16 21:37:31 - jcbk_data - INFO - 开始获取篮球比赛数据（带赔率）...
2026-04-16 21:37:31 - jcbk_data - INFO - 成功获取 2 场篮球比赛
2026-04-16 21:37:31 - jcbk_data - INFO - 共提取 10 场实际比赛
2026-04-16 21:37:31 - jcbk_data - INFO - 开始处理比赛数据...
2026-04-16 21:37:31 - jcbk_data - INFO - 比赛数据处理完成
2026-04-16 21:37:31 - jcbk_data - INFO - 开始获取篮球赔率数据...
2026-04-16 21:37:32 - jcbk_data - INFO - 成功获取篮球赔率数据
2026-04-16 21:37:32 - jcbk_data - INFO - 开始处理 1 条赔率数据
2026-04-16 21:37:32 - jcbk_data - INFO - ✓ [ 奥林匹亚科斯 vs 米兰] h3赔率变化: 3.500 -> 3.600 (波动+0.100)
2026-04-16 21:37:32 - jcbk_data - INFO - ✓ [ 奥林匹亚科斯 vs 米兰] h4赔率变化: 4.350 -> 4.400 (波动+0.050)
2026-04-16 21:37:32 - jcbk_data - INFO - ✓ [ 奥林匹亚科斯 vs 米兰] a1赔率变化: 13.000 -> 12.500 (波动+0.500)
2026-04-16 21:37:32 - jcbk_data - INFO - ✓ [ 奥林匹亚科斯 vs 米兰] a2赔率变化: 20.000 -> 18.000 (波动+2.000)
2026-04-16 21:37:32 - jcbk_data - INFO - ✓ [ 奥林匹亚科斯 vs 米兰] a3赔率变化: 34.000 -> 29.000 (波动+5.000)
2026-04-16 21:37:32 - jcbk_data - INFO - 赔率数据处理完成
2026-04-16 21:37:32 - jcbk_data - INFO - 开始更新篮球比赛结果
2026-04-16 21:37:32 - jcbk_data - INFO - 开始获取并保存竞彩篮球比赛结果...
2026-04-16 21:37:32 - jcbk_data - INFO - 开始获取竞彩篮球比赛结果...
2026-04-16 21:37:32 - jcbk_data - INFO - 需要获取赛果的比赛: 2 场
2026-04-16 21:37:32 - jcbk_data - INFO - 赛果时间范围: 2026-04-16 到 2026-04-16
2026-04-16 21:37:33 - jcbk_data - INFO - 成功获取 2 条比赛结果
2026-04-16 21:37:33 - jcbk_data - INFO - 成功获取 2 条比赛结果
2026-04-16 21:37:33 - jcbk_data - INFO - API 返回 2 条赛果，构建索引 2 条
2026-04-16 21:37:33 - jcbk_data - INFO - ✅ 保存赛果成功: 开姆尼茨 vs 乌尔姆, 比分: 66-79
2026-04-16 21:37:33 - jcbk_data - INFO - ✅ 保存赛果成功: 洛杉矶快船 vs 金州勇士, 比分: 126-121
2026-04-16 21:37:33 - jcbk_data - INFO - 赛果统计 - 待匹配: 2, API返回: 2, 匹配成功: 2, 未匹配: 0, 保存: 2
2026-04-16 21:37:33 - jcbk_data - INFO - 成功保存 2 条赛果记录
2026-04-16 21:51:40 - jcbk_data - INFO - 开始更新篮球比赛数据
2026-04-16 21:51:40 - jcbk_data - INFO - 开始获取篮球比赛数据（带赔率）...
2026-04-16 21:51:40 - jcbk_data - INFO - 成功获取 2 场篮球比赛
2026-04-16 21:51:40 - jcbk_data - INFO - 共提取 10 场实际比赛
2026-04-16 21:51:40 - jcbk_data - INFO - 开始处理比赛数据...
2026-04-16 21:51:40 - jcbk_data - INFO - 比赛数据处理完成
2026-04-16 21:51:40 - jcbk_data - INFO - 开始获取篮球赔率数据...
2026-04-16 21:51:40 - jcbk_data - INFO - 成功获取篮球赔率数据
2026-04-16 21:51:40 - jcbk_data - INFO - 开始处理 1 条赔率数据
2026-04-16 21:51:40 - jcbk_data - INFO - ✓ [ 阿斯维尔 vs 费内巴切] h赔率变化: 3.500 -> 3.700 (波动+0.200)
2026-04-16 21:51:40 - jcbk_data - INFO - ✓ [ 阿斯维尔 vs 费内巴切] h3赔率变化: 18.000 -> 17.000 (波动+1.000)
2026-04-16 21:51:40 - jcbk_data - INFO - ✓ [ 阿斯维尔 vs 费内巴切] h4赔率变化: 28.000 -> 24.000 (波动+4.000)
2026-04-16 21:51:41 - jcbk_data - INFO - ✓ [ 奥林匹亚科斯 vs 米兰] h赔率变化: 1.650 -> 1.700 (波动+0.050)
2026-04-16 21:51:41 - jcbk_data - INFO - ✓ [ 奥林匹亚科斯 vs 米兰] a赔率变化: 1.750 -> 1.700 (波动+0.050)
2026-04-16 21:51:41 - jcbk_data - INFO - ✓ [ 贝尔格莱德游击 vs 巴斯克尼亚] h1赔率变化: 4.000 -> 4.100 (波动+0.100)
2026-04-16 21:51:41 - jcbk_data - INFO - ✓ [ 贝尔格莱德游击 vs 巴斯克尼亚] h2赔率变化: 3.500 -> 3.600 (波动+0.100)
2026-04-16 21:51:41 - jcbk_data - INFO - ✓ [ 贝尔格莱德游击 vs 巴斯克尼亚] h3赔率变化: 5.000 -> 5.100 (波动+0.100)
2026-04-16 21:51:41 - jcbk_data - INFO - ✓ [ 贝尔格莱德游击 vs 巴斯克尼亚] a3赔率变化: 13.000 -> 12.500 (波动+0.500)
2026-04-16 21:51:41 - jcbk_data - INFO - ✓ [ 贝尔格莱德游击 vs 巴斯克尼亚] a4赔率变化: 23.000 -> 20.000 (波动+3.000)
2026-04-16 21:51:41 - jcbk_data - INFO - ✓ [ 贝尔格莱德游击 vs 巴斯克尼亚] a5赔率变化: 32.000 -> 27.000 (波动+5.000)
2026-04-16 21:51:41 - jcbk_data - INFO - ✓ [ 贝尔格莱德游击 vs 巴斯克尼亚] a6赔率变化: 46.000 -> 42.000 (波动+4.000)
2026-04-16 21:51:41 - jcbk_data - INFO - 赔率数据处理完成
2026-04-16 21:51:41 - jcbk_data - INFO - 开始更新篮球比赛结果
2026-04-16 21:51:41 - jcbk_data - INFO - 开始获取并保存竞彩篮球比赛结果...
2026-04-16 21:51:41 - jcbk_data - INFO - 开始获取竞彩篮球比赛结果...
2026-04-16 21:51:41 - jcbk_data - INFO - 需要获取赛果的比赛: 2 场
2026-04-16 21:51:41 - jcbk_data - INFO - 赛果时间范围: 2026-04-16 到 2026-04-16
2026-04-16 21:51:42 - jcbk_data - INFO - 成功获取 2 条比赛结果
2026-04-16 21:51:42 - jcbk_data - INFO - 成功获取 2 条比赛结果
2026-04-16 21:51:42 - jcbk_data - INFO - API 返回 2 条赛果，构建索引 2 条
2026-04-16 21:51:42 - jcbk_data - INFO - ✅ 保存赛果成功: 开姆尼茨 vs 乌尔姆, 比分: 66-79
2026-04-16 21:51:42 - jcbk_data - INFO - ✅ 保存赛果成功: 洛杉矶快船 vs 金州勇士, 比分: 126-121
2026-04-16 21:51:42 - jcbk_data - INFO - 赛果统计 - 待匹配: 2, API返回: 2, 匹配成功: 2, 未匹配: 0, 保存: 2
2026-04-16 21:51:42 - jcbk_data - INFO - 成功保存 2 条赛果记录
2026-04-16 22:03:47 - jcbk_data - INFO - 开始更新篮球比赛数据
2026-04-16 22:03:47 - jcbk_data - INFO - 开始获取篮球比赛数据（带赔率）...
2026-04-16 22:03:48 - jcbk_data - INFO - 成功获取 2 场篮球比赛
2026-04-16 22:03:48 - jcbk_data - INFO - 共提取 10 场实际比赛
2026-04-16 22:03:48 - jcbk_data - INFO - 开始处理比赛数据...
2026-04-16 22:03:48 - jcbk_data - INFO - 比赛数据处理完成
2026-04-16 22:03:48 - jcbk_data - INFO - 开始获取篮球赔率数据...
2026-04-16 22:03:48 - jcbk_data - INFO - 成功获取篮球赔率数据
2026-04-16 22:03:48 - jcbk_data - INFO - 开始处理 1 条赔率数据
2026-04-16 22:03:48 - jcbk_data - INFO - 赔率数据处理完成
2026-04-16 22:03:48 - jcbk_data - INFO - 开始更新篮球比赛结果
2026-04-16 22:03:48 - jcbk_data - INFO - 开始获取并保存竞彩篮球比赛结果...
2026-04-16 22:03:48 - jcbk_data - INFO - 开始获取竞彩篮球比赛结果...
2026-04-16 22:03:48 - jcbk_data - INFO - 需要获取赛果的比赛: 2 场
2026-04-16 22:03:48 - jcbk_data - INFO - 赛果时间范围: 2026-04-16 到 2026-04-16
2026-04-16 22:03:48 - jcbk_data - INFO - 成功获取 2 条比赛结果
2026-04-16 22:03:48 - jcbk_data - INFO - 成功获取 2 条比赛结果
2026-04-16 22:03:48 - jcbk_data - INFO - API 返回 2 条赛果，构建索引 2 条
2026-04-16 22:03:49 - jcbk_data - INFO - ✅ 保存赛果成功: 开姆尼茨 vs 乌尔姆, 比分: 66-79
2026-04-16 22:03:49 - jcbk_data - INFO - ✅ 保存赛果成功: 洛杉矶快船 vs 金州勇士, 比分: 126-121
2026-04-16 22:03:49 - jcbk_data - INFO - 赛果统计 - 待匹配: 2, API返回: 2, 匹配成功: 2, 未匹配: 0, 保存: 2
2026-04-16 22:03:49 - jcbk_data - INFO - 成功保存 2 条赛果记录
2026-04-16 22:23:54 - jcbk_data - INFO - 开始更新篮球比赛数据
2026-04-16 22:23:54 - jcbk_data - INFO - 开始获取篮球比赛数据（带赔率）...
2026-04-16 22:23:55 - jcbk_data - INFO - 成功获取 2 场篮球比赛
2026-04-16 22:23:55 - jcbk_data - INFO - 共提取 10 场实际比赛
2026-04-16 22:23:55 - jcbk_data - INFO - 开始处理比赛数据...
2026-04-16 22:23:55 - jcbk_data - INFO - 比赛数据处理完成
2026-04-16 22:23:55 - jcbk_data - INFO - 开始获取篮球赔率数据...
2026-04-16 22:23:55 - jcbk_data - INFO - 成功获取篮球赔率数据
2026-04-16 22:23:55 - jcbk_data - INFO - 开始处理 1 条赔率数据
2026-04-16 22:23:55 - jcbk_data - INFO - 赔率数据处理完成
2026-04-16 22:23:55 - jcbk_data - INFO - 开始更新篮球比赛结果
2026-04-16 22:23:55 - jcbk_data - INFO - 开始获取并保存竞彩篮球比赛结果...
2026-04-16 22:23:55 - jcbk_data - INFO - 开始获取竞彩篮球比赛结果...
2026-04-16 22:23:55 - jcbk_data - INFO - 需要获取赛果的比赛: 2 场
2026-04-16 22:23:55 - jcbk_data - INFO - 赛果时间范围: 2026-04-16 到 2026-04-16
2026-04-16 22:23:55 - jcbk_data - INFO - 成功获取 2 条比赛结果
2026-04-16 22:23:55 - jcbk_data - INFO - 成功获取 2 条比赛结果
2026-04-16 22:23:55 - jcbk_data - INFO - API 返回 2 条赛果，构建索引 2 条
2026-04-16 22:23:55 - jcbk_data - INFO - ✅ 保存赛果成功: 开姆尼茨 vs 乌尔姆, 比分: 66-79
2026-04-16 22:23:55 - jcbk_data - INFO - ✅ 保存赛果成功: 洛杉矶快船 vs 金州勇士, 比分: 126-121
2026-04-16 22:23:55 - jcbk_data - INFO - 赛果统计 - 待匹配: 2, API返回: 2, 匹配成功: 2, 未匹配: 0, 保存: 2
2026-04-16 22:23:55 - jcbk_data - INFO - 成功保存 2 条赛果记录
2026-04-16 22:41:02 - jcbk_data - INFO - 开始更新篮球比赛数据
2026-04-16 22:41:02 - jcbk_data - INFO - 开始获取篮球比赛数据（带赔率）...
2026-04-16 22:41:02 - jcbk_data - INFO - 成功获取 2 场篮球比赛
2026-04-16 22:41:02 - jcbk_data - INFO - 共提取 10 场实际比赛
2026-04-16 22:41:02 - jcbk_data - INFO - 开始处理比赛数据...
2026-04-16 22:41:02 - jcbk_data - INFO - 比赛数据处理完成
2026-04-16 22:41:02 - jcbk_data - INFO - 开始获取篮球赔率数据...
2026-04-16 22:41:02 - jcbk_data - INFO - 成功获取篮球赔率数据
2026-04-16 22:41:02 - jcbk_data - INFO - 开始处理 1 条赔率数据
2026-04-16 22:41:03 - jcbk_data - INFO - 赔率数据处理完成
2026-04-16 22:41:03 - jcbk_data - INFO - 开始更新篮球比赛结果
2026-04-16 22:41:03 - jcbk_data - INFO - 开始获取并保存竞彩篮球比赛结果...
2026-04-16 22:41:03 - jcbk_data - INFO - 开始获取竞彩篮球比赛结果...
2026-04-16 22:41:03 - jcbk_data - INFO - 需要获取赛果的比赛: 2 场
2026-04-16 22:41:03 - jcbk_data - INFO - 赛果时间范围: 2026-04-16 到 2026-04-16
2026-04-16 22:41:03 - jcbk_data - INFO - 成功获取 2 条比赛结果
2026-04-16 22:41:03 - jcbk_data - INFO - 成功获取 2 条比赛结果
2026-04-16 22:41:03 - jcbk_data - INFO - API 返回 2 条赛果，构建索引 2 条
2026-04-16 22:41:03 - jcbk_data - INFO - ✅ 保存赛果成功: 开姆尼茨 vs 乌尔姆, 比分: 66-79
2026-04-16 22:41:03 - jcbk_data - INFO - ✅ 保存赛果成功: 洛杉矶快船 vs 金州勇士, 比分: 126-121
2026-04-16 22:41:03 - jcbk_data - INFO - 赛果统计 - 待匹配: 2, API返回: 2, 匹配成功: 2, 未匹配: 0, 保存: 2
2026-04-16 22:41:03 - jcbk_data - INFO - 成功保存 2 条赛果记录
2026-04-16 22:53:10 - jcbk_data - INFO - 开始更新篮球比赛数据
2026-04-16 22:53:10 - jcbk_data - INFO - 开始获取篮球比赛数据（带赔率）...
2026-04-16 22:53:10 - jcbk_data - INFO - 成功获取 2 场篮球比赛
2026-04-16 22:53:10 - jcbk_data - INFO - 共提取 10 场实际比赛
2026-04-16 22:53:10 - jcbk_data - INFO - 开始处理比赛数据...
2026-04-16 22:53:10 - jcbk_data - INFO - 比赛数据处理完成
2026-04-16 22:53:10 - jcbk_data - INFO - 开始获取篮球赔率数据...
2026-04-16 22:53:11 - jcbk_data - INFO - 成功获取篮球赔率数据
2026-04-16 22:53:11 - jcbk_data - INFO - 开始处理 1 条赔率数据
2026-04-16 22:53:11 - jcbk_data - INFO - 赔率数据处理完成
2026-04-16 22:53:11 - jcbk_data - INFO - 开始更新篮球比赛结果
2026-04-16 22:53:11 - jcbk_data - INFO - 开始获取并保存竞彩篮球比赛结果...
2026-04-16 22:53:11 - jcbk_data - INFO - 开始获取竞彩篮球比赛结果...
2026-04-16 22:53:11 - jcbk_data - INFO - 需要获取赛果的比赛: 2 场
2026-04-16 22:53:11 - jcbk_data - INFO - 赛果时间范围: 2026-04-16 到 2026-04-16
2026-04-16 22:53:11 - jcbk_data - INFO - 成功获取 2 条比赛结果
2026-04-16 22:53:11 - jcbk_data - INFO - 成功获取 2 条比赛结果
2026-04-16 22:53:11 - jcbk_data - INFO - API 返回 2 条赛果，构建索引 2 条
2026-04-16 22:53:11 - jcbk_data - INFO - ✅ 保存赛果成功: 开姆尼茨 vs 乌尔姆, 比分: 66-79
2026-04-16 22:53:11 - jcbk_data - INFO - ✅ 保存赛果成功: 洛杉矶快船 vs 金州勇士, 比分: 126-121
2026-04-16 22:53:11 - jcbk_data - INFO - 赛果统计 - 待匹配: 2, API返回: 2, 匹配成功: 2, 未匹配: 0, 保存: 2
2026-04-16 22:53:11 - jcbk_data - INFO - 成功保存 2 条赛果记录
2026-04-16 23:13:17 - jcbk_data - INFO - 开始更新篮球比赛数据
2026-04-16 23:13:17 - jcbk_data - INFO - 开始获取篮球比赛数据（带赔率）...
2026-04-16 23:13:17 - jcbk_data - INFO - 成功获取 2 场篮球比赛
2026-04-16 23:13:17 - jcbk_data - INFO - 共提取 10 场实际比赛
2026-04-16 23:13:17 - jcbk_data - INFO - 开始处理比赛数据...
2026-04-16 23:13:17 - jcbk_data - INFO - 比赛数据处理完成
2026-04-16 23:13:17 - jcbk_data - INFO - 开始获取篮球赔率数据...
2026-04-16 23:13:17 - jcbk_data - INFO - 成功获取篮球赔率数据
2026-04-16 23:13:17 - jcbk_data - INFO - 开始处理 1 条赔率数据
2026-04-16 23:13:18 - jcbk_data - INFO - 赔率数据处理完成
2026-04-16 23:13:18 - jcbk_data - INFO - 开始更新篮球比赛结果
2026-04-16 23:13:18 - jcbk_data - INFO - 开始获取并保存竞彩篮球比赛结果...
2026-04-16 23:13:18 - jcbk_data - INFO - 开始获取竞彩篮球比赛结果...
2026-04-16 23:13:18 - jcbk_data - INFO - 需要获取赛果的比赛: 2 场
2026-04-16 23:13:18 - jcbk_data - INFO - 赛果时间范围: 2026-04-16 到 2026-04-16
2026-04-16 23:13:18 - jcbk_data - INFO - 成功获取 2 条比赛结果
2026-04-16 23:13:18 - jcbk_data - INFO - 成功获取 2 条比赛结果
2026-04-16 23:13:18 - jcbk_data - INFO - API 返回 2 条赛果，构建索引 2 条
2026-04-16 23:13:18 - jcbk_data - INFO - ✅ 保存赛果成功: 开姆尼茨 vs 乌尔姆, 比分: 66-79
2026-04-16 23:13:18 - jcbk_data - INFO - ✅ 保存赛果成功: 洛杉矶快船 vs 金州勇士, 比分: 126-121
2026-04-16 23:13:18 - jcbk_data - INFO - 赛果统计 - 待匹配: 2, API返回: 2, 匹配成功: 2, 未匹配: 0, 保存: 2
2026-04-16 23:13:18 - jcbk_data - INFO - 成功保存 2 条赛果记录
2026-04-16 23:29:24 - jcbk_data - INFO - 开始更新篮球比赛数据
2026-04-16 23:29:24 - jcbk_data - INFO - 开始获取篮球比赛数据（带赔率）...
2026-04-16 23:29:25 - jcbk_data - INFO - 成功获取 2 场篮球比赛
2026-04-16 23:29:25 - jcbk_data - INFO - 共提取 10 场实际比赛
2026-04-16 23:29:25 - jcbk_data - INFO - 开始处理比赛数据...
2026-04-16 23:29:25 - jcbk_data - INFO - 比赛数据处理完成
2026-04-16 23:29:25 - jcbk_data - INFO - 开始获取篮球赔率数据...
2026-04-16 23:29:25 - jcbk_data - INFO - 成功获取篮球赔率数据
2026-04-16 23:29:25 - jcbk_data - INFO - 开始处理 1 条赔率数据
2026-04-16 23:29:25 - jcbk_data - INFO - 赔率数据处理完成
2026-04-16 23:29:25 - jcbk_data - INFO - 开始更新篮球比赛结果
2026-04-16 23:29:25 - jcbk_data - INFO - 开始获取并保存竞彩篮球比赛结果...
2026-04-16 23:29:25 - jcbk_data - INFO - 开始获取竞彩篮球比赛结果...
2026-04-16 23:29:25 - jcbk_data - INFO - 需要获取赛果的比赛: 2 场
2026-04-16 23:29:25 - jcbk_data - INFO - 赛果时间范围: 2026-04-16 到 2026-04-16
2026-04-16 23:29:26 - jcbk_data - INFO - 成功获取 2 条比赛结果
2026-04-16 23:29:26 - jcbk_data - INFO - 成功获取 2 条比赛结果
2026-04-16 23:29:26 - jcbk_data - INFO - API 返回 2 条赛果，构建索引 2 条
2026-04-16 23:29:26 - jcbk_data - INFO - ✅ 保存赛果成功: 开姆尼茨 vs 乌尔姆, 比分: 66-79
2026-04-16 23:29:26 - jcbk_data - INFO - ✅ 保存赛果成功: 洛杉矶快船 vs 金州勇士, 比分: 126-121
2026-04-16 23:29:26 - jcbk_data - INFO - 赛果统计 - 待匹配: 2, API返回: 2, 匹配成功: 2, 未匹配: 0, 保存: 2
2026-04-16 23:29:26 - jcbk_data - INFO - 成功保存 2 条赛果记录
2026-04-16 23:48:31 - jcbk_data - INFO - 开始更新篮球比赛数据
2026-04-16 23:48:31 - jcbk_data - INFO - 开始获取篮球比赛数据（带赔率）...
2026-04-16 23:48:32 - jcbk_data - INFO - 成功获取 2 场篮球比赛
2026-04-16 23:48:32 - jcbk_data - INFO - 共提取 10 场实际比赛
2026-04-16 23:48:32 - jcbk_data - INFO - 开始处理比赛数据...
2026-04-16 23:48:32 - jcbk_data - INFO - 比赛数据处理完成
2026-04-16 23:48:32 - jcbk_data - INFO - 开始获取篮球赔率数据...
2026-04-16 23:48:32 - jcbk_data - INFO - 成功获取篮球赔率数据
2026-04-16 23:48:32 - jcbk_data - INFO - 开始处理 1 条赔率数据
2026-04-16 23:48:32 - jcbk_data - INFO - 赔率数据处理完成
2026-04-16 23:48:32 - jcbk_data - INFO - 开始更新篮球比赛结果
2026-04-16 23:48:32 - jcbk_data - INFO - 开始获取并保存竞彩篮球比赛结果...
2026-04-16 23:48:32 - jcbk_data - INFO - 开始获取竞彩篮球比赛结果...
2026-04-16 23:48:32 - jcbk_data - INFO - 需要获取赛果的比赛: 2 场
2026-04-16 23:48:32 - jcbk_data - INFO - 赛果时间范围: 2026-04-16 到 2026-04-16
2026-04-16 23:48:33 - jcbk_data - INFO - 成功获取 2 条比赛结果
2026-04-16 23:48:33 - jcbk_data - INFO - 成功获取 2 条比赛结果
2026-04-16 23:48:33 - jcbk_data - INFO - API 返回 2 条赛果，构建索引 2 条
2026-04-16 23:48:33 - jcbk_data - INFO - ✅ 保存赛果成功: 开姆尼茨 vs 乌尔姆, 比分: 66-79
2026-04-16 23:48:33 - jcbk_data - INFO - ✅ 保存赛果成功: 洛杉矶快船 vs 金州勇士, 比分: 126-121
2026-04-16 23:48:33 - jcbk_data - INFO - 赛果统计 - 待匹配: 2, API返回: 2, 匹配成功: 2, 未匹配: 0, 保存: 2
2026-04-16 23:48:33 - jcbk_data - INFO - 成功保存 2 条赛果记录
2026-04-17 00:06:39 - jcbk_data - INFO - 开始更新篮球比赛数据
2026-04-17 00:06:39 - jcbk_data - INFO - 开始获取篮球比赛数据（带赔率）...
2026-04-17 00:06:39 - jcbk_data - INFO - 成功获取 2 场篮球比赛
2026-04-17 00:06:39 - jcbk_data - INFO - 共提取 10 场实际比赛
2026-04-17 00:06:39 - jcbk_data - INFO - 开始处理比赛数据...
2026-04-17 00:06:39 - jcbk_data - INFO - 比赛数据处理完成
2026-04-17 00:06:39 - jcbk_data - INFO - 开始获取篮球赔率数据...
2026-04-17 00:06:40 - jcbk_data - INFO - 成功获取篮球赔率数据
2026-04-17 00:06:40 - jcbk_data - INFO - 开始处理 1 条赔率数据
2026-04-17 00:06:40 - jcbk_data - INFO - 赔率数据处理完成
2026-04-17 00:06:40 - jcbk_data - INFO - 开始更新篮球比赛结果
2026-04-17 00:06:40 - jcbk_data - INFO - 开始获取并保存竞彩篮球比赛结果...
2026-04-17 00:06:40 - jcbk_data - INFO - 开始获取竞彩篮球比赛结果...
2026-04-17 00:06:40 - jcbk_data - INFO - 需要获取赛果的比赛: 2 场
2026-04-17 00:06:40 - jcbk_data - INFO - 赛果时间范围: 2026-04-16 到 2026-04-16
2026-04-17 00:06:40 - jcbk_data - INFO - 成功获取 2 条比赛结果
2026-04-17 00:06:40 - jcbk_data - INFO - 成功获取 2 条比赛结果
2026-04-17 00:06:40 - jcbk_data - INFO - API 返回 2 条赛果，构建索引 2 条
2026-04-17 00:06:40 - jcbk_data - INFO - ✅ 保存赛果成功: 开姆尼茨 vs 乌尔姆, 比分: 66-79
2026-04-17 00:06:40 - jcbk_data - INFO - ✅ 保存赛果成功: 洛杉矶快船 vs 金州勇士, 比分: 126-121
2026-04-17 00:06:40 - jcbk_data - INFO - 赛果统计 - 待匹配: 2, API返回: 2, 匹配成功: 2, 未匹配: 0, 保存: 2
2026-04-17 00:06:40 - jcbk_data - INFO - 成功保存 2 条赛果记录
2026-04-17 00:21:46 - jcbk_data - INFO - 开始更新篮球比赛数据
2026-04-17 00:21:46 - jcbk_data - INFO - 开始获取篮球比赛数据（带赔率）...
2026-04-17 00:21:46 - jcbk_data - INFO - 成功获取 2 场篮球比赛
2026-04-17 00:21:46 - jcbk_data - INFO - 共提取 10 场实际比赛
2026-04-17 00:21:46 - jcbk_data - INFO - 开始处理比赛数据...
2026-04-17 00:21:46 - jcbk_data - INFO - 比赛数据处理完成
2026-04-17 00:21:46 - jcbk_data - INFO - 开始获取篮球赔率数据...
2026-04-17 00:21:47 - jcbk_data - INFO - 成功获取篮球赔率数据
2026-04-17 00:21:47 - jcbk_data - INFO - 开始处理 1 条赔率数据
2026-04-17 00:21:47 - jcbk_data - INFO - 赔率数据处理完成
2026-04-17 00:21:47 - jcbk_data - INFO - 开始更新篮球比赛结果
2026-04-17 00:21:47 - jcbk_data - INFO - 开始获取并保存竞彩篮球比赛结果...
2026-04-17 00:21:47 - jcbk_data - INFO - 开始获取竞彩篮球比赛结果...
2026-04-17 00:21:47 - jcbk_data - INFO - 需要获取赛果的比赛: 2 场
2026-04-17 00:21:47 - jcbk_data - INFO - 赛果时间范围: 2026-04-16 到 2026-04-16
2026-04-17 00:21:47 - jcbk_data - INFO - 成功获取 2 条比赛结果
2026-04-17 00:21:47 - jcbk_data - INFO - 成功获取 2 条比赛结果
2026-04-17 00:21:47 - jcbk_data - INFO - API 返回 2 条赛果，构建索引 2 条
2026-04-17 00:21:47 - jcbk_data - INFO - ✅ 保存赛果成功: 开姆尼茨 vs 乌尔姆, 比分: 66-79
2026-04-17 00:21:47 - jcbk_data - INFO - ✅ 保存赛果成功: 洛杉矶快船 vs 金州勇士, 比分: 126-121
2026-04-17 00:21:47 - jcbk_data - INFO - 赛果统计 - 待匹配: 2, API返回: 2, 匹配成功: 2, 未匹配: 0, 保存: 2
2026-04-17 00:21:47 - jcbk_data - INFO - 成功保存 2 条赛果记录
2026-04-17 00:36:53 - jcbk_data - INFO - 开始更新篮球比赛数据
2026-04-17 00:36:53 - jcbk_data - INFO - 开始获取篮球比赛数据（带赔率）...
2026-04-17 00:36:53 - jcbk_data - INFO - 成功获取 2 场篮球比赛
2026-04-17 00:36:53 - jcbk_data - INFO - 共提取 10 场实际比赛
2026-04-17 00:36:53 - jcbk_data - INFO - 开始处理比赛数据...
2026-04-17 00:36:53 - jcbk_data - INFO - 比赛数据处理完成
2026-04-17 00:36:53 - jcbk_data - INFO - 开始获取篮球赔率数据...
2026-04-17 00:36:54 - jcbk_data - INFO - 成功获取篮球赔率数据
2026-04-17 00:36:54 - jcbk_data - INFO - 开始处理 1 条赔率数据
2026-04-17 00:36:54 - jcbk_data - INFO - 赔率数据处理完成
2026-04-17 00:36:54 - jcbk_data - INFO - 开始更新篮球比赛结果
2026-04-17 00:36:54 - jcbk_data - INFO - 开始获取并保存竞彩篮球比赛结果...
2026-04-17 00:36:54 - jcbk_data - INFO - 开始获取竞彩篮球比赛结果...
2026-04-17 00:36:54 - jcbk_data - INFO - 需要获取赛果的比赛: 2 场
2026-04-17 00:36:54 - jcbk_data - INFO - 赛果时间范围: 2026-04-16 到 2026-04-16
2026-04-17 00:36:54 - jcbk_data - INFO - 成功获取 2 条比赛结果
2026-04-17 00:36:54 - jcbk_data - INFO - 成功获取 2 条比赛结果
2026-04-17 00:36:54 - jcbk_data - INFO - API 返回 2 条赛果，构建索引 2 条
2026-04-17 00:36:54 - jcbk_data - INFO - ✅ 保存赛果成功: 开姆尼茨 vs 乌尔姆, 比分: 66-79
2026-04-17 00:36:54 - jcbk_data - INFO - ✅ 保存赛果成功: 洛杉矶快船 vs 金州勇士, 比分: 126-121
2026-04-17 00:36:54 - jcbk_data - INFO - 赛果统计 - 待匹配: 2, API返回: 2, 匹配成功: 2, 未匹配: 0, 保存: 2
2026-04-17 00:36:54 - jcbk_data - INFO - 成功保存 2 条赛果记录
2026-04-17 00:48:00 - jcbk_data - INFO - 开始更新篮球比赛数据
2026-04-17 00:48:00 - jcbk_data - INFO - 开始获取篮球比赛数据（带赔率）...
2026-04-17 00:48:00 - jcbk_data - INFO - 成功获取 2 场篮球比赛
2026-04-17 00:48:00 - jcbk_data - INFO - 共提取 10 场实际比赛
2026-04-17 00:48:00 - jcbk_data - INFO - 开始处理比赛数据...
2026-04-17 00:48:00 - jcbk_data - INFO - 比赛数据处理完成
2026-04-17 00:48:00 - jcbk_data - INFO - 开始获取篮球赔率数据...
2026-04-17 00:48:00 - jcbk_data - INFO - 成功获取篮球赔率数据
2026-04-17 00:48:00 - jcbk_data - INFO - 开始处理 1 条赔率数据
2026-04-17 00:48:00 - jcbk_data - INFO - 赔率数据处理完成
2026-04-17 00:48:00 - jcbk_data - INFO - 开始更新篮球比赛结果
2026-04-17 00:48:00 - jcbk_data - INFO - 开始获取并保存竞彩篮球比赛结果...
2026-04-17 00:48:00 - jcbk_data - INFO - 开始获取竞彩篮球比赛结果...
2026-04-17 00:48:00 - jcbk_data - INFO - 需要获取赛果的比赛: 2 场
2026-04-17 00:48:00 - jcbk_data - INFO - 赛果时间范围: 2026-04-16 到 2026-04-16
2026-04-17 00:48:01 - jcbk_data - INFO - 成功获取 2 条比赛结果
2026-04-17 00:48:01 - jcbk_data - INFO - 成功获取 2 条比赛结果
2026-04-17 00:48:01 - jcbk_data - INFO - API 返回 2 条赛果，构建索引 2 条
2026-04-17 00:48:01 - jcbk_data - INFO - ✅ 保存赛果成功: 开姆尼茨 vs 乌尔姆, 比分: 66-79
2026-04-17 00:48:01 - jcbk_data - INFO - ✅ 保存赛果成功: 洛杉矶快船 vs 金州勇士, 比分: 126-121
2026-04-17 00:48:01 - jcbk_data - INFO - 赛果统计 - 待匹配: 2, API返回: 2, 匹配成功: 2, 未匹配: 0, 保存: 2
2026-04-17 00:48:01 - jcbk_data - INFO - 成功保存 2 条赛果记录
2026-04-17 00:58:07 - jcbk_data - INFO - 开始更新篮球比赛数据
2026-04-17 00:58:07 - jcbk_data - INFO - 开始获取篮球比赛数据（带赔率）...
2026-04-17 00:58:07 - jcbk_data - INFO - 成功获取 2 场篮球比赛
2026-04-17 00:58:07 - jcbk_data - INFO - 共提取 10 场实际比赛
2026-04-17 00:58:07 - jcbk_data - INFO - 开始处理比赛数据...
2026-04-17 00:58:07 - jcbk_data - INFO - 比赛数据处理完成
2026-04-17 00:58:07 - jcbk_data - INFO - 开始获取篮球赔率数据...
2026-04-17 00:58:07 - jcbk_data - INFO - 成功获取篮球赔率数据
2026-04-17 00:58:07 - jcbk_data - INFO - 开始处理 1 条赔率数据
2026-04-17 00:58:07 - jcbk_data - INFO - 赔率数据处理完成
2026-04-17 00:58:07 - jcbk_data - INFO - 开始更新篮球比赛结果
2026-04-17 00:58:07 - jcbk_data - INFO - 开始获取并保存竞彩篮球比赛结果...
2026-04-17 00:58:07 - jcbk_data - INFO - 开始获取竞彩篮球比赛结果...
2026-04-17 00:58:07 - jcbk_data - INFO - 需要获取赛果的比赛: 2 场
2026-04-17 00:58:07 - jcbk_data - INFO - 赛果时间范围: 2026-04-16 到 2026-04-16
2026-04-17 00:58:08 - jcbk_data - INFO - 成功获取 2 条比赛结果
2026-04-17 00:58:08 - jcbk_data - INFO - 成功获取 2 条比赛结果
2026-04-17 00:58:08 - jcbk_data - INFO - API 返回 2 条赛果，构建索引 2 条
2026-04-17 00:58:08 - jcbk_data - INFO - ✅ 保存赛果成功: 开姆尼茨 vs 乌尔姆, 比分: 66-79
2026-04-17 00:58:08 - jcbk_data - INFO - ✅ 保存赛果成功: 洛杉矶快船 vs 金州勇士, 比分: 126-121
2026-04-17 00:58:08 - jcbk_data - INFO - 赛果统计 - 待匹配: 2, API返回: 2, 匹配成功: 2, 未匹配: 0, 保存: 2
2026-04-17 00:58:08 - jcbk_data - INFO - 成功保存 2 条赛果记录
2026-04-17 01:11:14 - jcbk_data - INFO - 开始更新篮球比赛数据
2026-04-17 01:11:14 - jcbk_data - INFO - 开始获取篮球比赛数据（带赔率）...
2026-04-17 01:11:14 - jcbk_data - INFO - 成功获取 2 场篮球比赛
2026-04-17 01:11:14 - jcbk_data - INFO - 共提取 10 场实际比赛
2026-04-17 01:11:14 - jcbk_data - INFO - 开始处理比赛数据...
2026-04-17 01:11:14 - jcbk_data - INFO - 比赛数据处理完成
2026-04-17 01:11:14 - jcbk_data - INFO - 开始获取篮球赔率数据...
2026-04-17 01:11:14 - jcbk_data - INFO - 成功获取篮球赔率数据
2026-04-17 01:11:14 - jcbk_data - INFO - 开始处理 1 条赔率数据
2026-04-17 01:11:14 - jcbk_data - INFO - 赔率数据处理完成
2026-04-17 01:11:14 - jcbk_data - INFO - 开始更新篮球比赛结果
2026-04-17 01:11:14 - jcbk_data - INFO - 开始获取并保存竞彩篮球比赛结果...
2026-04-17 01:11:14 - jcbk_data - INFO - 开始获取竞彩篮球比赛结果...
2026-04-17 01:11:14 - jcbk_data - INFO - 需要获取赛果的比赛: 2 场
2026-04-17 01:11:14 - jcbk_data - INFO - 赛果时间范围: 2026-04-16 到 2026-04-16
2026-04-17 01:11:15 - jcbk_data - INFO - 成功获取 2 条比赛结果
2026-04-17 01:11:15 - jcbk_data - INFO - 成功获取 2 条比赛结果
2026-04-17 01:11:15 - jcbk_data - INFO - API 返回 2 条赛果，构建索引 2 条
2026-04-17 01:11:15 - jcbk_data - INFO - ✅ 保存赛果成功: 开姆尼茨 vs 乌尔姆, 比分: 66-79
2026-04-17 01:11:15 - jcbk_data - INFO - ✅ 保存赛果成功: 洛杉矶快船 vs 金州勇士, 比分: 126-121
2026-04-17 01:11:15 - jcbk_data - INFO - 赛果统计 - 待匹配: 2, API返回: 2, 匹配成功: 2, 未匹配: 0, 保存: 2
2026-04-17 01:11:15 - jcbk_data - INFO - 成功保存 2 条赛果记录
2026-04-17 01:23:21 - jcbk_data - INFO - 开始更新篮球比赛数据
2026-04-17 01:23:21 - jcbk_data - INFO - 开始获取篮球比赛数据（带赔率）...
2026-04-17 01:23:21 - jcbk_data - INFO - 成功获取 2 场篮球比赛
2026-04-17 01:23:21 - jcbk_data - INFO - 共提取 10 场实际比赛
2026-04-17 01:23:21 - jcbk_data - INFO - 开始处理比赛数据...
2026-04-17 01:23:21 - jcbk_data - INFO - 比赛数据处理完成
2026-04-17 01:23:21 - jcbk_data - INFO - 开始获取篮球赔率数据...
2026-04-17 01:23:21 - jcbk_data - INFO - 成功获取篮球赔率数据
2026-04-17 01:23:21 - jcbk_data - INFO - 开始处理 1 条赔率数据
2026-04-17 01:23:21 - jcbk_data - INFO - 赔率数据处理完成
2026-04-17 01:23:21 - jcbk_data - INFO - 开始更新篮球比赛结果
2026-04-17 01:23:21 - jcbk_data - INFO - 开始获取并保存竞彩篮球比赛结果...
2026-04-17 01:23:21 - jcbk_data - INFO - 开始获取竞彩篮球比赛结果...
2026-04-17 01:23:21 - jcbk_data - INFO - 需要获取赛果的比赛: 2 场
2026-04-17 01:23:21 - jcbk_data - INFO - 赛果时间范围: 2026-04-16 到 2026-04-16
2026-04-17 01:23:22 - jcbk_data - INFO - 成功获取 2 条比赛结果
2026-04-17 01:23:22 - jcbk_data - INFO - 成功获取 2 条比赛结果
2026-04-17 01:23:22 - jcbk_data - INFO - API 返回 2 条赛果，构建索引 2 条
2026-04-17 01:23:22 - jcbk_data - INFO - ✅ 保存赛果成功: 开姆尼茨 vs 乌尔姆, 比分: 66-79
2026-04-17 01:23:22 - jcbk_data - INFO - ✅ 保存赛果成功: 洛杉矶快船 vs 金州勇士, 比分: 126-121
2026-04-17 01:23:22 - jcbk_data - INFO - 赛果统计 - 待匹配: 2, API返回: 2, 匹配成功: 2, 未匹配: 0, 保存: 2
2026-04-17 01:23:22 - jcbk_data - INFO - 成功保存 2 条赛果记录
2026-04-17 01:39:27 - jcbk_data - INFO - 开始更新篮球比赛数据
2026-04-17 01:39:27 - jcbk_data - INFO - 开始获取篮球比赛数据（带赔率）...
2026-04-17 01:39:28 - jcbk_data - INFO - 成功获取 2 场篮球比赛
2026-04-17 01:39:28 - jcbk_data - INFO - 共提取 10 场实际比赛
2026-04-17 01:39:28 - jcbk_data - INFO - 开始处理比赛数据...
2026-04-17 01:39:28 - jcbk_data - INFO - 比赛数据处理完成
2026-04-17 01:39:28 - jcbk_data - INFO - 开始获取篮球赔率数据...
2026-04-17 01:39:28 - jcbk_data - INFO - 成功获取篮球赔率数据
2026-04-17 01:39:28 - jcbk_data - INFO - 开始处理 1 条赔率数据
2026-04-17 01:39:28 - jcbk_data - INFO - 赔率数据处理完成
2026-04-17 01:39:28 - jcbk_data - INFO - 开始更新篮球比赛结果
2026-04-17 01:39:28 - jcbk_data - INFO - 开始获取并保存竞彩篮球比赛结果...
2026-04-17 01:39:28 - jcbk_data - INFO - 开始获取竞彩篮球比赛结果...
2026-04-17 01:39:28 - jcbk_data - INFO - 需要获取赛果的比赛: 2 场
2026-04-17 01:39:28 - jcbk_data - INFO - 赛果时间范围: 2026-04-16 到 2026-04-16
2026-04-17 01:39:29 - jcbk_data - INFO - 成功获取 2 条比赛结果
2026-04-17 01:39:29 - jcbk_data - INFO - 成功获取 2 条比赛结果
2026-04-17 01:39:29 - jcbk_data - INFO - API 返回 2 条赛果，构建索引 2 条
2026-04-17 01:39:29 - jcbk_data - INFO - ✅ 保存赛果成功: 开姆尼茨 vs 乌尔姆, 比分: 66-79
2026-04-17 01:39:29 - jcbk_data - INFO - ✅ 保存赛果成功: 洛杉矶快船 vs 金州勇士, 比分: 126-121
2026-04-17 01:39:29 - jcbk_data - INFO - 赛果统计 - 待匹配: 2, API返回: 2, 匹配成功: 2, 未匹配: 0, 保存: 2
2026-04-17 01:39:29 - jcbk_data - INFO - 成功保存 2 条赛果记录
2026-04-17 01:59:35 - jcbk_data - INFO - 开始更新篮球比赛数据
2026-04-17 01:59:35 - jcbk_data - INFO - 开始获取篮球比赛数据（带赔率）...
2026-04-17 01:59:35 - jcbk_data - INFO - 成功获取 2 场篮球比赛
2026-04-17 01:59:35 - jcbk_data - INFO - 共提取 10 场实际比赛
2026-04-17 01:59:35 - jcbk_data - INFO - 开始处理比赛数据...
2026-04-17 01:59:35 - jcbk_data - INFO - 比赛数据处理完成
2026-04-17 01:59:35 - jcbk_data - INFO - 开始获取篮球赔率数据...
2026-04-17 01:59:35 - jcbk_data - INFO - 成功获取篮球赔率数据
2026-04-17 01:59:35 - jcbk_data - INFO - 开始处理 1 条赔率数据
2026-04-17 01:59:35 - jcbk_data - INFO - 赔率数据处理完成
2026-04-17 01:59:35 - jcbk_data - INFO - 开始更新篮球比赛结果
2026-04-17 01:59:35 - jcbk_data - INFO - 开始获取并保存竞彩篮球比赛结果...
2026-04-17 01:59:35 - jcbk_data - INFO - 开始获取竞彩篮球比赛结果...
2026-04-17 01:59:35 - jcbk_data - INFO - 需要获取赛果的比赛: 2 场
2026-04-17 01:59:35 - jcbk_data - INFO - 赛果时间范围: 2026-04-16 到 2026-04-16
2026-04-17 01:59:35 - jcbk_data - INFO - 成功获取 2 条比赛结果
2026-04-17 01:59:35 - jcbk_data - INFO - 成功获取 2 条比赛结果
2026-04-17 01:59:35 - jcbk_data - INFO - API 返回 2 条赛果，构建索引 2 条
2026-04-17 01:59:35 - jcbk_data - INFO - ✅ 保存赛果成功: 开姆尼茨 vs 乌尔姆, 比分: 66-79
2026-04-17 01:59:36 - jcbk_data - INFO - ✅ 保存赛果成功: 洛杉矶快船 vs 金州勇士, 比分: 126-121
2026-04-17 01:59:36 - jcbk_data - INFO - 赛果统计 - 待匹配: 2, API返回: 2, 匹配成功: 2, 未匹配: 0, 保存: 2
2026-04-17 01:59:36 - jcbk_data - INFO - 成功保存 2 条赛果记录
2026-04-17 02:10:41 - jcbk_data - INFO - 开始更新篮球比赛数据
2026-04-17 02:10:41 - jcbk_data - INFO - 开始获取篮球比赛数据（带赔率）...
2026-04-17 02:10:41 - jcbk_data - INFO - 成功获取 2 场篮球比赛
2026-04-17 02:10:41 - jcbk_data - INFO - 共提取 10 场实际比赛
2026-04-17 02:10:41 - jcbk_data - INFO - 开始处理比赛数据...
2026-04-17 02:10:41 - jcbk_data - INFO - 比赛数据处理完成
2026-04-17 02:10:41 - jcbk_data - INFO - 开始获取篮球赔率数据...
2026-04-17 02:10:42 - jcbk_data - INFO - 成功获取篮球赔率数据
2026-04-17 02:10:42 - jcbk_data - INFO - 开始处理 1 条赔率数据
2026-04-17 02:10:42 - jcbk_data - INFO - 赔率数据处理完成
2026-04-17 02:10:42 - jcbk_data - INFO - 开始更新篮球比赛结果
2026-04-17 02:10:42 - jcbk_data - INFO - 开始获取并保存竞彩篮球比赛结果...
2026-04-17 02:10:42 - jcbk_data - INFO - 开始获取竞彩篮球比赛结果...
2026-04-17 02:10:42 - jcbk_data - INFO - 需要获取赛果的比赛: 2 场
2026-04-17 02:10:42 - jcbk_data - INFO - 赛果时间范围: 2026-04-16 到 2026-04-16
2026-04-17 02:10:42 - jcbk_data - INFO - 成功获取 2 条比赛结果
2026-04-17 02:10:42 - jcbk_data - INFO - 成功获取 2 条比赛结果
2026-04-17 02:10:42 - jcbk_data - INFO - API 返回 2 条赛果，构建索引 2 条
2026-04-17 02:10:42 - jcbk_data - INFO - ✅ 保存赛果成功: 开姆尼茨 vs 乌尔姆, 比分: 66-79
2026-04-17 02:10:42 - jcbk_data - INFO - ✅ 保存赛果成功: 洛杉矶快船 vs 金州勇士, 比分: 126-121
2026-04-17 02:10:42 - jcbk_data - INFO - 赛果统计 - 待匹配: 2, API返回: 2, 匹配成功: 2, 未匹配: 0, 保存: 2
2026-04-17 02:10:42 - jcbk_data - INFO - 成功保存 2 条赛果记录
2026-04-17 02:26:48 - jcbk_data - INFO - 开始更新篮球比赛数据
2026-04-17 02:26:48 - jcbk_data - INFO - 开始获取篮球比赛数据（带赔率）...
2026-04-17 02:26:48 - jcbk_data - INFO - 成功获取 2 场篮球比赛
2026-04-17 02:26:48 - jcbk_data - INFO - 共提取 10 场实际比赛
2026-04-17 02:26:48 - jcbk_data - INFO - 开始处理比赛数据...
2026-04-17 02:26:48 - jcbk_data - INFO - 比赛数据处理完成
2026-04-17 02:26:48 - jcbk_data - INFO - 开始获取篮球赔率数据...
2026-04-17 02:26:49 - jcbk_data - INFO - 成功获取篮球赔率数据
2026-04-17 02:26:49 - jcbk_data - INFO - 开始处理 1 条赔率数据
2026-04-17 02:26:49 - jcbk_data - INFO - 赔率数据处理完成
2026-04-17 02:26:49 - jcbk_data - INFO - 开始更新篮球比赛结果
2026-04-17 02:26:49 - jcbk_data - INFO - 开始获取并保存竞彩篮球比赛结果...
2026-04-17 02:26:49 - jcbk_data - INFO - 开始获取竞彩篮球比赛结果...
2026-04-17 02:26:49 - jcbk_data - INFO - 需要获取赛果的比赛: 2 场
2026-04-17 02:26:49 - jcbk_data - INFO - 赛果时间范围: 2026-04-16 到 2026-04-16
2026-04-17 02:26:49 - jcbk_data - INFO - 成功获取 2 条比赛结果
2026-04-17 02:26:49 - jcbk_data - INFO - 成功获取 2 条比赛结果
2026-04-17 02:26:49 - jcbk_data - INFO - API 返回 2 条赛果，构建索引 2 条
2026-04-17 02:26:49 - jcbk_data - INFO - ✅ 保存赛果成功: 开姆尼茨 vs 乌尔姆, 比分: 66-79
2026-04-17 02:26:49 - jcbk_data - INFO - ✅ 保存赛果成功: 洛杉矶快船 vs 金州勇士, 比分: 126-121
2026-04-17 02:26:49 - jcbk_data - INFO - 赛果统计 - 待匹配: 2, API返回: 2, 匹配成功: 2, 未匹配: 0, 保存: 2
2026-04-17 02:26:49 - jcbk_data - INFO - 成功保存 2 条赛果记录
2026-04-17 02:39:55 - jcbk_data - INFO - 开始更新篮球比赛数据
2026-04-17 02:39:55 - jcbk_data - INFO - 开始获取篮球比赛数据（带赔率）...
2026-04-17 02:39:55 - jcbk_data - INFO - 成功获取 2 场篮球比赛
2026-04-17 02:39:55 - jcbk_data - INFO - 共提取 10 场实际比赛
2026-04-17 02:39:55 - jcbk_data - INFO - 开始处理比赛数据...
2026-04-17 02:39:55 - jcbk_data - INFO - 比赛数据处理完成
2026-04-17 02:39:55 - jcbk_data - INFO - 开始获取篮球赔率数据...
2026-04-17 02:39:55 - jcbk_data - INFO - 成功获取篮球赔率数据
2026-04-17 02:39:55 - jcbk_data - INFO - 开始处理 1 条赔率数据
2026-04-17 02:39:55 - jcbk_data - INFO - 赔率数据处理完成
2026-04-17 02:39:55 - jcbk_data - INFO - 开始更新篮球比赛结果
2026-04-17 02:39:55 - jcbk_data - INFO - 开始获取并保存竞彩篮球比赛结果...
2026-04-17 02:39:55 - jcbk_data - INFO - 开始获取竞彩篮球比赛结果...
2026-04-17 02:39:55 - jcbk_data - INFO - 需要获取赛果的比赛: 2 场
2026-04-17 02:39:55 - jcbk_data - INFO - 赛果时间范围: 2026-04-16 到 2026-04-16
2026-04-17 02:39:56 - jcbk_data - INFO - 成功获取 2 条比赛结果
2026-04-17 02:39:56 - jcbk_data - INFO - 成功获取 2 条比赛结果
2026-04-17 02:39:56 - jcbk_data - INFO - API 返回 2 条赛果，构建索引 2 条
2026-04-17 02:39:56 - jcbk_data - INFO - ✅ 保存赛果成功: 开姆尼茨 vs 乌尔姆, 比分: 66-79
2026-04-17 02:39:56 - jcbk_data - INFO - ✅ 保存赛果成功: 洛杉矶快船 vs 金州勇士, 比分: 126-121
2026-04-17 02:39:56 - jcbk_data - INFO - 赛果统计 - 待匹配: 2, API返回: 2, 匹配成功: 2, 未匹配: 0, 保存: 2
2026-04-17 02:39:56 - jcbk_data - INFO - 成功保存 2 条赛果记录
2026-04-17 02:59:03 - jcbk_data - INFO - 开始更新篮球比赛数据
2026-04-17 02:59:03 - jcbk_data - INFO - 开始获取篮球比赛数据（带赔率）...
2026-04-17 02:59:03 - jcbk_data - INFO - 成功获取 2 场篮球比赛
2026-04-17 02:59:03 - jcbk_data - INFO - 共提取 10 场实际比赛
2026-04-17 02:59:03 - jcbk_data - INFO - 开始处理比赛数据...
2026-04-17 02:59:03 - jcbk_data - INFO - 比赛数据处理完成
2026-04-17 02:59:03 - jcbk_data - INFO - 开始获取篮球赔率数据...
2026-04-17 02:59:03 - jcbk_data - INFO - 成功获取篮球赔率数据
2026-04-17 02:59:03 - jcbk_data - INFO - 开始更新篮球比赛结果
2026-04-17 02:59:03 - jcbk_data - INFO - 开始获取并保存竞彩篮球比赛结果...
2026-04-17 02:59:03 - jcbk_data - INFO - 开始获取竞彩篮球比赛结果...
2026-04-17 02:59:03 - jcbk_data - INFO - 需要获取赛果的比赛: 2 场
2026-04-17 02:59:03 - jcbk_data - INFO - 赛果时间范围: 2026-04-16 到 2026-04-16
2026-04-17 02:59:04 - jcbk_data - INFO - 成功获取 2 条比赛结果
2026-04-17 02:59:04 - jcbk_data - INFO - 成功获取 2 条比赛结果
2026-04-17 02:59:04 - jcbk_data - INFO - API 返回 2 条赛果，构建索引 2 条
2026-04-17 02:59:04 - jcbk_data - INFO - ✅ 保存赛果成功: 开姆尼茨 vs 乌尔姆, 比分: 66-79
2026-04-17 02:59:04 - jcbk_data - INFO - ✅ 保存赛果成功: 洛杉矶快船 vs 金州勇士, 比分: 126-121
2026-04-17 02:59:04 - jcbk_data - INFO - 赛果统计 - 待匹配: 2, API返回: 2, 匹配成功: 2, 未匹配: 0, 保存: 2
2026-04-17 02:59:04 - jcbk_data - INFO - 成功保存 2 条赛果记录
2026-04-17 03:16:13 - jcbk_data - INFO - 开始更新篮球比赛数据
2026-04-17 03:16:13 - jcbk_data - INFO - 开始获取篮球比赛数据（带赔率）...
2026-04-17 03:16:13 - jcbk_data - INFO - 成功获取 2 场篮球比赛
2026-04-17 03:16:13 - jcbk_data - INFO - 共提取 10 场实际比赛
2026-04-17 03:16:13 - jcbk_data - INFO - 开始处理比赛数据...
2026-04-17 03:16:13 - jcbk_data - INFO - 比赛数据处理完成
2026-04-17 03:16:13 - jcbk_data - INFO - 开始获取篮球赔率数据...
2026-04-17 03:16:13 - jcbk_data - INFO - 成功获取篮球赔率数据
2026-04-17 03:16:13 - jcbk_data - INFO - 开始更新篮球比赛结果
2026-04-17 03:16:13 - jcbk_data - INFO - 开始获取并保存竞彩篮球比赛结果...
2026-04-17 03:16:13 - jcbk_data - INFO - 开始获取竞彩篮球比赛结果...
2026-04-17 03:16:13 - jcbk_data - INFO - 需要获取赛果的比赛: 2 场
2026-04-17 03:16:13 - jcbk_data - INFO - 赛果时间范围: 2026-04-16 到 2026-04-16
2026-04-17 03:16:14 - jcbk_data - INFO - 成功获取 2 条比赛结果
2026-04-17 03:16:14 - jcbk_data - INFO - 成功获取 2 条比赛结果
2026-04-17 03:16:14 - jcbk_data - INFO - API 返回 2 条赛果，构建索引 2 条
2026-04-17 03:16:14 - jcbk_data - INFO - ✅ 保存赛果成功: 开姆尼茨 vs 乌尔姆, 比分: 66-79
2026-04-17 03:16:14 - jcbk_data - INFO - ✅ 保存赛果成功: 洛杉矶快船 vs 金州勇士, 比分: 126-121
2026-04-17 03:16:14 - jcbk_data - INFO - 赛果统计 - 待匹配: 2, API返回: 2, 匹配成功: 2, 未匹配: 0, 保存: 2
2026-04-17 03:16:14 - jcbk_data - INFO - 成功保存 2 条赛果记录
2026-04-17 03:30:07 - jcbk_data - INFO - 开始更新篮球比赛数据
2026-04-17 03:30:07 - jcbk_data - INFO - 开始获取篮球比赛数据（带赔率）...
2026-04-17 03:30:07 - jcbk_data - INFO - 成功获取 2 场篮球比赛
2026-04-17 03:30:07 - jcbk_data - INFO - 共提取 10 场实际比赛
2026-04-17 03:30:07 - jcbk_data - INFO - 开始处理比赛数据...
2026-04-17 03:30:07 - jcbk_data - INFO - 比赛数据处理完成
2026-04-17 03:30:07 - jcbk_data - INFO - 开始获取篮球赔率数据...
2026-04-17 03:30:07 - jcbk_data - INFO - 成功获取篮球赔率数据
2026-04-17 03:30:07 - jcbk_data - INFO - 开始更新篮球比赛结果
2026-04-17 03:30:07 - jcbk_data - INFO - 开始获取并保存竞彩篮球比赛结果...
2026-04-17 03:30:07 - jcbk_data - INFO - 开始获取竞彩篮球比赛结果...
2026-04-17 03:30:07 - jcbk_data - INFO - 需要获取赛果的比赛: 2 场
2026-04-17 03:30:07 - jcbk_data - INFO - 赛果时间范围: 2026-04-16 到 2026-04-16
2026-04-17 03:30:08 - jcbk_data - INFO - 成功获取 2 条比赛结果
2026-04-17 03:30:08 - jcbk_data - INFO - 成功获取 2 条比赛结果
2026-04-17 03:30:08 - jcbk_data - INFO - API 返回 2 条赛果，构建索引 2 条
2026-04-17 03:30:08 - jcbk_data - INFO - ✅ 保存赛果成功: 开姆尼茨 vs 乌尔姆, 比分: 66-79
2026-04-17 03:30:08 - jcbk_data - INFO - ✅ 保存赛果成功: 洛杉矶快船 vs 金州勇士, 比分: 126-121
2026-04-17 03:30:08 - jcbk_data - INFO - 赛果统计 - 待匹配: 2, API返回: 2, 匹配成功: 2, 未匹配: 0, 保存: 2
2026-04-17 03:30:08 - jcbk_data - INFO - 成功保存 2 条赛果记录
2026-04-17 03:46:52 - jcbk_data - INFO - 开始更新篮球比赛数据
2026-04-17 03:46:52 - jcbk_data - INFO - 开始获取篮球比赛数据（带赔率）...
2026-04-17 03:49:45 - jcbk_data - INFO - 开始更新篮球比赛数据
2026-04-17 03:49:45 - jcbk_data - INFO - 开始获取篮球比赛数据（带赔率）...
2026-04-17 03:49:45 - jcbk_data - INFO - 成功获取 2 场篮球比赛
2026-04-17 03:49:45 - jcbk_data - INFO - 共提取 10 场实际比赛
2026-04-17 03:49:45 - jcbk_data - INFO - 开始处理比赛数据...
2026-04-17 03:49:45 - jcbk_data - INFO - 比赛数据处理完成
2026-04-17 03:49:45 - jcbk_data - INFO - 开始获取篮球赔率数据...
2026-04-17 03:49:46 - jcbk_data - INFO - 成功获取篮球赔率数据
2026-04-17 03:49:46 - jcbk_data - INFO - 开始更新篮球比赛结果
2026-04-17 03:49:46 - jcbk_data - INFO - 开始获取并保存竞彩篮球比赛结果...
2026-04-17 03:49:46 - jcbk_data - INFO - 开始获取竞彩篮球比赛结果...
2026-04-17 03:49:46 - jcbk_data - INFO - 需要获取赛果的比赛: 2 场
2026-04-17 03:49:46 - jcbk_data - INFO - 赛果时间范围: 2026-04-16 到 2026-04-16
2026-04-17 03:49:46 - jcbk_data - INFO - 成功获取 2 条比赛结果
2026-04-17 03:49:46 - jcbk_data - INFO - 成功获取 2 条比赛结果
2026-04-17 03:49:46 - jcbk_data - INFO - API 返回 2 条赛果，构建索引 2 条
2026-04-17 03:49:46 - jcbk_data - INFO - ✅ 保存赛果成功: 开姆尼茨 vs 乌尔姆, 比分: 66-79
2026-04-17 03:49:46 - jcbk_data - INFO - ✅ 保存赛果成功: 洛杉矶快船 vs 金州勇士, 比分: 126-121
2026-04-17 03:49:46 - jcbk_data - INFO - 赛果统计 - 待匹配: 2, API返回: 2, 匹配成功: 2, 未匹配: 0, 保存: 2
2026-04-17 03:49:46 - jcbk_data - INFO - 成功保存 2 条赛果记录
2026-04-17 03:55:02 - jcbk_data - INFO - 开始更新篮球比赛数据
2026-04-17 03:55:02 - jcbk_data - INFO - 开始获取篮球比赛数据（带赔率）...
2026-04-17 03:55:03 - jcbk_data - INFO - 成功获取 2 场篮球比赛
2026-04-17 03:55:03 - jcbk_data - INFO - 共提取 10 场实际比赛
2026-04-17 03:55:03 - jcbk_data - INFO - 开始处理比赛数据...
2026-04-17 03:55:03 - jcbk_data - INFO - 比赛数据处理完成
2026-04-17 03:55:03 - jcbk_data - INFO - 开始获取篮球赔率数据...
2026-04-17 03:55:03 - jcbk_data - INFO - 成功获取篮球赔率数据
2026-04-17 03:55:03 - jcbk_data - INFO - 开始更新篮球比赛结果
2026-04-17 03:55:03 - jcbk_data - INFO - 开始获取并保存竞彩篮球比赛结果...
2026-04-17 03:55:03 - jcbk_data - INFO - 开始获取竞彩篮球比赛结果...
2026-04-17 03:55:03 - jcbk_data - INFO - 需要获取赛果的比赛: 2 场
2026-04-17 03:55:03 - jcbk_data - INFO - 赛果时间范围: 2026-04-16 到 2026-04-16
2026-04-17 03:55:04 - jcbk_data - INFO - 成功获取 2 条比赛结果
2026-04-17 03:55:04 - jcbk_data - INFO - 成功获取 2 条比赛结果
2026-04-17 03:55:04 - jcbk_data - INFO - API 返回 2 条赛果，构建索引 2 条
2026-04-17 03:55:04 - jcbk_data - INFO - ✅ 保存赛果成功: 开姆尼茨 vs 乌尔姆, 比分: 66-79
2026-04-17 03:55:04 - jcbk_data - INFO - ✅ 保存赛果成功: 洛杉矶快船 vs 金州勇士, 比分: 126-121
2026-04-17 03:55:04 - jcbk_data - INFO - 赛果统计 - 待匹配: 2, API返回: 2, 匹配成功: 2, 未匹配: 0, 保存: 2
2026-04-17 03:55:04 - jcbk_data - INFO - 成功保存 2 条赛果记录
2026-04-17 04:12:14 - jcbk_data - INFO - 开始更新篮球比赛数据
2026-04-17 04:12:14 - jcbk_data - INFO - 开始获取篮球比赛数据（带赔率）...
2026-04-17 04:12:15 - jcbk_data - INFO - 成功获取 2 场篮球比赛
2026-04-17 04:12:15 - jcbk_data - INFO - 共提取 10 场实际比赛
2026-04-17 04:12:15 - jcbk_data - INFO - 开始处理比赛数据...
2026-04-17 04:12:15 - jcbk_data - INFO - 比赛数据处理完成
2026-04-17 04:12:15 - jcbk_data - INFO - 开始获取篮球赔率数据...
2026-04-17 04:12:15 - jcbk_data - INFO - 成功获取篮球赔率数据
2026-04-17 04:12:15 - jcbk_data - INFO - 开始更新篮球比赛结果
2026-04-17 04:12:15 - jcbk_data - INFO - 开始获取并保存竞彩篮球比赛结果...
2026-04-17 04:12:15 - jcbk_data - INFO - 开始获取竞彩篮球比赛结果...
2026-04-17 04:12:15 - jcbk_data - INFO - 需要获取赛果的比赛: 2 场
2026-04-17 04:12:15 - jcbk_data - INFO - 赛果时间范围: 2026-04-16 到 2026-04-16
2026-04-17 04:12:15 - jcbk_data - INFO - 成功获取 2 条比赛结果
2026-04-17 04:12:15 - jcbk_data - INFO - 成功获取 2 条比赛结果
2026-04-17 04:12:15 - jcbk_data - INFO - API 返回 2 条赛果，构建索引 2 条
2026-04-17 04:12:15 - jcbk_data - INFO - ✅ 保存赛果成功: 开姆尼茨 vs 乌尔姆, 比分: 66-79
2026-04-17 04:12:15 - jcbk_data - INFO - ✅ 保存赛果成功: 洛杉矶快船 vs 金州勇士, 比分: 126-121
2026-04-17 04:12:15 - jcbk_data - INFO - 赛果统计 - 待匹配: 2, API返回: 2, 匹配成功: 2, 未匹配: 0, 保存: 2
2026-04-17 04:12:15 - jcbk_data - INFO - 成功保存 2 条赛果记录
2026-04-17 04:29:26 - jcbk_data - INFO - 开始更新篮球比赛数据
2026-04-17 04:29:26 - jcbk_data - INFO - 开始获取篮球比赛数据（带赔率）...
2026-04-17 04:29:26 - jcbk_data - INFO - 成功获取 2 场篮球比赛
2026-04-17 04:29:26 - jcbk_data - INFO - 共提取 10 场实际比赛
2026-04-17 04:29:26 - jcbk_data - INFO - 开始处理比赛数据...
2026-04-17 04:29:26 - jcbk_data - INFO - 比赛数据处理完成
2026-04-17 04:29:26 - jcbk_data - INFO - 开始获取篮球赔率数据...
2026-04-17 04:29:26 - jcbk_data - INFO - 成功获取篮球赔率数据
2026-04-17 04:29:26 - jcbk_data - INFO - 开始更新篮球比赛结果
2026-04-17 04:29:26 - jcbk_data - INFO - 开始获取并保存竞彩篮球比赛结果...
2026-04-17 04:29:26 - jcbk_data - INFO - 开始获取竞彩篮球比赛结果...
2026-04-17 04:29:26 - jcbk_data - INFO - 需要获取赛果的比赛: 2 场
2026-04-17 04:29:26 - jcbk_data - INFO - 赛果时间范围: 2026-04-16 到 2026-04-16
2026-04-17 04:29:27 - jcbk_data - INFO - 成功获取 2 条比赛结果
2026-04-17 04:29:27 - jcbk_data - INFO - 成功获取 2 条比赛结果
2026-04-17 04:29:27 - jcbk_data - INFO - API 返回 2 条赛果，构建索引 2 条
2026-04-17 04:29:27 - jcbk_data - INFO - ✅ 保存赛果成功: 开姆尼茨 vs 乌尔姆, 比分: 66-79
2026-04-17 04:29:27 - jcbk_data - INFO - ✅ 保存赛果成功: 洛杉矶快船 vs 金州勇士, 比分: 126-121
2026-04-17 04:29:27 - jcbk_data - INFO - 赛果统计 - 待匹配: 2, API返回: 2, 匹配成功: 2, 未匹配: 0, 保存: 2
2026-04-17 04:29:27 - jcbk_data - INFO - 成功保存 2 条赛果记录
2026-04-17 04:39:37 - jcbk_data - INFO - 开始更新篮球比赛数据
2026-04-17 04:39:37 - jcbk_data - INFO - 开始获取篮球比赛数据（带赔率）...
2026-04-17 04:39:37 - jcbk_data - INFO - 成功获取 2 场篮球比赛
2026-04-17 04:39:37 - jcbk_data - INFO - 共提取 10 场实际比赛
2026-04-17 04:39:37 - jcbk_data - INFO - 开始处理比赛数据...
2026-04-17 04:39:37 - jcbk_data - INFO - 比赛数据处理完成
2026-04-17 04:39:37 - jcbk_data - INFO - 开始获取篮球赔率数据...
2026-04-17 04:39:37 - jcbk_data - INFO - 成功获取篮球赔率数据
2026-04-17 04:39:37 - jcbk_data - INFO - 开始更新篮球比赛结果
2026-04-17 04:39:37 - jcbk_data - INFO - 开始获取并保存竞彩篮球比赛结果...
2026-04-17 04:39:37 - jcbk_data - INFO - 开始获取竞彩篮球比赛结果...
2026-04-17 04:39:37 - jcbk_data - INFO - 需要获取赛果的比赛: 2 场
2026-04-17 04:39:37 - jcbk_data - INFO - 赛果时间范围: 2026-04-16 到 2026-04-16
2026-04-17 04:39:38 - jcbk_data - INFO - 成功获取 2 条比赛结果
2026-04-17 04:39:38 - jcbk_data - INFO - 成功获取 2 条比赛结果
2026-04-17 04:39:38 - jcbk_data - INFO - API 返回 2 条赛果，构建索引 2 条
2026-04-17 04:39:38 - jcbk_data - INFO - ✅ 保存赛果成功: 开姆尼茨 vs 乌尔姆, 比分: 66-79
2026-04-17 04:39:38 - jcbk_data - INFO - ✅ 保存赛果成功: 洛杉矶快船 vs 金州勇士, 比分: 126-121
2026-04-17 04:39:38 - jcbk_data - INFO - 赛果统计 - 待匹配: 2, API返回: 2, 匹配成功: 2, 未匹配: 0, 保存: 2
2026-04-17 04:39:38 - jcbk_data - INFO - 成功保存 2 条赛果记录
2026-04-17 04:58:48 - jcbk_data - INFO - 开始更新篮球比赛数据
2026-04-17 04:58:48 - jcbk_data - INFO - 开始获取篮球比赛数据（带赔率）...
2026-04-17 04:58:49 - jcbk_data - INFO - 成功获取 2 场篮球比赛
2026-04-17 04:58:49 - jcbk_data - INFO - 共提取 10 场实际比赛
2026-04-17 04:58:49 - jcbk_data - INFO - 开始处理比赛数据...
2026-04-17 04:58:49 - jcbk_data - INFO - 比赛数据处理完成
2026-04-17 04:58:49 - jcbk_data - INFO - 开始获取篮球赔率数据...
2026-04-17 04:58:49 - jcbk_data - INFO - 成功获取篮球赔率数据
2026-04-17 04:58:49 - jcbk_data - INFO - 开始更新篮球比赛结果
2026-04-17 04:58:49 - jcbk_data - INFO - 开始获取并保存竞彩篮球比赛结果...
2026-04-17 04:58:49 - jcbk_data - INFO - 开始获取竞彩篮球比赛结果...
2026-04-17 04:58:49 - jcbk_data - INFO - 需要获取赛果的比赛: 2 场
2026-04-17 04:58:49 - jcbk_data - INFO - 赛果时间范围: 2026-04-16 到 2026-04-16
2026-04-17 04:58:49 - jcbk_data - INFO - 成功获取 2 条比赛结果
2026-04-17 04:58:49 - jcbk_data - INFO - 成功获取 2 条比赛结果
2026-04-17 04:58:49 - jcbk_data - INFO - API 返回 2 条赛果，构建索引 2 条
2026-04-17 04:58:49 - jcbk_data - INFO - ✅ 保存赛果成功: 开姆尼茨 vs 乌尔姆, 比分: 66-79
2026-04-17 04:58:49 - jcbk_data - INFO - ✅ 保存赛果成功: 洛杉矶快船 vs 金州勇士, 比分: 126-121
2026-04-17 04:58:49 - jcbk_data - INFO - 赛果统计 - 待匹配: 2, API返回: 2, 匹配成功: 2, 未匹配: 0, 保存: 2
2026-04-17 04:58:49 - jcbk_data - INFO - 成功保存 2 条赛果记录
2026-04-17 05:05:34 - jcbk_data - INFO - 开始更新篮球比赛数据
2026-04-17 05:05:34 - jcbk_data - INFO - 开始获取篮球比赛数据（带赔率）...
2026-04-17 05:05:34 - jcbk_data - INFO - 成功获取 2 场篮球比赛
2026-04-17 05:05:34 - jcbk_data - INFO - 共提取 10 场实际比赛
2026-04-17 05:05:34 - jcbk_data - INFO - 开始处理比赛数据...
2026-04-17 05:05:35 - jcbk_data - INFO - 比赛数据处理完成
2026-04-17 05:05:35 - jcbk_data - INFO - 开始获取篮球赔率数据...
2026-04-17 05:16:00 - jcbk_data - INFO - 开始更新篮球比赛数据
2026-04-17 05:16:00 - jcbk_data - INFO - 开始获取篮球比赛数据（带赔率）...
2026-04-17 05:16:01 - jcbk_data - INFO - 成功获取 2 场篮球比赛
2026-04-17 05:16:01 - jcbk_data - INFO - 共提取 10 场实际比赛
2026-04-17 05:16:01 - jcbk_data - INFO - 开始处理比赛数据...
2026-04-17 05:16:01 - jcbk_data - INFO - 比赛数据处理完成
2026-04-17 05:16:01 - jcbk_data - INFO - 开始获取篮球赔率数据...
2026-04-17 05:16:01 - jcbk_data - INFO - 成功获取篮球赔率数据
2026-04-17 05:16:01 - jcbk_data - INFO - 开始更新篮球比赛结果
2026-04-17 05:16:01 - jcbk_data - INFO - 开始获取并保存竞彩篮球比赛结果...
2026-04-17 05:16:01 - jcbk_data - INFO - 开始获取竞彩篮球比赛结果...
2026-04-17 05:16:01 - jcbk_data - INFO - 需要获取赛果的比赛: 2 场
2026-04-17 05:16:01 - jcbk_data - INFO - 赛果时间范围: 2026-04-16 到 2026-04-16
2026-04-17 05:16:01 - jcbk_data - INFO - 成功获取 2 条比赛结果
2026-04-17 05:16:01 - jcbk_data - INFO - 成功获取 2 条比赛结果
2026-04-17 05:16:01 - jcbk_data - INFO - API 返回 2 条赛果，构建索引 2 条
2026-04-17 05:16:01 - jcbk_data - INFO - ✅ 保存赛果成功: 开姆尼茨 vs 乌尔姆, 比分: 66-79
2026-04-17 05:16:01 - jcbk_data - INFO - ✅ 保存赛果成功: 洛杉矶快船 vs 金州勇士, 比分: 126-121
2026-04-17 05:16:01 - jcbk_data - INFO - 赛果统计 - 待匹配: 2, API返回: 2, 匹配成功: 2, 未匹配: 0, 保存: 2
2026-04-17 05:16:01 - jcbk_data - INFO - 成功保存 2 条赛果记录
2026-04-17 05:25:53 - jcbk_data - INFO - 开始更新篮球比赛数据
2026-04-17 05:25:53 - jcbk_data - INFO - 开始获取篮球比赛数据（带赔率）...
2026-04-17 05:25:54 - jcbk_data - INFO - 成功获取 2 场篮球比赛
2026-04-17 05:25:54 - jcbk_data - INFO - 共提取 10 场实际比赛
2026-04-17 05:25:54 - jcbk_data - INFO - 开始处理比赛数据...
2026-04-17 05:25:54 - jcbk_data - INFO - 比赛数据处理完成
2026-04-17 05:25:54 - jcbk_data - INFO - 开始获取篮球赔率数据...
2026-04-17 05:25:54 - jcbk_data - INFO - 成功获取篮球赔率数据
2026-04-17 05:25:54 - jcbk_data - INFO - 开始更新篮球比赛结果
2026-04-17 05:25:54 - jcbk_data - INFO - 开始获取并保存竞彩篮球比赛结果...
2026-04-17 05:25:54 - jcbk_data - INFO - 开始获取竞彩篮球比赛结果...
2026-04-17 05:25:54 - jcbk_data - INFO - 需要获取赛果的比赛: 2 场
2026-04-17 05:25:54 - jcbk_data - INFO - 赛果时间范围: 2026-04-16 到 2026-04-16
2026-04-17 05:25:54 - jcbk_data - INFO - 成功获取 2 条比赛结果
2026-04-17 05:25:54 - jcbk_data - INFO - 成功获取 2 条比赛结果
2026-04-17 05:25:54 - jcbk_data - INFO - API 返回 2 条赛果，构建索引 2 条
2026-04-17 05:25:54 - jcbk_data - INFO - ✅ 保存赛果成功: 开姆尼茨 vs 乌尔姆, 比分: 66-79
2026-04-17 05:25:54 - jcbk_data - INFO - ✅ 保存赛果成功: 洛杉矶快船 vs 金州勇士, 比分: 126-121
2026-04-17 05:25:54 - jcbk_data - INFO - 赛果统计 - 待匹配: 2, API返回: 2, 匹配成功: 2, 未匹配: 0, 保存: 2
2026-04-17 05:25:54 - jcbk_data - INFO - 成功保存 2 条赛果记录
