2026-04-03 07:59:55 - tczq_data - INFO - Test tczq log
2026-04-03 08:06:21 - tczq_data - INFO - Test tczq
2026-04-03 10:05:23 - tczq_data - ERROR - 处理联赛名称时出错：Traceback (most recent call last):
  File "E:\my_prog\zqgetdata\.venv\Lib\site-packages\sqlalchemy\orm\relationships.py", line 2434, in _determine_joins
    self.primaryjoin = join_condition(
                       ~~~~~~~~~~~~~~^
        self.parent_persist_selectable,
        ^^^^^^^^^^^^^^^^^^^^^^^^^^^^^^^
    ...<2 lines>...
        consider_as_foreign_keys=consider_as_foreign_keys,
        ^^^^^^^^^^^^^^^^^^^^^^^^^^^^^^^^^^^^^^^^^^^^^^^^^^
    )
    ^
  File "E:\my_prog\zqgetdata\.venv\Lib\site-packages\sqlalchemy\sql\util.py", line 121, in join_condition
    return Join._join_condition(
           ~~~~~~~~~~~~~~~~~~~~^
        a,
        ^^
    ...<2 lines>...
        consider_as_foreign_keys=consider_as_foreign_keys,
        ^^^^^^^^^^^^^^^^^^^^^^^^^^^^^^^^^^^^^^^^^^^^^^^^^^
    )
    ^
  File "E:\my_prog\zqgetdata\.venv\Lib\site-packages\sqlalchemy\sql\selectable.py", line 1453, in _join_condition
    raise exc.NoForeignKeysError(
    ...<3 lines>...
    )
sqlalchemy.exc.NoForeignKeysError: Can't find any foreign key relationships between 'tczq_match' and 'tczq_spf_odds'.

The above exception was the direct cause of the following exception:

Traceback (most recent call last):
  File "E:\my_prog\zqgetdata\app\common\_utils.py", line 164, in handle_league_name
    league = localdb.query(League).filter_by(league_name=league_name).first()
             ~~~~~~~~~~~~~^^^^^^^^
  File "E:\my_prog\zqgetdata\app\database\db_core.py", line 135, in query
    raise e
  File "E:\my_prog\zqgetdata\app\database\db_core.py", line 113, in query
    da = self.session.query(obj)
  File "E:\my_prog\zqgetdata\.venv\Lib\site-packages\sqlalchemy\orm\session.py", line 2941, in query
    return self._query_cls(entities, self, **kwargs)
           ~~~~~~~~~~~~~~~^^^^^^^^^^^^^^^^^^^^^^^^^^
  File "E:\my_prog\zqgetdata\.venv\Lib\site-packages\sqlalchemy\orm\query.py", line 276, in __init__
    self._set_entities(entities)
    ~~~~~~~~~~~~~~~~~~^^^^^^^^^^
  File "E:\my_prog\zqgetdata\.venv\Lib\site-packages\sqlalchemy\orm\query.py", line 289, in _set_entities
    coercions.expect(
    ~~~~~~~~~~~~~~~~^
        roles.ColumnsClauseRole,
        ^^^^^^^^^^^^^^^^^^^^^^^^
    ...<2 lines>...
        post_inspect=True,
        ^^^^^^^^^^^^^^^^^^
    )
    ^
  File "E:\my_prog\zqgetdata\.venv\Lib\site-packages\sqlalchemy\sql\coercions.py", line 389, in expect
    insp._post_inspect
  File "E:\my_prog\zqgetdata\.venv\Lib\site-packages\sqlalchemy\util\langhelpers.py", line 1338, in __get__
    obj.__dict__[self.__name__] = result = self.fget(obj)
                                           ~~~~~~~~~^^^^^
  File "E:\my_prog\zqgetdata\.venv\Lib\site-packages\sqlalchemy\orm\mapper.py", line 2733, in _post_inspect
    self._check_configure()
    ~~~~~~~~~~~~~~~~~~~~~^^
  File "E:\my_prog\zqgetdata\.venv\Lib\site-packages\sqlalchemy\orm\mapper.py", line 2410, in _check_configure
    _configure_registries({self.registry}, cascade=True)
    ~~~~~~~~~~~~~~~~~~~~~^^^^^^^^^^^^^^^^^^^^^^^^^^^^^^^
  File "E:\my_prog\zqgetdata\.venv\Lib\site-packages\sqlalchemy\orm\mapper.py", line 4227, in _configure_registries
    _do_configure_registries(registries, cascade)
    ~~~~~~~~~~~~~~~~~~~~~~~~^^^^^^^^^^^^^^^^^^^^^
  File "E:\my_prog\zqgetdata\.venv\Lib\site-packages\sqlalchemy\orm\mapper.py", line 4268, in _do_configure_registries
    mapper._post_configure_properties()
    ~~~~~~~~~~~~~~~~~~~~~~~~~~~~~~~~~^^
  File "E:\my_prog\zqgetdata\.venv\Lib\site-packages\sqlalchemy\orm\mapper.py", line 2427, in _post_configure_properties
    prop.init()
    ~~~~~~~~~^^
  File "E:\my_prog\zqgetdata\.venv\Lib\site-packages\sqlalchemy\orm\interfaces.py", line 595, in init
    self.do_init()
    ~~~~~~~~~~~~^^
  File "E:\my_prog\zqgetdata\.venv\Lib\site-packages\sqlalchemy\orm\relationships.py", line 1657, in do_init
    self._setup_join_conditions()
    ~~~~~~~~~~~~~~~~~~~~~~~~~~~^^
  File "E:\my_prog\zqgetdata\.venv\Lib\site-packages\sqlalchemy\orm\relationships.py", line 1895, in _setup_join_conditions
    self._join_condition = jc = JoinCondition(
                                ~~~~~~~~~~~~~^
        parent_persist_selectable=self.parent.persist_selectable,
        ^^^^^^^^^^^^^^^^^^^^^^^^^^^^^^^^^^^^^^^^^^^^^^^^^^^^^^^^^
    ...<14 lines>...
        can_be_synced_fn=self._columns_are_mapped,
        ^^^^^^^^^^^^^^^^^^^^^^^^^^^^^^^^^^^^^^^^^^
    )
    ^
  File "E:\my_prog\zqgetdata\.venv\Lib\site-packages\sqlalchemy\orm\relationships.py", line 2321, in __init__
    self._determine_joins()
    ~~~~~~~~~~~~~~~~~~~~~^^
  File "E:\my_prog\zqgetdata\.venv\Lib\site-packages\sqlalchemy\orm\relationships.py", line 2455, in _determine_joins
    raise sa_exc.NoForeignKeysError(
    ...<7 lines>...
    ) from nfe
sqlalchemy.exc.NoForeignKeysError: Could not determine join condition between parent/child tables on relationship TczqMatch.spf - there are no foreign keys linking these tables.  Ensure that referencing columns are associated with a ForeignKey or ForeignKeyConstraint, or specify a 'primaryjoin' expression.

2026-04-03 10:05:23 - tczq_data - ERROR - 处理联赛名称时出错：Traceback (most recent call last):
  File "E:\my_prog\zqgetdata\app\common\_utils.py", line 164, in handle_league_name
    league = localdb.query(League).filter_by(league_name=league_name).first()
             ~~~~~~~~~~~~~^^^^^^^^
  File "E:\my_prog\zqgetdata\app\database\db_core.py", line 135, in query
    raise e
  File "E:\my_prog\zqgetdata\app\database\db_core.py", line 113, in query
    da = self.session.query(obj)
  File "E:\my_prog\zqgetdata\.venv\Lib\site-packages\sqlalchemy\orm\session.py", line 2941, in query
    return self._query_cls(entities, self, **kwargs)
           ~~~~~~~~~~~~~~~^^^^^^^^^^^^^^^^^^^^^^^^^^
  File "E:\my_prog\zqgetdata\.venv\Lib\site-packages\sqlalchemy\orm\query.py", line 276, in __init__
    self._set_entities(entities)
    ~~~~~~~~~~~~~~~~~~^^^^^^^^^^
  File "E:\my_prog\zqgetdata\.venv\Lib\site-packages\sqlalchemy\orm\query.py", line 289, in _set_entities
    coercions.expect(
    ~~~~~~~~~~~~~~~~^
        roles.ColumnsClauseRole,
        ^^^^^^^^^^^^^^^^^^^^^^^^
    ...<2 lines>...
        post_inspect=True,
        ^^^^^^^^^^^^^^^^^^
    )
    ^
  File "E:\my_prog\zqgetdata\.venv\Lib\site-packages\sqlalchemy\sql\coercions.py", line 389, in expect
    insp._post_inspect
  File "E:\my_prog\zqgetdata\.venv\Lib\site-packages\sqlalchemy\util\langhelpers.py", line 1338, in __get__
    obj.__dict__[self.__name__] = result = self.fget(obj)
                                           ~~~~~~~~~^^^^^
  File "E:\my_prog\zqgetdata\.venv\Lib\site-packages\sqlalchemy\orm\mapper.py", line 2733, in _post_inspect
    self._check_configure()
    ~~~~~~~~~~~~~~~~~~~~~^^
  File "E:\my_prog\zqgetdata\.venv\Lib\site-packages\sqlalchemy\orm\mapper.py", line 2410, in _check_configure
    _configure_registries({self.registry}, cascade=True)
    ~~~~~~~~~~~~~~~~~~~~~^^^^^^^^^^^^^^^^^^^^^^^^^^^^^^^
  File "E:\my_prog\zqgetdata\.venv\Lib\site-packages\sqlalchemy\orm\mapper.py", line 4227, in _configure_registries
    _do_configure_registries(registries, cascade)
    ~~~~~~~~~~~~~~~~~~~~~~~~^^^^^^^^^^^^^^^^^^^^^
  File "E:\my_prog\zqgetdata\.venv\Lib\site-packages\sqlalchemy\orm\mapper.py", line 4264, in _do_configure_registries
    raise e
sqlalchemy.exc.InvalidRequestError: One or more mappers failed to initialize - can't proceed with initialization of other mappers. Triggering mapper: 'Mapper[TczqMatch(tczq_match)]'. Original exception was: Could not determine join condition between parent/child tables on relationship TczqMatch.spf - there are no foreign keys linking these tables.  Ensure that referencing columns are associated with a ForeignKey or ForeignKeyConstraint, or specify a 'primaryjoin' expression.

2026-04-03 10:05:23 - tczq_data - ERROR - 处理联赛名称时出错：Traceback (most recent call last):
  File "E:\my_prog\zqgetdata\app\common\_utils.py", line 164, in handle_league_name
    league = localdb.query(League).filter_by(league_name=league_name).first()
             ~~~~~~~~~~~~~^^^^^^^^
  File "E:\my_prog\zqgetdata\app\database\db_core.py", line 135, in query
    raise e
  File "E:\my_prog\zqgetdata\app\database\db_core.py", line 113, in query
    da = self.session.query(obj)
  File "E:\my_prog\zqgetdata\.venv\Lib\site-packages\sqlalchemy\orm\session.py", line 2941, in query
    return self._query_cls(entities, self, **kwargs)
           ~~~~~~~~~~~~~~~^^^^^^^^^^^^^^^^^^^^^^^^^^
  File "E:\my_prog\zqgetdata\.venv\Lib\site-packages\sqlalchemy\orm\query.py", line 276, in __init__
    self._set_entities(entities)
    ~~~~~~~~~~~~~~~~~~^^^^^^^^^^
  File "E:\my_prog\zqgetdata\.venv\Lib\site-packages\sqlalchemy\orm\query.py", line 289, in _set_entities
    coercions.expect(
    ~~~~~~~~~~~~~~~~^
        roles.ColumnsClauseRole,
        ^^^^^^^^^^^^^^^^^^^^^^^^
    ...<2 lines>...
        post_inspect=True,
        ^^^^^^^^^^^^^^^^^^
    )
    ^
  File "E:\my_prog\zqgetdata\.venv\Lib\site-packages\sqlalchemy\sql\coercions.py", line 389, in expect
    insp._post_inspect
  File "E:\my_prog\zqgetdata\.venv\Lib\site-packages\sqlalchemy\util\langhelpers.py", line 1338, in __get__
    obj.__dict__[self.__name__] = result = self.fget(obj)
                                           ~~~~~~~~~^^^^^
  File "E:\my_prog\zqgetdata\.venv\Lib\site-packages\sqlalchemy\orm\mapper.py", line 2733, in _post_inspect
    self._check_configure()
    ~~~~~~~~~~~~~~~~~~~~~^^
  File "E:\my_prog\zqgetdata\.venv\Lib\site-packages\sqlalchemy\orm\mapper.py", line 2410, in _check_configure
    _configure_registries({self.registry}, cascade=True)
    ~~~~~~~~~~~~~~~~~~~~~^^^^^^^^^^^^^^^^^^^^^^^^^^^^^^^
  File "E:\my_prog\zqgetdata\.venv\Lib\site-packages\sqlalchemy\orm\mapper.py", line 4227, in _configure_registries
    _do_configure_registries(registries, cascade)
    ~~~~~~~~~~~~~~~~~~~~~~~~^^^^^^^^^^^^^^^^^^^^^
  File "E:\my_prog\zqgetdata\.venv\Lib\site-packages\sqlalchemy\orm\mapper.py", line 4264, in _do_configure_registries
    raise e
sqlalchemy.exc.InvalidRequestError: One or more mappers failed to initialize - can't proceed with initialization of other mappers. Triggering mapper: 'Mapper[TczqMatch(tczq_match)]'. Original exception was: Could not determine join condition between parent/child tables on relationship TczqMatch.spf - there are no foreign keys linking these tables.  Ensure that referencing columns are associated with a ForeignKey or ForeignKeyConstraint, or specify a 'primaryjoin' expression.

2026-04-03 10:05:23 - tczq_data - ERROR - 处理联赛名称时出错：Traceback (most recent call last):
  File "E:\my_prog\zqgetdata\app\common\_utils.py", line 164, in handle_league_name
    league = localdb.query(League).filter_by(league_name=league_name).first()
             ~~~~~~~~~~~~~^^^^^^^^
  File "E:\my_prog\zqgetdata\app\database\db_core.py", line 135, in query
    raise e
  File "E:\my_prog\zqgetdata\app\database\db_core.py", line 113, in query
    da = self.session.query(obj)
  File "E:\my_prog\zqgetdata\.venv\Lib\site-packages\sqlalchemy\orm\session.py", line 2941, in query
    return self._query_cls(entities, self, **kwargs)
           ~~~~~~~~~~~~~~~^^^^^^^^^^^^^^^^^^^^^^^^^^
  File "E:\my_prog\zqgetdata\.venv\Lib\site-packages\sqlalchemy\orm\query.py", line 276, in __init__
    self._set_entities(entities)
    ~~~~~~~~~~~~~~~~~~^^^^^^^^^^
  File "E:\my_prog\zqgetdata\.venv\Lib\site-packages\sqlalchemy\orm\query.py", line 289, in _set_entities
    coercions.expect(
    ~~~~~~~~~~~~~~~~^
        roles.ColumnsClauseRole,
        ^^^^^^^^^^^^^^^^^^^^^^^^
    ...<2 lines>...
        post_inspect=True,
        ^^^^^^^^^^^^^^^^^^
    )
    ^
  File "E:\my_prog\zqgetdata\.venv\Lib\site-packages\sqlalchemy\sql\coercions.py", line 389, in expect
    insp._post_inspect
  File "E:\my_prog\zqgetdata\.venv\Lib\site-packages\sqlalchemy\util\langhelpers.py", line 1338, in __get__
    obj.__dict__[self.__name__] = result = self.fget(obj)
                                           ~~~~~~~~~^^^^^
  File "E:\my_prog\zqgetdata\.venv\Lib\site-packages\sqlalchemy\orm\mapper.py", line 2733, in _post_inspect
    self._check_configure()
    ~~~~~~~~~~~~~~~~~~~~~^^
  File "E:\my_prog\zqgetdata\.venv\Lib\site-packages\sqlalchemy\orm\mapper.py", line 2410, in _check_configure
    _configure_registries({self.registry}, cascade=True)
    ~~~~~~~~~~~~~~~~~~~~~^^^^^^^^^^^^^^^^^^^^^^^^^^^^^^^
  File "E:\my_prog\zqgetdata\.venv\Lib\site-packages\sqlalchemy\orm\mapper.py", line 4227, in _configure_registries
    _do_configure_registries(registries, cascade)
    ~~~~~~~~~~~~~~~~~~~~~~~~^^^^^^^^^^^^^^^^^^^^^
  File "E:\my_prog\zqgetdata\.venv\Lib\site-packages\sqlalchemy\orm\mapper.py", line 4264, in _do_configure_registries
    raise e
sqlalchemy.exc.InvalidRequestError: One or more mappers failed to initialize - can't proceed with initialization of other mappers. Triggering mapper: 'Mapper[TczqMatch(tczq_match)]'. Original exception was: Could not determine join condition between parent/child tables on relationship TczqMatch.spf - there are no foreign keys linking these tables.  Ensure that referencing columns are associated with a ForeignKey or ForeignKeyConstraint, or specify a 'primaryjoin' expression.

2026-04-03 10:05:23 - tczq_data - ERROR - 处理联赛名称时出错：Traceback (most recent call last):
  File "E:\my_prog\zqgetdata\app\common\_utils.py", line 164, in handle_league_name
    league = localdb.query(League).filter_by(league_name=league_name).first()
             ~~~~~~~~~~~~~^^^^^^^^
  File "E:\my_prog\zqgetdata\app\database\db_core.py", line 135, in query
    raise e
  File "E:\my_prog\zqgetdata\app\database\db_core.py", line 113, in query
    da = self.session.query(obj)
  File "E:\my_prog\zqgetdata\.venv\Lib\site-packages\sqlalchemy\orm\session.py", line 2941, in query
    return self._query_cls(entities, self, **kwargs)
           ~~~~~~~~~~~~~~~^^^^^^^^^^^^^^^^^^^^^^^^^^
  File "E:\my_prog\zqgetdata\.venv\Lib\site-packages\sqlalchemy\orm\query.py", line 276, in __init__
    self._set_entities(entities)
    ~~~~~~~~~~~~~~~~~~^^^^^^^^^^
  File "E:\my_prog\zqgetdata\.venv\Lib\site-packages\sqlalchemy\orm\query.py", line 289, in _set_entities
    coercions.expect(
    ~~~~~~~~~~~~~~~~^
        roles.ColumnsClauseRole,
        ^^^^^^^^^^^^^^^^^^^^^^^^
    ...<2 lines>...
        post_inspect=True,
        ^^^^^^^^^^^^^^^^^^
    )
    ^
  File "E:\my_prog\zqgetdata\.venv\Lib\site-packages\sqlalchemy\sql\coercions.py", line 389, in expect
    insp._post_inspect
  File "E:\my_prog\zqgetdata\.venv\Lib\site-packages\sqlalchemy\util\langhelpers.py", line 1338, in __get__
    obj.__dict__[self.__name__] = result = self.fget(obj)
                                           ~~~~~~~~~^^^^^
  File "E:\my_prog\zqgetdata\.venv\Lib\site-packages\sqlalchemy\orm\mapper.py", line 2733, in _post_inspect
    self._check_configure()
    ~~~~~~~~~~~~~~~~~~~~~^^
  File "E:\my_prog\zqgetdata\.venv\Lib\site-packages\sqlalchemy\orm\mapper.py", line 2410, in _check_configure
    _configure_registries({self.registry}, cascade=True)
    ~~~~~~~~~~~~~~~~~~~~~^^^^^^^^^^^^^^^^^^^^^^^^^^^^^^^
  File "E:\my_prog\zqgetdata\.venv\Lib\site-packages\sqlalchemy\orm\mapper.py", line 4227, in _configure_registries
    _do_configure_registries(registries, cascade)
    ~~~~~~~~~~~~~~~~~~~~~~~~^^^^^^^^^^^^^^^^^^^^^
  File "E:\my_prog\zqgetdata\.venv\Lib\site-packages\sqlalchemy\orm\mapper.py", line 4264, in _do_configure_registries
    raise e
sqlalchemy.exc.InvalidRequestError: One or more mappers failed to initialize - can't proceed with initialization of other mappers. Triggering mapper: 'Mapper[TczqMatch(tczq_match)]'. Original exception was: Could not determine join condition between parent/child tables on relationship TczqMatch.spf - there are no foreign keys linking these tables.  Ensure that referencing columns are associated with a ForeignKey or ForeignKeyConstraint, or specify a 'primaryjoin' expression.

2026-04-03 10:05:23 - tczq_data - ERROR - 处理联赛名称时出错：Traceback (most recent call last):
  File "E:\my_prog\zqgetdata\app\common\_utils.py", line 164, in handle_league_name
    league = localdb.query(League).filter_by(league_name=league_name).first()
             ~~~~~~~~~~~~~^^^^^^^^
  File "E:\my_prog\zqgetdata\app\database\db_core.py", line 135, in query
    raise e
  File "E:\my_prog\zqgetdata\app\database\db_core.py", line 113, in query
    da = self.session.query(obj)
  File "E:\my_prog\zqgetdata\.venv\Lib\site-packages\sqlalchemy\orm\session.py", line 2941, in query
    return self._query_cls(entities, self, **kwargs)
           ~~~~~~~~~~~~~~~^^^^^^^^^^^^^^^^^^^^^^^^^^
  File "E:\my_prog\zqgetdata\.venv\Lib\site-packages\sqlalchemy\orm\query.py", line 276, in __init__
    self._set_entities(entities)
    ~~~~~~~~~~~~~~~~~~^^^^^^^^^^
  File "E:\my_prog\zqgetdata\.venv\Lib\site-packages\sqlalchemy\orm\query.py", line 289, in _set_entities
    coercions.expect(
    ~~~~~~~~~~~~~~~~^
        roles.ColumnsClauseRole,
        ^^^^^^^^^^^^^^^^^^^^^^^^
    ...<2 lines>...
        post_inspect=True,
        ^^^^^^^^^^^^^^^^^^
    )
    ^
  File "E:\my_prog\zqgetdata\.venv\Lib\site-packages\sqlalchemy\sql\coercions.py", line 389, in expect
    insp._post_inspect
  File "E:\my_prog\zqgetdata\.venv\Lib\site-packages\sqlalchemy\util\langhelpers.py", line 1338, in __get__
    obj.__dict__[self.__name__] = result = self.fget(obj)
                                           ~~~~~~~~~^^^^^
  File "E:\my_prog\zqgetdata\.venv\Lib\site-packages\sqlalchemy\orm\mapper.py", line 2733, in _post_inspect
    self._check_configure()
    ~~~~~~~~~~~~~~~~~~~~~^^
  File "E:\my_prog\zqgetdata\.venv\Lib\site-packages\sqlalchemy\orm\mapper.py", line 2410, in _check_configure
    _configure_registries({self.registry}, cascade=True)
    ~~~~~~~~~~~~~~~~~~~~~^^^^^^^^^^^^^^^^^^^^^^^^^^^^^^^
  File "E:\my_prog\zqgetdata\.venv\Lib\site-packages\sqlalchemy\orm\mapper.py", line 4227, in _configure_registries
    _do_configure_registries(registries, cascade)
    ~~~~~~~~~~~~~~~~~~~~~~~~^^^^^^^^^^^^^^^^^^^^^
  File "E:\my_prog\zqgetdata\.venv\Lib\site-packages\sqlalchemy\orm\mapper.py", line 4264, in _do_configure_registries
    raise e
sqlalchemy.exc.InvalidRequestError: One or more mappers failed to initialize - can't proceed with initialization of other mappers. Triggering mapper: 'Mapper[TczqMatch(tczq_match)]'. Original exception was: Could not determine join condition between parent/child tables on relationship TczqMatch.spf - there are no foreign keys linking these tables.  Ensure that referencing columns are associated with a ForeignKey or ForeignKeyConstraint, or specify a 'primaryjoin' expression.

2026-04-03 10:05:23 - tczq_data - ERROR - 处理联赛名称时出错：Traceback (most recent call last):
  File "E:\my_prog\zqgetdata\app\common\_utils.py", line 164, in handle_league_name
    league = localdb.query(League).filter_by(league_name=league_name).first()
             ~~~~~~~~~~~~~^^^^^^^^
  File "E:\my_prog\zqgetdata\app\database\db_core.py", line 135, in query
    raise e
  File "E:\my_prog\zqgetdata\app\database\db_core.py", line 113, in query
    da = self.session.query(obj)
  File "E:\my_prog\zqgetdata\.venv\Lib\site-packages\sqlalchemy\orm\session.py", line 2941, in query
    return self._query_cls(entities, self, **kwargs)
           ~~~~~~~~~~~~~~~^^^^^^^^^^^^^^^^^^^^^^^^^^
  File "E:\my_prog\zqgetdata\.venv\Lib\site-packages\sqlalchemy\orm\query.py", line 276, in __init__
    self._set_entities(entities)
    ~~~~~~~~~~~~~~~~~~^^^^^^^^^^
  File "E:\my_prog\zqgetdata\.venv\Lib\site-packages\sqlalchemy\orm\query.py", line 289, in _set_entities
    coercions.expect(
    ~~~~~~~~~~~~~~~~^
        roles.ColumnsClauseRole,
        ^^^^^^^^^^^^^^^^^^^^^^^^
    ...<2 lines>...
        post_inspect=True,
        ^^^^^^^^^^^^^^^^^^
    )
    ^
  File "E:\my_prog\zqgetdata\.venv\Lib\site-packages\sqlalchemy\sql\coercions.py", line 389, in expect
    insp._post_inspect
  File "E:\my_prog\zqgetdata\.venv\Lib\site-packages\sqlalchemy\util\langhelpers.py", line 1338, in __get__
    obj.__dict__[self.__name__] = result = self.fget(obj)
                                           ~~~~~~~~~^^^^^
  File "E:\my_prog\zqgetdata\.venv\Lib\site-packages\sqlalchemy\orm\mapper.py", line 2733, in _post_inspect
    self._check_configure()
    ~~~~~~~~~~~~~~~~~~~~~^^
  File "E:\my_prog\zqgetdata\.venv\Lib\site-packages\sqlalchemy\orm\mapper.py", line 2410, in _check_configure
    _configure_registries({self.registry}, cascade=True)
    ~~~~~~~~~~~~~~~~~~~~~^^^^^^^^^^^^^^^^^^^^^^^^^^^^^^^
  File "E:\my_prog\zqgetdata\.venv\Lib\site-packages\sqlalchemy\orm\mapper.py", line 4227, in _configure_registries
    _do_configure_registries(registries, cascade)
    ~~~~~~~~~~~~~~~~~~~~~~~~^^^^^^^^^^^^^^^^^^^^^
  File "E:\my_prog\zqgetdata\.venv\Lib\site-packages\sqlalchemy\orm\mapper.py", line 4264, in _do_configure_registries
    raise e
sqlalchemy.exc.InvalidRequestError: One or more mappers failed to initialize - can't proceed with initialization of other mappers. Triggering mapper: 'Mapper[TczqMatch(tczq_match)]'. Original exception was: Could not determine join condition between parent/child tables on relationship TczqMatch.spf - there are no foreign keys linking these tables.  Ensure that referencing columns are associated with a ForeignKey or ForeignKeyConstraint, or specify a 'primaryjoin' expression.

2026-04-03 10:05:23 - tczq_data - ERROR - 处理联赛名称时出错：Traceback (most recent call last):
  File "E:\my_prog\zqgetdata\app\common\_utils.py", line 164, in handle_league_name
    league = localdb.query(League).filter_by(league_name=league_name).first()
             ~~~~~~~~~~~~~^^^^^^^^
  File "E:\my_prog\zqgetdata\app\database\db_core.py", line 135, in query
    raise e
  File "E:\my_prog\zqgetdata\app\database\db_core.py", line 113, in query
    da = self.session.query(obj)
  File "E:\my_prog\zqgetdata\.venv\Lib\site-packages\sqlalchemy\orm\session.py", line 2941, in query
    return self._query_cls(entities, self, **kwargs)
           ~~~~~~~~~~~~~~~^^^^^^^^^^^^^^^^^^^^^^^^^^
  File "E:\my_prog\zqgetdata\.venv\Lib\site-packages\sqlalchemy\orm\query.py", line 276, in __init__
    self._set_entities(entities)
    ~~~~~~~~~~~~~~~~~~^^^^^^^^^^
  File "E:\my_prog\zqgetdata\.venv\Lib\site-packages\sqlalchemy\orm\query.py", line 289, in _set_entities
    coercions.expect(
    ~~~~~~~~~~~~~~~~^
        roles.ColumnsClauseRole,
        ^^^^^^^^^^^^^^^^^^^^^^^^
    ...<2 lines>...
        post_inspect=True,
        ^^^^^^^^^^^^^^^^^^
    )
    ^
  File "E:\my_prog\zqgetdata\.venv\Lib\site-packages\sqlalchemy\sql\coercions.py", line 389, in expect
    insp._post_inspect
  File "E:\my_prog\zqgetdata\.venv\Lib\site-packages\sqlalchemy\util\langhelpers.py", line 1338, in __get__
    obj.__dict__[self.__name__] = result = self.fget(obj)
                                           ~~~~~~~~~^^^^^
  File "E:\my_prog\zqgetdata\.venv\Lib\site-packages\sqlalchemy\orm\mapper.py", line 2733, in _post_inspect
    self._check_configure()
    ~~~~~~~~~~~~~~~~~~~~~^^
  File "E:\my_prog\zqgetdata\.venv\Lib\site-packages\sqlalchemy\orm\mapper.py", line 2410, in _check_configure
    _configure_registries({self.registry}, cascade=True)
    ~~~~~~~~~~~~~~~~~~~~~^^^^^^^^^^^^^^^^^^^^^^^^^^^^^^^
  File "E:\my_prog\zqgetdata\.venv\Lib\site-packages\sqlalchemy\orm\mapper.py", line 4227, in _configure_registries
    _do_configure_registries(registries, cascade)
    ~~~~~~~~~~~~~~~~~~~~~~~~^^^^^^^^^^^^^^^^^^^^^
  File "E:\my_prog\zqgetdata\.venv\Lib\site-packages\sqlalchemy\orm\mapper.py", line 4264, in _do_configure_registries
    raise e
sqlalchemy.exc.InvalidRequestError: One or more mappers failed to initialize - can't proceed with initialization of other mappers. Triggering mapper: 'Mapper[TczqMatch(tczq_match)]'. Original exception was: Could not determine join condition between parent/child tables on relationship TczqMatch.spf - there are no foreign keys linking these tables.  Ensure that referencing columns are associated with a ForeignKey or ForeignKeyConstraint, or specify a 'primaryjoin' expression.

2026-04-03 10:15:30 - tczq_data - ERROR - 处理联赛名称时出错：Traceback (most recent call last):
  File "E:\my_prog\zqgetdata\.venv\Lib\site-packages\sqlalchemy\orm\relationships.py", line 2434, in _determine_joins
    self.primaryjoin = join_condition(
                       ~~~~~~~~~~~~~~^
        self.parent_persist_selectable,
        ^^^^^^^^^^^^^^^^^^^^^^^^^^^^^^^
    ...<2 lines>...
        consider_as_foreign_keys=consider_as_foreign_keys,
        ^^^^^^^^^^^^^^^^^^^^^^^^^^^^^^^^^^^^^^^^^^^^^^^^^^
    )
    ^
  File "E:\my_prog\zqgetdata\.venv\Lib\site-packages\sqlalchemy\sql\util.py", line 121, in join_condition
    return Join._join_condition(
           ~~~~~~~~~~~~~~~~~~~~^
        a,
        ^^
    ...<2 lines>...
        consider_as_foreign_keys=consider_as_foreign_keys,
        ^^^^^^^^^^^^^^^^^^^^^^^^^^^^^^^^^^^^^^^^^^^^^^^^^^
    )
    ^
  File "E:\my_prog\zqgetdata\.venv\Lib\site-packages\sqlalchemy\sql\selectable.py", line 1453, in _join_condition
    raise exc.NoForeignKeysError(
    ...<3 lines>...
    )
sqlalchemy.exc.NoForeignKeysError: Can't find any foreign key relationships between 'tczq_match' and 'tczq_spf_odds'.

The above exception was the direct cause of the following exception:

Traceback (most recent call last):
  File "E:\my_prog\zqgetdata\app\common\_utils.py", line 164, in handle_league_name
    league = localdb.query(League).filter_by(league_name=league_name).first()
             ~~~~~~~~~~~~~^^^^^^^^
  File "E:\my_prog\zqgetdata\app\database\db_core.py", line 135, in query
    raise e
  File "E:\my_prog\zqgetdata\app\database\db_core.py", line 113, in query
    da = self.session.query(obj)
  File "E:\my_prog\zqgetdata\.venv\Lib\site-packages\sqlalchemy\orm\session.py", line 2941, in query
    return self._query_cls(entities, self, **kwargs)
           ~~~~~~~~~~~~~~~^^^^^^^^^^^^^^^^^^^^^^^^^^
  File "E:\my_prog\zqgetdata\.venv\Lib\site-packages\sqlalchemy\orm\query.py", line 276, in __init__
    self._set_entities(entities)
    ~~~~~~~~~~~~~~~~~~^^^^^^^^^^
  File "E:\my_prog\zqgetdata\.venv\Lib\site-packages\sqlalchemy\orm\query.py", line 289, in _set_entities
    coercions.expect(
    ~~~~~~~~~~~~~~~~^
        roles.ColumnsClauseRole,
        ^^^^^^^^^^^^^^^^^^^^^^^^
    ...<2 lines>...
        post_inspect=True,
        ^^^^^^^^^^^^^^^^^^
    )
    ^
  File "E:\my_prog\zqgetdata\.venv\Lib\site-packages\sqlalchemy\sql\coercions.py", line 389, in expect
    insp._post_inspect
  File "E:\my_prog\zqgetdata\.venv\Lib\site-packages\sqlalchemy\util\langhelpers.py", line 1338, in __get__
    obj.__dict__[self.__name__] = result = self.fget(obj)
                                           ~~~~~~~~~^^^^^
  File "E:\my_prog\zqgetdata\.venv\Lib\site-packages\sqlalchemy\orm\mapper.py", line 2733, in _post_inspect
    self._check_configure()
    ~~~~~~~~~~~~~~~~~~~~~^^
  File "E:\my_prog\zqgetdata\.venv\Lib\site-packages\sqlalchemy\orm\mapper.py", line 2410, in _check_configure
    _configure_registries({self.registry}, cascade=True)
    ~~~~~~~~~~~~~~~~~~~~~^^^^^^^^^^^^^^^^^^^^^^^^^^^^^^^
  File "E:\my_prog\zqgetdata\.venv\Lib\site-packages\sqlalchemy\orm\mapper.py", line 4227, in _configure_registries
    _do_configure_registries(registries, cascade)
    ~~~~~~~~~~~~~~~~~~~~~~~~^^^^^^^^^^^^^^^^^^^^^
  File "E:\my_prog\zqgetdata\.venv\Lib\site-packages\sqlalchemy\orm\mapper.py", line 4268, in _do_configure_registries
    mapper._post_configure_properties()
    ~~~~~~~~~~~~~~~~~~~~~~~~~~~~~~~~~^^
  File "E:\my_prog\zqgetdata\.venv\Lib\site-packages\sqlalchemy\orm\mapper.py", line 2427, in _post_configure_properties
    prop.init()
    ~~~~~~~~~^^
  File "E:\my_prog\zqgetdata\.venv\Lib\site-packages\sqlalchemy\orm\interfaces.py", line 595, in init
    self.do_init()
    ~~~~~~~~~~~~^^
  File "E:\my_prog\zqgetdata\.venv\Lib\site-packages\sqlalchemy\orm\relationships.py", line 1657, in do_init
    self._setup_join_conditions()
    ~~~~~~~~~~~~~~~~~~~~~~~~~~~^^
  File "E:\my_prog\zqgetdata\.venv\Lib\site-packages\sqlalchemy\orm\relationships.py", line 1895, in _setup_join_conditions
    self._join_condition = jc = JoinCondition(
                                ~~~~~~~~~~~~~^
        parent_persist_selectable=self.parent.persist_selectable,
        ^^^^^^^^^^^^^^^^^^^^^^^^^^^^^^^^^^^^^^^^^^^^^^^^^^^^^^^^^
    ...<14 lines>...
        can_be_synced_fn=self._columns_are_mapped,
        ^^^^^^^^^^^^^^^^^^^^^^^^^^^^^^^^^^^^^^^^^^
    )
    ^
  File "E:\my_prog\zqgetdata\.venv\Lib\site-packages\sqlalchemy\orm\relationships.py", line 2321, in __init__
    self._determine_joins()
    ~~~~~~~~~~~~~~~~~~~~~^^
  File "E:\my_prog\zqgetdata\.venv\Lib\site-packages\sqlalchemy\orm\relationships.py", line 2455, in _determine_joins
    raise sa_exc.NoForeignKeysError(
    ...<7 lines>...
    ) from nfe
sqlalchemy.exc.NoForeignKeysError: Could not determine join condition between parent/child tables on relationship TczqMatch.spf - there are no foreign keys linking these tables.  Ensure that referencing columns are associated with a ForeignKey or ForeignKeyConstraint, or specify a 'primaryjoin' expression.

2026-04-03 10:15:30 - tczq_data - ERROR - 处理联赛名称时出错：Traceback (most recent call last):
  File "E:\my_prog\zqgetdata\app\common\_utils.py", line 164, in handle_league_name
    league = localdb.query(League).filter_by(league_name=league_name).first()
             ~~~~~~~~~~~~~^^^^^^^^
  File "E:\my_prog\zqgetdata\app\database\db_core.py", line 135, in query
    raise e
  File "E:\my_prog\zqgetdata\app\database\db_core.py", line 113, in query
    da = self.session.query(obj)
  File "E:\my_prog\zqgetdata\.venv\Lib\site-packages\sqlalchemy\orm\session.py", line 2941, in query
    return self._query_cls(entities, self, **kwargs)
           ~~~~~~~~~~~~~~~^^^^^^^^^^^^^^^^^^^^^^^^^^
  File "E:\my_prog\zqgetdata\.venv\Lib\site-packages\sqlalchemy\orm\query.py", line 276, in __init__
    self._set_entities(entities)
    ~~~~~~~~~~~~~~~~~~^^^^^^^^^^
  File "E:\my_prog\zqgetdata\.venv\Lib\site-packages\sqlalchemy\orm\query.py", line 289, in _set_entities
    coercions.expect(
    ~~~~~~~~~~~~~~~~^
        roles.ColumnsClauseRole,
        ^^^^^^^^^^^^^^^^^^^^^^^^
    ...<2 lines>...
        post_inspect=True,
        ^^^^^^^^^^^^^^^^^^
    )
    ^
  File "E:\my_prog\zqgetdata\.venv\Lib\site-packages\sqlalchemy\sql\coercions.py", line 389, in expect
    insp._post_inspect
  File "E:\my_prog\zqgetdata\.venv\Lib\site-packages\sqlalchemy\util\langhelpers.py", line 1338, in __get__
    obj.__dict__[self.__name__] = result = self.fget(obj)
                                           ~~~~~~~~~^^^^^
  File "E:\my_prog\zqgetdata\.venv\Lib\site-packages\sqlalchemy\orm\mapper.py", line 2733, in _post_inspect
    self._check_configure()
    ~~~~~~~~~~~~~~~~~~~~~^^
  File "E:\my_prog\zqgetdata\.venv\Lib\site-packages\sqlalchemy\orm\mapper.py", line 2410, in _check_configure
    _configure_registries({self.registry}, cascade=True)
    ~~~~~~~~~~~~~~~~~~~~~^^^^^^^^^^^^^^^^^^^^^^^^^^^^^^^
  File "E:\my_prog\zqgetdata\.venv\Lib\site-packages\sqlalchemy\orm\mapper.py", line 4227, in _configure_registries
    _do_configure_registries(registries, cascade)
    ~~~~~~~~~~~~~~~~~~~~~~~~^^^^^^^^^^^^^^^^^^^^^
  File "E:\my_prog\zqgetdata\.venv\Lib\site-packages\sqlalchemy\orm\mapper.py", line 4264, in _do_configure_registries
    raise e
sqlalchemy.exc.InvalidRequestError: One or more mappers failed to initialize - can't proceed with initialization of other mappers. Triggering mapper: 'Mapper[TczqMatch(tczq_match)]'. Original exception was: Could not determine join condition between parent/child tables on relationship TczqMatch.spf - there are no foreign keys linking these tables.  Ensure that referencing columns are associated with a ForeignKey or ForeignKeyConstraint, or specify a 'primaryjoin' expression.

2026-04-03 10:15:30 - tczq_data - ERROR - 处理联赛名称时出错：Traceback (most recent call last):
  File "E:\my_prog\zqgetdata\app\common\_utils.py", line 164, in handle_league_name
    league = localdb.query(League).filter_by(league_name=league_name).first()
             ~~~~~~~~~~~~~^^^^^^^^
  File "E:\my_prog\zqgetdata\app\database\db_core.py", line 135, in query
    raise e
  File "E:\my_prog\zqgetdata\app\database\db_core.py", line 113, in query
    da = self.session.query(obj)
  File "E:\my_prog\zqgetdata\.venv\Lib\site-packages\sqlalchemy\orm\session.py", line 2941, in query
    return self._query_cls(entities, self, **kwargs)
           ~~~~~~~~~~~~~~~^^^^^^^^^^^^^^^^^^^^^^^^^^
  File "E:\my_prog\zqgetdata\.venv\Lib\site-packages\sqlalchemy\orm\query.py", line 276, in __init__
    self._set_entities(entities)
    ~~~~~~~~~~~~~~~~~~^^^^^^^^^^
  File "E:\my_prog\zqgetdata\.venv\Lib\site-packages\sqlalchemy\orm\query.py", line 289, in _set_entities
    coercions.expect(
    ~~~~~~~~~~~~~~~~^
        roles.ColumnsClauseRole,
        ^^^^^^^^^^^^^^^^^^^^^^^^
    ...<2 lines>...
        post_inspect=True,
        ^^^^^^^^^^^^^^^^^^
    )
    ^
  File "E:\my_prog\zqgetdata\.venv\Lib\site-packages\sqlalchemy\sql\coercions.py", line 389, in expect
    insp._post_inspect
  File "E:\my_prog\zqgetdata\.venv\Lib\site-packages\sqlalchemy\util\langhelpers.py", line 1338, in __get__
    obj.__dict__[self.__name__] = result = self.fget(obj)
                                           ~~~~~~~~~^^^^^
  File "E:\my_prog\zqgetdata\.venv\Lib\site-packages\sqlalchemy\orm\mapper.py", line 2733, in _post_inspect
    self._check_configure()
    ~~~~~~~~~~~~~~~~~~~~~^^
  File "E:\my_prog\zqgetdata\.venv\Lib\site-packages\sqlalchemy\orm\mapper.py", line 2410, in _check_configure
    _configure_registries({self.registry}, cascade=True)
    ~~~~~~~~~~~~~~~~~~~~~^^^^^^^^^^^^^^^^^^^^^^^^^^^^^^^
  File "E:\my_prog\zqgetdata\.venv\Lib\site-packages\sqlalchemy\orm\mapper.py", line 4227, in _configure_registries
    _do_configure_registries(registries, cascade)
    ~~~~~~~~~~~~~~~~~~~~~~~~^^^^^^^^^^^^^^^^^^^^^
  File "E:\my_prog\zqgetdata\.venv\Lib\site-packages\sqlalchemy\orm\mapper.py", line 4264, in _do_configure_registries
    raise e
sqlalchemy.exc.InvalidRequestError: One or more mappers failed to initialize - can't proceed with initialization of other mappers. Triggering mapper: 'Mapper[TczqMatch(tczq_match)]'. Original exception was: Could not determine join condition between parent/child tables on relationship TczqMatch.spf - there are no foreign keys linking these tables.  Ensure that referencing columns are associated with a ForeignKey or ForeignKeyConstraint, or specify a 'primaryjoin' expression.

2026-04-03 10:15:30 - tczq_data - ERROR - 处理联赛名称时出错：Traceback (most recent call last):
  File "E:\my_prog\zqgetdata\app\common\_utils.py", line 164, in handle_league_name
    league = localdb.query(League).filter_by(league_name=league_name).first()
             ~~~~~~~~~~~~~^^^^^^^^
  File "E:\my_prog\zqgetdata\app\database\db_core.py", line 135, in query
    raise e
  File "E:\my_prog\zqgetdata\app\database\db_core.py", line 113, in query
    da = self.session.query(obj)
  File "E:\my_prog\zqgetdata\.venv\Lib\site-packages\sqlalchemy\orm\session.py", line 2941, in query
    return self._query_cls(entities, self, **kwargs)
           ~~~~~~~~~~~~~~~^^^^^^^^^^^^^^^^^^^^^^^^^^
  File "E:\my_prog\zqgetdata\.venv\Lib\site-packages\sqlalchemy\orm\query.py", line 276, in __init__
    self._set_entities(entities)
    ~~~~~~~~~~~~~~~~~~^^^^^^^^^^
  File "E:\my_prog\zqgetdata\.venv\Lib\site-packages\sqlalchemy\orm\query.py", line 289, in _set_entities
    coercions.expect(
    ~~~~~~~~~~~~~~~~^
        roles.ColumnsClauseRole,
        ^^^^^^^^^^^^^^^^^^^^^^^^
    ...<2 lines>...
        post_inspect=True,
        ^^^^^^^^^^^^^^^^^^
    )
    ^
  File "E:\my_prog\zqgetdata\.venv\Lib\site-packages\sqlalchemy\sql\coercions.py", line 389, in expect
    insp._post_inspect
  File "E:\my_prog\zqgetdata\.venv\Lib\site-packages\sqlalchemy\util\langhelpers.py", line 1338, in __get__
    obj.__dict__[self.__name__] = result = self.fget(obj)
                                           ~~~~~~~~~^^^^^
  File "E:\my_prog\zqgetdata\.venv\Lib\site-packages\sqlalchemy\orm\mapper.py", line 2733, in _post_inspect
    self._check_configure()
    ~~~~~~~~~~~~~~~~~~~~~^^
  File "E:\my_prog\zqgetdata\.venv\Lib\site-packages\sqlalchemy\orm\mapper.py", line 2410, in _check_configure
    _configure_registries({self.registry}, cascade=True)
    ~~~~~~~~~~~~~~~~~~~~~^^^^^^^^^^^^^^^^^^^^^^^^^^^^^^^
  File "E:\my_prog\zqgetdata\.venv\Lib\site-packages\sqlalchemy\orm\mapper.py", line 4227, in _configure_registries
    _do_configure_registries(registries, cascade)
    ~~~~~~~~~~~~~~~~~~~~~~~~^^^^^^^^^^^^^^^^^^^^^
  File "E:\my_prog\zqgetdata\.venv\Lib\site-packages\sqlalchemy\orm\mapper.py", line 4264, in _do_configure_registries
    raise e
sqlalchemy.exc.InvalidRequestError: One or more mappers failed to initialize - can't proceed with initialization of other mappers. Triggering mapper: 'Mapper[TczqMatch(tczq_match)]'. Original exception was: Could not determine join condition between parent/child tables on relationship TczqMatch.spf - there are no foreign keys linking these tables.  Ensure that referencing columns are associated with a ForeignKey or ForeignKeyConstraint, or specify a 'primaryjoin' expression.

2026-04-03 10:15:30 - tczq_data - ERROR - 处理联赛名称时出错：Traceback (most recent call last):
  File "E:\my_prog\zqgetdata\app\common\_utils.py", line 164, in handle_league_name
    league = localdb.query(League).filter_by(league_name=league_name).first()
             ~~~~~~~~~~~~~^^^^^^^^
  File "E:\my_prog\zqgetdata\app\database\db_core.py", line 135, in query
    raise e
  File "E:\my_prog\zqgetdata\app\database\db_core.py", line 113, in query
    da = self.session.query(obj)
  File "E:\my_prog\zqgetdata\.venv\Lib\site-packages\sqlalchemy\orm\session.py", line 2941, in query
    return self._query_cls(entities, self, **kwargs)
           ~~~~~~~~~~~~~~~^^^^^^^^^^^^^^^^^^^^^^^^^^
  File "E:\my_prog\zqgetdata\.venv\Lib\site-packages\sqlalchemy\orm\query.py", line 276, in __init__
    self._set_entities(entities)
    ~~~~~~~~~~~~~~~~~~^^^^^^^^^^
  File "E:\my_prog\zqgetdata\.venv\Lib\site-packages\sqlalchemy\orm\query.py", line 289, in _set_entities
    coercions.expect(
    ~~~~~~~~~~~~~~~~^
        roles.ColumnsClauseRole,
        ^^^^^^^^^^^^^^^^^^^^^^^^
    ...<2 lines>...
        post_inspect=True,
        ^^^^^^^^^^^^^^^^^^
    )
    ^
  File "E:\my_prog\zqgetdata\.venv\Lib\site-packages\sqlalchemy\sql\coercions.py", line 389, in expect
    insp._post_inspect
  File "E:\my_prog\zqgetdata\.venv\Lib\site-packages\sqlalchemy\util\langhelpers.py", line 1338, in __get__
    obj.__dict__[self.__name__] = result = self.fget(obj)
                                           ~~~~~~~~~^^^^^
  File "E:\my_prog\zqgetdata\.venv\Lib\site-packages\sqlalchemy\orm\mapper.py", line 2733, in _post_inspect
    self._check_configure()
    ~~~~~~~~~~~~~~~~~~~~~^^
  File "E:\my_prog\zqgetdata\.venv\Lib\site-packages\sqlalchemy\orm\mapper.py", line 2410, in _check_configure
    _configure_registries({self.registry}, cascade=True)
    ~~~~~~~~~~~~~~~~~~~~~^^^^^^^^^^^^^^^^^^^^^^^^^^^^^^^
  File "E:\my_prog\zqgetdata\.venv\Lib\site-packages\sqlalchemy\orm\mapper.py", line 4227, in _configure_registries
    _do_configure_registries(registries, cascade)
    ~~~~~~~~~~~~~~~~~~~~~~~~^^^^^^^^^^^^^^^^^^^^^
  File "E:\my_prog\zqgetdata\.venv\Lib\site-packages\sqlalchemy\orm\mapper.py", line 4264, in _do_configure_registries
    raise e
sqlalchemy.exc.InvalidRequestError: One or more mappers failed to initialize - can't proceed with initialization of other mappers. Triggering mapper: 'Mapper[TczqMatch(tczq_match)]'. Original exception was: Could not determine join condition between parent/child tables on relationship TczqMatch.spf - there are no foreign keys linking these tables.  Ensure that referencing columns are associated with a ForeignKey or ForeignKeyConstraint, or specify a 'primaryjoin' expression.

2026-04-03 10:15:30 - tczq_data - ERROR - 处理联赛名称时出错：Traceback (most recent call last):
  File "E:\my_prog\zqgetdata\app\common\_utils.py", line 164, in handle_league_name
    league = localdb.query(League).filter_by(league_name=league_name).first()
             ~~~~~~~~~~~~~^^^^^^^^
  File "E:\my_prog\zqgetdata\app\database\db_core.py", line 135, in query
    raise e
  File "E:\my_prog\zqgetdata\app\database\db_core.py", line 113, in query
    da = self.session.query(obj)
  File "E:\my_prog\zqgetdata\.venv\Lib\site-packages\sqlalchemy\orm\session.py", line 2941, in query
    return self._query_cls(entities, self, **kwargs)
           ~~~~~~~~~~~~~~~^^^^^^^^^^^^^^^^^^^^^^^^^^
  File "E:\my_prog\zqgetdata\.venv\Lib\site-packages\sqlalchemy\orm\query.py", line 276, in __init__
    self._set_entities(entities)
    ~~~~~~~~~~~~~~~~~~^^^^^^^^^^
  File "E:\my_prog\zqgetdata\.venv\Lib\site-packages\sqlalchemy\orm\query.py", line 289, in _set_entities
    coercions.expect(
    ~~~~~~~~~~~~~~~~^
        roles.ColumnsClauseRole,
        ^^^^^^^^^^^^^^^^^^^^^^^^
    ...<2 lines>...
        post_inspect=True,
        ^^^^^^^^^^^^^^^^^^
    )
    ^
  File "E:\my_prog\zqgetdata\.venv\Lib\site-packages\sqlalchemy\sql\coercions.py", line 389, in expect
    insp._post_inspect
  File "E:\my_prog\zqgetdata\.venv\Lib\site-packages\sqlalchemy\util\langhelpers.py", line 1338, in __get__
    obj.__dict__[self.__name__] = result = self.fget(obj)
                                           ~~~~~~~~~^^^^^
  File "E:\my_prog\zqgetdata\.venv\Lib\site-packages\sqlalchemy\orm\mapper.py", line 2733, in _post_inspect
    self._check_configure()
    ~~~~~~~~~~~~~~~~~~~~~^^
  File "E:\my_prog\zqgetdata\.venv\Lib\site-packages\sqlalchemy\orm\mapper.py", line 2410, in _check_configure
    _configure_registries({self.registry}, cascade=True)
    ~~~~~~~~~~~~~~~~~~~~~^^^^^^^^^^^^^^^^^^^^^^^^^^^^^^^
  File "E:\my_prog\zqgetdata\.venv\Lib\site-packages\sqlalchemy\orm\mapper.py", line 4227, in _configure_registries
    _do_configure_registries(registries, cascade)
    ~~~~~~~~~~~~~~~~~~~~~~~~^^^^^^^^^^^^^^^^^^^^^
  File "E:\my_prog\zqgetdata\.venv\Lib\site-packages\sqlalchemy\orm\mapper.py", line 4264, in _do_configure_registries
    raise e
sqlalchemy.exc.InvalidRequestError: One or more mappers failed to initialize - can't proceed with initialization of other mappers. Triggering mapper: 'Mapper[TczqMatch(tczq_match)]'. Original exception was: Could not determine join condition between parent/child tables on relationship TczqMatch.spf - there are no foreign keys linking these tables.  Ensure that referencing columns are associated with a ForeignKey or ForeignKeyConstraint, or specify a 'primaryjoin' expression.

2026-04-03 10:15:30 - tczq_data - ERROR - 处理联赛名称时出错：Traceback (most recent call last):
  File "E:\my_prog\zqgetdata\app\common\_utils.py", line 164, in handle_league_name
    league = localdb.query(League).filter_by(league_name=league_name).first()
             ~~~~~~~~~~~~~^^^^^^^^
  File "E:\my_prog\zqgetdata\app\database\db_core.py", line 135, in query
    raise e
  File "E:\my_prog\zqgetdata\app\database\db_core.py", line 113, in query
    da = self.session.query(obj)
  File "E:\my_prog\zqgetdata\.venv\Lib\site-packages\sqlalchemy\orm\session.py", line 2941, in query
    return self._query_cls(entities, self, **kwargs)
           ~~~~~~~~~~~~~~~^^^^^^^^^^^^^^^^^^^^^^^^^^
  File "E:\my_prog\zqgetdata\.venv\Lib\site-packages\sqlalchemy\orm\query.py", line 276, in __init__
    self._set_entities(entities)
    ~~~~~~~~~~~~~~~~~~^^^^^^^^^^
  File "E:\my_prog\zqgetdata\.venv\Lib\site-packages\sqlalchemy\orm\query.py", line 289, in _set_entities
    coercions.expect(
    ~~~~~~~~~~~~~~~~^
        roles.ColumnsClauseRole,
        ^^^^^^^^^^^^^^^^^^^^^^^^
    ...<2 lines>...
        post_inspect=True,
        ^^^^^^^^^^^^^^^^^^
    )
    ^
  File "E:\my_prog\zqgetdata\.venv\Lib\site-packages\sqlalchemy\sql\coercions.py", line 389, in expect
    insp._post_inspect
  File "E:\my_prog\zqgetdata\.venv\Lib\site-packages\sqlalchemy\util\langhelpers.py", line 1338, in __get__
    obj.__dict__[self.__name__] = result = self.fget(obj)
                                           ~~~~~~~~~^^^^^
  File "E:\my_prog\zqgetdata\.venv\Lib\site-packages\sqlalchemy\orm\mapper.py", line 2733, in _post_inspect
    self._check_configure()
    ~~~~~~~~~~~~~~~~~~~~~^^
  File "E:\my_prog\zqgetdata\.venv\Lib\site-packages\sqlalchemy\orm\mapper.py", line 2410, in _check_configure
    _configure_registries({self.registry}, cascade=True)
    ~~~~~~~~~~~~~~~~~~~~~^^^^^^^^^^^^^^^^^^^^^^^^^^^^^^^
  File "E:\my_prog\zqgetdata\.venv\Lib\site-packages\sqlalchemy\orm\mapper.py", line 4227, in _configure_registries
    _do_configure_registries(registries, cascade)
    ~~~~~~~~~~~~~~~~~~~~~~~~^^^^^^^^^^^^^^^^^^^^^
  File "E:\my_prog\zqgetdata\.venv\Lib\site-packages\sqlalchemy\orm\mapper.py", line 4264, in _do_configure_registries
    raise e
sqlalchemy.exc.InvalidRequestError: One or more mappers failed to initialize - can't proceed with initialization of other mappers. Triggering mapper: 'Mapper[TczqMatch(tczq_match)]'. Original exception was: Could not determine join condition between parent/child tables on relationship TczqMatch.spf - there are no foreign keys linking these tables.  Ensure that referencing columns are associated with a ForeignKey or ForeignKeyConstraint, or specify a 'primaryjoin' expression.

2026-04-03 10:15:30 - tczq_data - ERROR - 处理联赛名称时出错：Traceback (most recent call last):
  File "E:\my_prog\zqgetdata\app\common\_utils.py", line 164, in handle_league_name
    league = localdb.query(League).filter_by(league_name=league_name).first()
             ~~~~~~~~~~~~~^^^^^^^^
  File "E:\my_prog\zqgetdata\app\database\db_core.py", line 135, in query
    raise e
  File "E:\my_prog\zqgetdata\app\database\db_core.py", line 113, in query
    da = self.session.query(obj)
  File "E:\my_prog\zqgetdata\.venv\Lib\site-packages\sqlalchemy\orm\session.py", line 2941, in query
    return self._query_cls(entities, self, **kwargs)
           ~~~~~~~~~~~~~~~^^^^^^^^^^^^^^^^^^^^^^^^^^
  File "E:\my_prog\zqgetdata\.venv\Lib\site-packages\sqlalchemy\orm\query.py", line 276, in __init__
    self._set_entities(entities)
    ~~~~~~~~~~~~~~~~~~^^^^^^^^^^
  File "E:\my_prog\zqgetdata\.venv\Lib\site-packages\sqlalchemy\orm\query.py", line 289, in _set_entities
    coercions.expect(
    ~~~~~~~~~~~~~~~~^
        roles.ColumnsClauseRole,
        ^^^^^^^^^^^^^^^^^^^^^^^^
    ...<2 lines>...
        post_inspect=True,
        ^^^^^^^^^^^^^^^^^^
    )
    ^
  File "E:\my_prog\zqgetdata\.venv\Lib\site-packages\sqlalchemy\sql\coercions.py", line 389, in expect
    insp._post_inspect
  File "E:\my_prog\zqgetdata\.venv\Lib\site-packages\sqlalchemy\util\langhelpers.py", line 1338, in __get__
    obj.__dict__[self.__name__] = result = self.fget(obj)
                                           ~~~~~~~~~^^^^^
  File "E:\my_prog\zqgetdata\.venv\Lib\site-packages\sqlalchemy\orm\mapper.py", line 2733, in _post_inspect
    self._check_configure()
    ~~~~~~~~~~~~~~~~~~~~~^^
  File "E:\my_prog\zqgetdata\.venv\Lib\site-packages\sqlalchemy\orm\mapper.py", line 2410, in _check_configure
    _configure_registries({self.registry}, cascade=True)
    ~~~~~~~~~~~~~~~~~~~~~^^^^^^^^^^^^^^^^^^^^^^^^^^^^^^^
  File "E:\my_prog\zqgetdata\.venv\Lib\site-packages\sqlalchemy\orm\mapper.py", line 4227, in _configure_registries
    _do_configure_registries(registries, cascade)
    ~~~~~~~~~~~~~~~~~~~~~~~~^^^^^^^^^^^^^^^^^^^^^
  File "E:\my_prog\zqgetdata\.venv\Lib\site-packages\sqlalchemy\orm\mapper.py", line 4264, in _do_configure_registries
    raise e
sqlalchemy.exc.InvalidRequestError: One or more mappers failed to initialize - can't proceed with initialization of other mappers. Triggering mapper: 'Mapper[TczqMatch(tczq_match)]'. Original exception was: Could not determine join condition between parent/child tables on relationship TczqMatch.spf - there are no foreign keys linking these tables.  Ensure that referencing columns are associated with a ForeignKey or ForeignKeyConstraint, or specify a 'primaryjoin' expression.

2026-04-03 10:15:30 - tczq_data - ERROR - 处理联赛名称时出错：Traceback (most recent call last):
  File "E:\my_prog\zqgetdata\app\common\_utils.py", line 164, in handle_league_name
    league = localdb.query(League).filter_by(league_name=league_name).first()
             ~~~~~~~~~~~~~^^^^^^^^
  File "E:\my_prog\zqgetdata\app\database\db_core.py", line 135, in query
    raise e
  File "E:\my_prog\zqgetdata\app\database\db_core.py", line 113, in query
    da = self.session.query(obj)
  File "E:\my_prog\zqgetdata\.venv\Lib\site-packages\sqlalchemy\orm\session.py", line 2941, in query
    return self._query_cls(entities, self, **kwargs)
           ~~~~~~~~~~~~~~~^^^^^^^^^^^^^^^^^^^^^^^^^^
  File "E:\my_prog\zqgetdata\.venv\Lib\site-packages\sqlalchemy\orm\query.py", line 276, in __init__
    self._set_entities(entities)
    ~~~~~~~~~~~~~~~~~~^^^^^^^^^^
  File "E:\my_prog\zqgetdata\.venv\Lib\site-packages\sqlalchemy\orm\query.py", line 289, in _set_entities
    coercions.expect(
    ~~~~~~~~~~~~~~~~^
        roles.ColumnsClauseRole,
        ^^^^^^^^^^^^^^^^^^^^^^^^
    ...<2 lines>...
        post_inspect=True,
        ^^^^^^^^^^^^^^^^^^
    )
    ^
  File "E:\my_prog\zqgetdata\.venv\Lib\site-packages\sqlalchemy\sql\coercions.py", line 389, in expect
    insp._post_inspect
  File "E:\my_prog\zqgetdata\.venv\Lib\site-packages\sqlalchemy\util\langhelpers.py", line 1338, in __get__
    obj.__dict__[self.__name__] = result = self.fget(obj)
                                           ~~~~~~~~~^^^^^
  File "E:\my_prog\zqgetdata\.venv\Lib\site-packages\sqlalchemy\orm\mapper.py", line 2733, in _post_inspect
    self._check_configure()
    ~~~~~~~~~~~~~~~~~~~~~^^
  File "E:\my_prog\zqgetdata\.venv\Lib\site-packages\sqlalchemy\orm\mapper.py", line 2410, in _check_configure
    _configure_registries({self.registry}, cascade=True)
    ~~~~~~~~~~~~~~~~~~~~~^^^^^^^^^^^^^^^^^^^^^^^^^^^^^^^
  File "E:\my_prog\zqgetdata\.venv\Lib\site-packages\sqlalchemy\orm\mapper.py", line 4227, in _configure_registries
    _do_configure_registries(registries, cascade)
    ~~~~~~~~~~~~~~~~~~~~~~~~^^^^^^^^^^^^^^^^^^^^^
  File "E:\my_prog\zqgetdata\.venv\Lib\site-packages\sqlalchemy\orm\mapper.py", line 4264, in _do_configure_registries
    raise e
sqlalchemy.exc.InvalidRequestError: One or more mappers failed to initialize - can't proceed with initialization of other mappers. Triggering mapper: 'Mapper[TczqMatch(tczq_match)]'. Original exception was: Could not determine join condition between parent/child tables on relationship TczqMatch.spf - there are no foreign keys linking these tables.  Ensure that referencing columns are associated with a ForeignKey or ForeignKeyConstraint, or specify a 'primaryjoin' expression.

2026-04-03 10:15:30 - tczq_data - ERROR - 处理联赛名称时出错：Traceback (most recent call last):
  File "E:\my_prog\zqgetdata\app\common\_utils.py", line 164, in handle_league_name
    league = localdb.query(League).filter_by(league_name=league_name).first()
             ~~~~~~~~~~~~~^^^^^^^^
  File "E:\my_prog\zqgetdata\app\database\db_core.py", line 135, in query
    raise e
  File "E:\my_prog\zqgetdata\app\database\db_core.py", line 113, in query
    da = self.session.query(obj)
  File "E:\my_prog\zqgetdata\.venv\Lib\site-packages\sqlalchemy\orm\session.py", line 2941, in query
    return self._query_cls(entities, self, **kwargs)
           ~~~~~~~~~~~~~~~^^^^^^^^^^^^^^^^^^^^^^^^^^
  File "E:\my_prog\zqgetdata\.venv\Lib\site-packages\sqlalchemy\orm\query.py", line 276, in __init__
    self._set_entities(entities)
    ~~~~~~~~~~~~~~~~~~^^^^^^^^^^
  File "E:\my_prog\zqgetdata\.venv\Lib\site-packages\sqlalchemy\orm\query.py", line 289, in _set_entities
    coercions.expect(
    ~~~~~~~~~~~~~~~~^
        roles.ColumnsClauseRole,
        ^^^^^^^^^^^^^^^^^^^^^^^^
    ...<2 lines>...
        post_inspect=True,
        ^^^^^^^^^^^^^^^^^^
    )
    ^
  File "E:\my_prog\zqgetdata\.venv\Lib\site-packages\sqlalchemy\sql\coercions.py", line 389, in expect
    insp._post_inspect
  File "E:\my_prog\zqgetdata\.venv\Lib\site-packages\sqlalchemy\util\langhelpers.py", line 1338, in __get__
    obj.__dict__[self.__name__] = result = self.fget(obj)
                                           ~~~~~~~~~^^^^^
  File "E:\my_prog\zqgetdata\.venv\Lib\site-packages\sqlalchemy\orm\mapper.py", line 2733, in _post_inspect
    self._check_configure()
    ~~~~~~~~~~~~~~~~~~~~~^^
  File "E:\my_prog\zqgetdata\.venv\Lib\site-packages\sqlalchemy\orm\mapper.py", line 2410, in _check_configure
    _configure_registries({self.registry}, cascade=True)
    ~~~~~~~~~~~~~~~~~~~~~^^^^^^^^^^^^^^^^^^^^^^^^^^^^^^^
  File "E:\my_prog\zqgetdata\.venv\Lib\site-packages\sqlalchemy\orm\mapper.py", line 4227, in _configure_registries
    _do_configure_registries(registries, cascade)
    ~~~~~~~~~~~~~~~~~~~~~~~~^^^^^^^^^^^^^^^^^^^^^
  File "E:\my_prog\zqgetdata\.venv\Lib\site-packages\sqlalchemy\orm\mapper.py", line 4264, in _do_configure_registries
    raise e
sqlalchemy.exc.InvalidRequestError: One or more mappers failed to initialize - can't proceed with initialization of other mappers. Triggering mapper: 'Mapper[TczqMatch(tczq_match)]'. Original exception was: Could not determine join condition between parent/child tables on relationship TczqMatch.spf - there are no foreign keys linking these tables.  Ensure that referencing columns are associated with a ForeignKey or ForeignKeyConstraint, or specify a 'primaryjoin' expression.

2026-04-03 10:15:30 - tczq_data - ERROR - 处理联赛名称时出错：Traceback (most recent call last):
  File "E:\my_prog\zqgetdata\app\common\_utils.py", line 164, in handle_league_name
    league = localdb.query(League).filter_by(league_name=league_name).first()
             ~~~~~~~~~~~~~^^^^^^^^
  File "E:\my_prog\zqgetdata\app\database\db_core.py", line 135, in query
    raise e
  File "E:\my_prog\zqgetdata\app\database\db_core.py", line 113, in query
    da = self.session.query(obj)
  File "E:\my_prog\zqgetdata\.venv\Lib\site-packages\sqlalchemy\orm\session.py", line 2941, in query
    return self._query_cls(entities, self, **kwargs)
           ~~~~~~~~~~~~~~~^^^^^^^^^^^^^^^^^^^^^^^^^^
  File "E:\my_prog\zqgetdata\.venv\Lib\site-packages\sqlalchemy\orm\query.py", line 276, in __init__
    self._set_entities(entities)
    ~~~~~~~~~~~~~~~~~~^^^^^^^^^^
  File "E:\my_prog\zqgetdata\.venv\Lib\site-packages\sqlalchemy\orm\query.py", line 289, in _set_entities
    coercions.expect(
    ~~~~~~~~~~~~~~~~^
        roles.ColumnsClauseRole,
        ^^^^^^^^^^^^^^^^^^^^^^^^
    ...<2 lines>...
        post_inspect=True,
        ^^^^^^^^^^^^^^^^^^
    )
    ^
  File "E:\my_prog\zqgetdata\.venv\Lib\site-packages\sqlalchemy\sql\coercions.py", line 389, in expect
    insp._post_inspect
  File "E:\my_prog\zqgetdata\.venv\Lib\site-packages\sqlalchemy\util\langhelpers.py", line 1338, in __get__
    obj.__dict__[self.__name__] = result = self.fget(obj)
                                           ~~~~~~~~~^^^^^
  File "E:\my_prog\zqgetdata\.venv\Lib\site-packages\sqlalchemy\orm\mapper.py", line 2733, in _post_inspect
    self._check_configure()
    ~~~~~~~~~~~~~~~~~~~~~^^
  File "E:\my_prog\zqgetdata\.venv\Lib\site-packages\sqlalchemy\orm\mapper.py", line 2410, in _check_configure
    _configure_registries({self.registry}, cascade=True)
    ~~~~~~~~~~~~~~~~~~~~~^^^^^^^^^^^^^^^^^^^^^^^^^^^^^^^
  File "E:\my_prog\zqgetdata\.venv\Lib\site-packages\sqlalchemy\orm\mapper.py", line 4227, in _configure_registries
    _do_configure_registries(registries, cascade)
    ~~~~~~~~~~~~~~~~~~~~~~~~^^^^^^^^^^^^^^^^^^^^^
  File "E:\my_prog\zqgetdata\.venv\Lib\site-packages\sqlalchemy\orm\mapper.py", line 4264, in _do_configure_registries
    raise e
sqlalchemy.exc.InvalidRequestError: One or more mappers failed to initialize - can't proceed with initialization of other mappers. Triggering mapper: 'Mapper[TczqMatch(tczq_match)]'. Original exception was: Could not determine join condition between parent/child tables on relationship TczqMatch.spf - there are no foreign keys linking these tables.  Ensure that referencing columns are associated with a ForeignKey or ForeignKeyConstraint, or specify a 'primaryjoin' expression.

2026-04-03 10:15:30 - tczq_data - ERROR - 处理联赛名称时出错：Traceback (most recent call last):
  File "E:\my_prog\zqgetdata\app\common\_utils.py", line 164, in handle_league_name
    league = localdb.query(League).filter_by(league_name=league_name).first()
             ~~~~~~~~~~~~~^^^^^^^^
  File "E:\my_prog\zqgetdata\app\database\db_core.py", line 135, in query
    raise e
  File "E:\my_prog\zqgetdata\app\database\db_core.py", line 113, in query
    da = self.session.query(obj)
  File "E:\my_prog\zqgetdata\.venv\Lib\site-packages\sqlalchemy\orm\session.py", line 2941, in query
    return self._query_cls(entities, self, **kwargs)
           ~~~~~~~~~~~~~~~^^^^^^^^^^^^^^^^^^^^^^^^^^
  File "E:\my_prog\zqgetdata\.venv\Lib\site-packages\sqlalchemy\orm\query.py", line 276, in __init__
    self._set_entities(entities)
    ~~~~~~~~~~~~~~~~~~^^^^^^^^^^
  File "E:\my_prog\zqgetdata\.venv\Lib\site-packages\sqlalchemy\orm\query.py", line 289, in _set_entities
    coercions.expect(
    ~~~~~~~~~~~~~~~~^
        roles.ColumnsClauseRole,
        ^^^^^^^^^^^^^^^^^^^^^^^^
    ...<2 lines>...
        post_inspect=True,
        ^^^^^^^^^^^^^^^^^^
    )
    ^
  File "E:\my_prog\zqgetdata\.venv\Lib\site-packages\sqlalchemy\sql\coercions.py", line 389, in expect
    insp._post_inspect
  File "E:\my_prog\zqgetdata\.venv\Lib\site-packages\sqlalchemy\util\langhelpers.py", line 1338, in __get__
    obj.__dict__[self.__name__] = result = self.fget(obj)
                                           ~~~~~~~~~^^^^^
  File "E:\my_prog\zqgetdata\.venv\Lib\site-packages\sqlalchemy\orm\mapper.py", line 2733, in _post_inspect
    self._check_configure()
    ~~~~~~~~~~~~~~~~~~~~~^^
  File "E:\my_prog\zqgetdata\.venv\Lib\site-packages\sqlalchemy\orm\mapper.py", line 2410, in _check_configure
    _configure_registries({self.registry}, cascade=True)
    ~~~~~~~~~~~~~~~~~~~~~^^^^^^^^^^^^^^^^^^^^^^^^^^^^^^^
  File "E:\my_prog\zqgetdata\.venv\Lib\site-packages\sqlalchemy\orm\mapper.py", line 4227, in _configure_registries
    _do_configure_registries(registries, cascade)
    ~~~~~~~~~~~~~~~~~~~~~~~~^^^^^^^^^^^^^^^^^^^^^
  File "E:\my_prog\zqgetdata\.venv\Lib\site-packages\sqlalchemy\orm\mapper.py", line 4264, in _do_configure_registries
    raise e
sqlalchemy.exc.InvalidRequestError: One or more mappers failed to initialize - can't proceed with initialization of other mappers. Triggering mapper: 'Mapper[TczqMatch(tczq_match)]'. Original exception was: Could not determine join condition between parent/child tables on relationship TczqMatch.spf - there are no foreign keys linking these tables.  Ensure that referencing columns are associated with a ForeignKey or ForeignKeyConstraint, or specify a 'primaryjoin' expression.

2026-04-03 10:15:30 - tczq_data - ERROR - 处理联赛名称时出错：Traceback (most recent call last):
  File "E:\my_prog\zqgetdata\app\common\_utils.py", line 164, in handle_league_name
    league = localdb.query(League).filter_by(league_name=league_name).first()
             ~~~~~~~~~~~~~^^^^^^^^
  File "E:\my_prog\zqgetdata\app\database\db_core.py", line 135, in query
    raise e
  File "E:\my_prog\zqgetdata\app\database\db_core.py", line 113, in query
    da = self.session.query(obj)
  File "E:\my_prog\zqgetdata\.venv\Lib\site-packages\sqlalchemy\orm\session.py", line 2941, in query
    return self._query_cls(entities, self, **kwargs)
           ~~~~~~~~~~~~~~~^^^^^^^^^^^^^^^^^^^^^^^^^^
  File "E:\my_prog\zqgetdata\.venv\Lib\site-packages\sqlalchemy\orm\query.py", line 276, in __init__
    self._set_entities(entities)
    ~~~~~~~~~~~~~~~~~~^^^^^^^^^^
  File "E:\my_prog\zqgetdata\.venv\Lib\site-packages\sqlalchemy\orm\query.py", line 289, in _set_entities
    coercions.expect(
    ~~~~~~~~~~~~~~~~^
        roles.ColumnsClauseRole,
        ^^^^^^^^^^^^^^^^^^^^^^^^
    ...<2 lines>...
        post_inspect=True,
        ^^^^^^^^^^^^^^^^^^
    )
    ^
  File "E:\my_prog\zqgetdata\.venv\Lib\site-packages\sqlalchemy\sql\coercions.py", line 389, in expect
    insp._post_inspect
  File "E:\my_prog\zqgetdata\.venv\Lib\site-packages\sqlalchemy\util\langhelpers.py", line 1338, in __get__
    obj.__dict__[self.__name__] = result = self.fget(obj)
                                           ~~~~~~~~~^^^^^
  File "E:\my_prog\zqgetdata\.venv\Lib\site-packages\sqlalchemy\orm\mapper.py", line 2733, in _post_inspect
    self._check_configure()
    ~~~~~~~~~~~~~~~~~~~~~^^
  File "E:\my_prog\zqgetdata\.venv\Lib\site-packages\sqlalchemy\orm\mapper.py", line 2410, in _check_configure
    _configure_registries({self.registry}, cascade=True)
    ~~~~~~~~~~~~~~~~~~~~~^^^^^^^^^^^^^^^^^^^^^^^^^^^^^^^
  File "E:\my_prog\zqgetdata\.venv\Lib\site-packages\sqlalchemy\orm\mapper.py", line 4227, in _configure_registries
    _do_configure_registries(registries, cascade)
    ~~~~~~~~~~~~~~~~~~~~~~~~^^^^^^^^^^^^^^^^^^^^^
  File "E:\my_prog\zqgetdata\.venv\Lib\site-packages\sqlalchemy\orm\mapper.py", line 4264, in _do_configure_registries
    raise e
sqlalchemy.exc.InvalidRequestError: One or more mappers failed to initialize - can't proceed with initialization of other mappers. Triggering mapper: 'Mapper[TczqMatch(tczq_match)]'. Original exception was: Could not determine join condition between parent/child tables on relationship TczqMatch.spf - there are no foreign keys linking these tables.  Ensure that referencing columns are associated with a ForeignKey or ForeignKeyConstraint, or specify a 'primaryjoin' expression.

2026-04-03 10:15:30 - tczq_data - ERROR - 处理联赛名称时出错：Traceback (most recent call last):
  File "E:\my_prog\zqgetdata\app\common\_utils.py", line 164, in handle_league_name
    league = localdb.query(League).filter_by(league_name=league_name).first()
             ~~~~~~~~~~~~~^^^^^^^^
  File "E:\my_prog\zqgetdata\app\database\db_core.py", line 135, in query
    raise e
  File "E:\my_prog\zqgetdata\app\database\db_core.py", line 113, in query
    da = self.session.query(obj)
  File "E:\my_prog\zqgetdata\.venv\Lib\site-packages\sqlalchemy\orm\session.py", line 2941, in query
    return self._query_cls(entities, self, **kwargs)
           ~~~~~~~~~~~~~~~^^^^^^^^^^^^^^^^^^^^^^^^^^
  File "E:\my_prog\zqgetdata\.venv\Lib\site-packages\sqlalchemy\orm\query.py", line 276, in __init__
    self._set_entities(entities)
    ~~~~~~~~~~~~~~~~~~^^^^^^^^^^
  File "E:\my_prog\zqgetdata\.venv\Lib\site-packages\sqlalchemy\orm\query.py", line 289, in _set_entities
    coercions.expect(
    ~~~~~~~~~~~~~~~~^
        roles.ColumnsClauseRole,
        ^^^^^^^^^^^^^^^^^^^^^^^^
    ...<2 lines>...
        post_inspect=True,
        ^^^^^^^^^^^^^^^^^^
    )
    ^
  File "E:\my_prog\zqgetdata\.venv\Lib\site-packages\sqlalchemy\sql\coercions.py", line 389, in expect
    insp._post_inspect
  File "E:\my_prog\zqgetdata\.venv\Lib\site-packages\sqlalchemy\util\langhelpers.py", line 1338, in __get__
    obj.__dict__[self.__name__] = result = self.fget(obj)
                                           ~~~~~~~~~^^^^^
  File "E:\my_prog\zqgetdata\.venv\Lib\site-packages\sqlalchemy\orm\mapper.py", line 2733, in _post_inspect
    self._check_configure()
    ~~~~~~~~~~~~~~~~~~~~~^^
  File "E:\my_prog\zqgetdata\.venv\Lib\site-packages\sqlalchemy\orm\mapper.py", line 2410, in _check_configure
    _configure_registries({self.registry}, cascade=True)
    ~~~~~~~~~~~~~~~~~~~~~^^^^^^^^^^^^^^^^^^^^^^^^^^^^^^^
  File "E:\my_prog\zqgetdata\.venv\Lib\site-packages\sqlalchemy\orm\mapper.py", line 4227, in _configure_registries
    _do_configure_registries(registries, cascade)
    ~~~~~~~~~~~~~~~~~~~~~~~~^^^^^^^^^^^^^^^^^^^^^
  File "E:\my_prog\zqgetdata\.venv\Lib\site-packages\sqlalchemy\orm\mapper.py", line 4264, in _do_configure_registries
    raise e
sqlalchemy.exc.InvalidRequestError: One or more mappers failed to initialize - can't proceed with initialization of other mappers. Triggering mapper: 'Mapper[TczqMatch(tczq_match)]'. Original exception was: Could not determine join condition between parent/child tables on relationship TczqMatch.spf - there are no foreign keys linking these tables.  Ensure that referencing columns are associated with a ForeignKey or ForeignKeyConstraint, or specify a 'primaryjoin' expression.

2026-04-03 10:15:30 - tczq_data - ERROR - 处理联赛名称时出错：Traceback (most recent call last):
  File "E:\my_prog\zqgetdata\app\common\_utils.py", line 164, in handle_league_name
    league = localdb.query(League).filter_by(league_name=league_name).first()
             ~~~~~~~~~~~~~^^^^^^^^
  File "E:\my_prog\zqgetdata\app\database\db_core.py", line 135, in query
    raise e
  File "E:\my_prog\zqgetdata\app\database\db_core.py", line 113, in query
    da = self.session.query(obj)
  File "E:\my_prog\zqgetdata\.venv\Lib\site-packages\sqlalchemy\orm\session.py", line 2941, in query
    return self._query_cls(entities, self, **kwargs)
           ~~~~~~~~~~~~~~~^^^^^^^^^^^^^^^^^^^^^^^^^^
  File "E:\my_prog\zqgetdata\.venv\Lib\site-packages\sqlalchemy\orm\query.py", line 276, in __init__
    self._set_entities(entities)
    ~~~~~~~~~~~~~~~~~~^^^^^^^^^^
  File "E:\my_prog\zqgetdata\.venv\Lib\site-packages\sqlalchemy\orm\query.py", line 289, in _set_entities
    coercions.expect(
    ~~~~~~~~~~~~~~~~^
        roles.ColumnsClauseRole,
        ^^^^^^^^^^^^^^^^^^^^^^^^
    ...<2 lines>...
        post_inspect=True,
        ^^^^^^^^^^^^^^^^^^
    )
    ^
  File "E:\my_prog\zqgetdata\.venv\Lib\site-packages\sqlalchemy\sql\coercions.py", line 389, in expect
    insp._post_inspect
  File "E:\my_prog\zqgetdata\.venv\Lib\site-packages\sqlalchemy\util\langhelpers.py", line 1338, in __get__
    obj.__dict__[self.__name__] = result = self.fget(obj)
                                           ~~~~~~~~~^^^^^
  File "E:\my_prog\zqgetdata\.venv\Lib\site-packages\sqlalchemy\orm\mapper.py", line 2733, in _post_inspect
    self._check_configure()
    ~~~~~~~~~~~~~~~~~~~~~^^
  File "E:\my_prog\zqgetdata\.venv\Lib\site-packages\sqlalchemy\orm\mapper.py", line 2410, in _check_configure
    _configure_registries({self.registry}, cascade=True)
    ~~~~~~~~~~~~~~~~~~~~~^^^^^^^^^^^^^^^^^^^^^^^^^^^^^^^
  File "E:\my_prog\zqgetdata\.venv\Lib\site-packages\sqlalchemy\orm\mapper.py", line 4227, in _configure_registries
    _do_configure_registries(registries, cascade)
    ~~~~~~~~~~~~~~~~~~~~~~~~^^^^^^^^^^^^^^^^^^^^^
  File "E:\my_prog\zqgetdata\.venv\Lib\site-packages\sqlalchemy\orm\mapper.py", line 4264, in _do_configure_registries
    raise e
sqlalchemy.exc.InvalidRequestError: One or more mappers failed to initialize - can't proceed with initialization of other mappers. Triggering mapper: 'Mapper[TczqMatch(tczq_match)]'. Original exception was: Could not determine join condition between parent/child tables on relationship TczqMatch.spf - there are no foreign keys linking these tables.  Ensure that referencing columns are associated with a ForeignKey or ForeignKeyConstraint, or specify a 'primaryjoin' expression.

2026-04-03 10:15:30 - tczq_data - ERROR - 处理联赛名称时出错：Traceback (most recent call last):
  File "E:\my_prog\zqgetdata\app\common\_utils.py", line 164, in handle_league_name
    league = localdb.query(League).filter_by(league_name=league_name).first()
             ~~~~~~~~~~~~~^^^^^^^^
  File "E:\my_prog\zqgetdata\app\database\db_core.py", line 135, in query
    raise e
  File "E:\my_prog\zqgetdata\app\database\db_core.py", line 113, in query
    da = self.session.query(obj)
  File "E:\my_prog\zqgetdata\.venv\Lib\site-packages\sqlalchemy\orm\session.py", line 2941, in query
    return self._query_cls(entities, self, **kwargs)
           ~~~~~~~~~~~~~~~^^^^^^^^^^^^^^^^^^^^^^^^^^
  File "E:\my_prog\zqgetdata\.venv\Lib\site-packages\sqlalchemy\orm\query.py", line 276, in __init__
    self._set_entities(entities)
    ~~~~~~~~~~~~~~~~~~^^^^^^^^^^
  File "E:\my_prog\zqgetdata\.venv\Lib\site-packages\sqlalchemy\orm\query.py", line 289, in _set_entities
    coercions.expect(
    ~~~~~~~~~~~~~~~~^
        roles.ColumnsClauseRole,
        ^^^^^^^^^^^^^^^^^^^^^^^^
    ...<2 lines>...
        post_inspect=True,
        ^^^^^^^^^^^^^^^^^^
    )
    ^
  File "E:\my_prog\zqgetdata\.venv\Lib\site-packages\sqlalchemy\sql\coercions.py", line 389, in expect
    insp._post_inspect
  File "E:\my_prog\zqgetdata\.venv\Lib\site-packages\sqlalchemy\util\langhelpers.py", line 1338, in __get__
    obj.__dict__[self.__name__] = result = self.fget(obj)
                                           ~~~~~~~~~^^^^^
  File "E:\my_prog\zqgetdata\.venv\Lib\site-packages\sqlalchemy\orm\mapper.py", line 2733, in _post_inspect
    self._check_configure()
    ~~~~~~~~~~~~~~~~~~~~~^^
  File "E:\my_prog\zqgetdata\.venv\Lib\site-packages\sqlalchemy\orm\mapper.py", line 2410, in _check_configure
    _configure_registries({self.registry}, cascade=True)
    ~~~~~~~~~~~~~~~~~~~~~^^^^^^^^^^^^^^^^^^^^^^^^^^^^^^^
  File "E:\my_prog\zqgetdata\.venv\Lib\site-packages\sqlalchemy\orm\mapper.py", line 4227, in _configure_registries
    _do_configure_registries(registries, cascade)
    ~~~~~~~~~~~~~~~~~~~~~~~~^^^^^^^^^^^^^^^^^^^^^
  File "E:\my_prog\zqgetdata\.venv\Lib\site-packages\sqlalchemy\orm\mapper.py", line 4264, in _do_configure_registries
    raise e
sqlalchemy.exc.InvalidRequestError: One or more mappers failed to initialize - can't proceed with initialization of other mappers. Triggering mapper: 'Mapper[TczqMatch(tczq_match)]'. Original exception was: Could not determine join condition between parent/child tables on relationship TczqMatch.spf - there are no foreign keys linking these tables.  Ensure that referencing columns are associated with a ForeignKey or ForeignKeyConstraint, or specify a 'primaryjoin' expression.

2026-04-03 10:15:30 - tczq_data - ERROR - 处理联赛名称时出错：Traceback (most recent call last):
  File "E:\my_prog\zqgetdata\app\common\_utils.py", line 164, in handle_league_name
    league = localdb.query(League).filter_by(league_name=league_name).first()
             ~~~~~~~~~~~~~^^^^^^^^
  File "E:\my_prog\zqgetdata\app\database\db_core.py", line 135, in query
    raise e
  File "E:\my_prog\zqgetdata\app\database\db_core.py", line 113, in query
    da = self.session.query(obj)
  File "E:\my_prog\zqgetdata\.venv\Lib\site-packages\sqlalchemy\orm\session.py", line 2941, in query
    return self._query_cls(entities, self, **kwargs)
           ~~~~~~~~~~~~~~~^^^^^^^^^^^^^^^^^^^^^^^^^^
  File "E:\my_prog\zqgetdata\.venv\Lib\site-packages\sqlalchemy\orm\query.py", line 276, in __init__
    self._set_entities(entities)
    ~~~~~~~~~~~~~~~~~~^^^^^^^^^^
  File "E:\my_prog\zqgetdata\.venv\Lib\site-packages\sqlalchemy\orm\query.py", line 289, in _set_entities
    coercions.expect(
    ~~~~~~~~~~~~~~~~^
        roles.ColumnsClauseRole,
        ^^^^^^^^^^^^^^^^^^^^^^^^
    ...<2 lines>...
        post_inspect=True,
        ^^^^^^^^^^^^^^^^^^
    )
    ^
  File "E:\my_prog\zqgetdata\.venv\Lib\site-packages\sqlalchemy\sql\coercions.py", line 389, in expect
    insp._post_inspect
  File "E:\my_prog\zqgetdata\.venv\Lib\site-packages\sqlalchemy\util\langhelpers.py", line 1338, in __get__
    obj.__dict__[self.__name__] = result = self.fget(obj)
                                           ~~~~~~~~~^^^^^
  File "E:\my_prog\zqgetdata\.venv\Lib\site-packages\sqlalchemy\orm\mapper.py", line 2733, in _post_inspect
    self._check_configure()
    ~~~~~~~~~~~~~~~~~~~~~^^
  File "E:\my_prog\zqgetdata\.venv\Lib\site-packages\sqlalchemy\orm\mapper.py", line 2410, in _check_configure
    _configure_registries({self.registry}, cascade=True)
    ~~~~~~~~~~~~~~~~~~~~~^^^^^^^^^^^^^^^^^^^^^^^^^^^^^^^
  File "E:\my_prog\zqgetdata\.venv\Lib\site-packages\sqlalchemy\orm\mapper.py", line 4227, in _configure_registries
    _do_configure_registries(registries, cascade)
    ~~~~~~~~~~~~~~~~~~~~~~~~^^^^^^^^^^^^^^^^^^^^^
  File "E:\my_prog\zqgetdata\.venv\Lib\site-packages\sqlalchemy\orm\mapper.py", line 4264, in _do_configure_registries
    raise e
sqlalchemy.exc.InvalidRequestError: One or more mappers failed to initialize - can't proceed with initialization of other mappers. Triggering mapper: 'Mapper[TczqMatch(tczq_match)]'. Original exception was: Could not determine join condition between parent/child tables on relationship TczqMatch.spf - there are no foreign keys linking these tables.  Ensure that referencing columns are associated with a ForeignKey or ForeignKeyConstraint, or specify a 'primaryjoin' expression.

2026-04-03 10:15:30 - tczq_data - ERROR - 处理联赛名称时出错：Traceback (most recent call last):
  File "E:\my_prog\zqgetdata\app\common\_utils.py", line 164, in handle_league_name
    league = localdb.query(League).filter_by(league_name=league_name).first()
             ~~~~~~~~~~~~~^^^^^^^^
  File "E:\my_prog\zqgetdata\app\database\db_core.py", line 135, in query
    raise e
  File "E:\my_prog\zqgetdata\app\database\db_core.py", line 113, in query
    da = self.session.query(obj)
  File "E:\my_prog\zqgetdata\.venv\Lib\site-packages\sqlalchemy\orm\session.py", line 2941, in query
    return self._query_cls(entities, self, **kwargs)
           ~~~~~~~~~~~~~~~^^^^^^^^^^^^^^^^^^^^^^^^^^
  File "E:\my_prog\zqgetdata\.venv\Lib\site-packages\sqlalchemy\orm\query.py", line 276, in __init__
    self._set_entities(entities)
    ~~~~~~~~~~~~~~~~~~^^^^^^^^^^
  File "E:\my_prog\zqgetdata\.venv\Lib\site-packages\sqlalchemy\orm\query.py", line 289, in _set_entities
    coercions.expect(
    ~~~~~~~~~~~~~~~~^
        roles.ColumnsClauseRole,
        ^^^^^^^^^^^^^^^^^^^^^^^^
    ...<2 lines>...
        post_inspect=True,
        ^^^^^^^^^^^^^^^^^^
    )
    ^
  File "E:\my_prog\zqgetdata\.venv\Lib\site-packages\sqlalchemy\sql\coercions.py", line 389, in expect
    insp._post_inspect
  File "E:\my_prog\zqgetdata\.venv\Lib\site-packages\sqlalchemy\util\langhelpers.py", line 1338, in __get__
    obj.__dict__[self.__name__] = result = self.fget(obj)
                                           ~~~~~~~~~^^^^^
  File "E:\my_prog\zqgetdata\.venv\Lib\site-packages\sqlalchemy\orm\mapper.py", line 2733, in _post_inspect
    self._check_configure()
    ~~~~~~~~~~~~~~~~~~~~~^^
  File "E:\my_prog\zqgetdata\.venv\Lib\site-packages\sqlalchemy\orm\mapper.py", line 2410, in _check_configure
    _configure_registries({self.registry}, cascade=True)
    ~~~~~~~~~~~~~~~~~~~~~^^^^^^^^^^^^^^^^^^^^^^^^^^^^^^^
  File "E:\my_prog\zqgetdata\.venv\Lib\site-packages\sqlalchemy\orm\mapper.py", line 4227, in _configure_registries
    _do_configure_registries(registries, cascade)
    ~~~~~~~~~~~~~~~~~~~~~~~~^^^^^^^^^^^^^^^^^^^^^
  File "E:\my_prog\zqgetdata\.venv\Lib\site-packages\sqlalchemy\orm\mapper.py", line 4264, in _do_configure_registries
    raise e
sqlalchemy.exc.InvalidRequestError: One or more mappers failed to initialize - can't proceed with initialization of other mappers. Triggering mapper: 'Mapper[TczqMatch(tczq_match)]'. Original exception was: Could not determine join condition between parent/child tables on relationship TczqMatch.spf - there are no foreign keys linking these tables.  Ensure that referencing columns are associated with a ForeignKey or ForeignKeyConstraint, or specify a 'primaryjoin' expression.

2026-04-03 10:15:30 - tczq_data - ERROR - 处理联赛名称时出错：Traceback (most recent call last):
  File "E:\my_prog\zqgetdata\app\common\_utils.py", line 164, in handle_league_name
    league = localdb.query(League).filter_by(league_name=league_name).first()
             ~~~~~~~~~~~~~^^^^^^^^
  File "E:\my_prog\zqgetdata\app\database\db_core.py", line 135, in query
    raise e
  File "E:\my_prog\zqgetdata\app\database\db_core.py", line 113, in query
    da = self.session.query(obj)
  File "E:\my_prog\zqgetdata\.venv\Lib\site-packages\sqlalchemy\orm\session.py", line 2941, in query
    return self._query_cls(entities, self, **kwargs)
           ~~~~~~~~~~~~~~~^^^^^^^^^^^^^^^^^^^^^^^^^^
  File "E:\my_prog\zqgetdata\.venv\Lib\site-packages\sqlalchemy\orm\query.py", line 276, in __init__
    self._set_entities(entities)
    ~~~~~~~~~~~~~~~~~~^^^^^^^^^^
  File "E:\my_prog\zqgetdata\.venv\Lib\site-packages\sqlalchemy\orm\query.py", line 289, in _set_entities
    coercions.expect(
    ~~~~~~~~~~~~~~~~^
        roles.ColumnsClauseRole,
        ^^^^^^^^^^^^^^^^^^^^^^^^
    ...<2 lines>...
        post_inspect=True,
        ^^^^^^^^^^^^^^^^^^
    )
    ^
  File "E:\my_prog\zqgetdata\.venv\Lib\site-packages\sqlalchemy\sql\coercions.py", line 389, in expect
    insp._post_inspect
  File "E:\my_prog\zqgetdata\.venv\Lib\site-packages\sqlalchemy\util\langhelpers.py", line 1338, in __get__
    obj.__dict__[self.__name__] = result = self.fget(obj)
                                           ~~~~~~~~~^^^^^
  File "E:\my_prog\zqgetdata\.venv\Lib\site-packages\sqlalchemy\orm\mapper.py", line 2733, in _post_inspect
    self._check_configure()
    ~~~~~~~~~~~~~~~~~~~~~^^
  File "E:\my_prog\zqgetdata\.venv\Lib\site-packages\sqlalchemy\orm\mapper.py", line 2410, in _check_configure
    _configure_registries({self.registry}, cascade=True)
    ~~~~~~~~~~~~~~~~~~~~~^^^^^^^^^^^^^^^^^^^^^^^^^^^^^^^
  File "E:\my_prog\zqgetdata\.venv\Lib\site-packages\sqlalchemy\orm\mapper.py", line 4227, in _configure_registries
    _do_configure_registries(registries, cascade)
    ~~~~~~~~~~~~~~~~~~~~~~~~^^^^^^^^^^^^^^^^^^^^^
  File "E:\my_prog\zqgetdata\.venv\Lib\site-packages\sqlalchemy\orm\mapper.py", line 4264, in _do_configure_registries
    raise e
sqlalchemy.exc.InvalidRequestError: One or more mappers failed to initialize - can't proceed with initialization of other mappers. Triggering mapper: 'Mapper[TczqMatch(tczq_match)]'. Original exception was: Could not determine join condition between parent/child tables on relationship TczqMatch.spf - there are no foreign keys linking these tables.  Ensure that referencing columns are associated with a ForeignKey or ForeignKeyConstraint, or specify a 'primaryjoin' expression.

2026-04-03 10:15:30 - tczq_data - ERROR - 处理联赛名称时出错：Traceback (most recent call last):
  File "E:\my_prog\zqgetdata\app\common\_utils.py", line 164, in handle_league_name
    league = localdb.query(League).filter_by(league_name=league_name).first()
             ~~~~~~~~~~~~~^^^^^^^^
  File "E:\my_prog\zqgetdata\app\database\db_core.py", line 135, in query
    raise e
  File "E:\my_prog\zqgetdata\app\database\db_core.py", line 113, in query
    da = self.session.query(obj)
  File "E:\my_prog\zqgetdata\.venv\Lib\site-packages\sqlalchemy\orm\session.py", line 2941, in query
    return self._query_cls(entities, self, **kwargs)
           ~~~~~~~~~~~~~~~^^^^^^^^^^^^^^^^^^^^^^^^^^
  File "E:\my_prog\zqgetdata\.venv\Lib\site-packages\sqlalchemy\orm\query.py", line 276, in __init__
    self._set_entities(entities)
    ~~~~~~~~~~~~~~~~~~^^^^^^^^^^
  File "E:\my_prog\zqgetdata\.venv\Lib\site-packages\sqlalchemy\orm\query.py", line 289, in _set_entities
    coercions.expect(
    ~~~~~~~~~~~~~~~~^
        roles.ColumnsClauseRole,
        ^^^^^^^^^^^^^^^^^^^^^^^^
    ...<2 lines>...
        post_inspect=True,
        ^^^^^^^^^^^^^^^^^^
    )
    ^
  File "E:\my_prog\zqgetdata\.venv\Lib\site-packages\sqlalchemy\sql\coercions.py", line 389, in expect
    insp._post_inspect
  File "E:\my_prog\zqgetdata\.venv\Lib\site-packages\sqlalchemy\util\langhelpers.py", line 1338, in __get__
    obj.__dict__[self.__name__] = result = self.fget(obj)
                                           ~~~~~~~~~^^^^^
  File "E:\my_prog\zqgetdata\.venv\Lib\site-packages\sqlalchemy\orm\mapper.py", line 2733, in _post_inspect
    self._check_configure()
    ~~~~~~~~~~~~~~~~~~~~~^^
  File "E:\my_prog\zqgetdata\.venv\Lib\site-packages\sqlalchemy\orm\mapper.py", line 2410, in _check_configure
    _configure_registries({self.registry}, cascade=True)
    ~~~~~~~~~~~~~~~~~~~~~^^^^^^^^^^^^^^^^^^^^^^^^^^^^^^^
  File "E:\my_prog\zqgetdata\.venv\Lib\site-packages\sqlalchemy\orm\mapper.py", line 4227, in _configure_registries
    _do_configure_registries(registries, cascade)
    ~~~~~~~~~~~~~~~~~~~~~~~~^^^^^^^^^^^^^^^^^^^^^
  File "E:\my_prog\zqgetdata\.venv\Lib\site-packages\sqlalchemy\orm\mapper.py", line 4264, in _do_configure_registries
    raise e
sqlalchemy.exc.InvalidRequestError: One or more mappers failed to initialize - can't proceed with initialization of other mappers. Triggering mapper: 'Mapper[TczqMatch(tczq_match)]'. Original exception was: Could not determine join condition between parent/child tables on relationship TczqMatch.spf - there are no foreign keys linking these tables.  Ensure that referencing columns are associated with a ForeignKey or ForeignKeyConstraint, or specify a 'primaryjoin' expression.

2026-04-03 10:15:30 - tczq_data - ERROR - 处理联赛名称时出错：Traceback (most recent call last):
  File "E:\my_prog\zqgetdata\app\common\_utils.py", line 164, in handle_league_name
    league = localdb.query(League).filter_by(league_name=league_name).first()
             ~~~~~~~~~~~~~^^^^^^^^
  File "E:\my_prog\zqgetdata\app\database\db_core.py", line 135, in query
    raise e
  File "E:\my_prog\zqgetdata\app\database\db_core.py", line 113, in query
    da = self.session.query(obj)
  File "E:\my_prog\zqgetdata\.venv\Lib\site-packages\sqlalchemy\orm\session.py", line 2941, in query
    return self._query_cls(entities, self, **kwargs)
           ~~~~~~~~~~~~~~~^^^^^^^^^^^^^^^^^^^^^^^^^^
  File "E:\my_prog\zqgetdata\.venv\Lib\site-packages\sqlalchemy\orm\query.py", line 276, in __init__
    self._set_entities(entities)
    ~~~~~~~~~~~~~~~~~~^^^^^^^^^^
  File "E:\my_prog\zqgetdata\.venv\Lib\site-packages\sqlalchemy\orm\query.py", line 289, in _set_entities
    coercions.expect(
    ~~~~~~~~~~~~~~~~^
        roles.ColumnsClauseRole,
        ^^^^^^^^^^^^^^^^^^^^^^^^
    ...<2 lines>...
        post_inspect=True,
        ^^^^^^^^^^^^^^^^^^
    )
    ^
  File "E:\my_prog\zqgetdata\.venv\Lib\site-packages\sqlalchemy\sql\coercions.py", line 389, in expect
    insp._post_inspect
  File "E:\my_prog\zqgetdata\.venv\Lib\site-packages\sqlalchemy\util\langhelpers.py", line 1338, in __get__
    obj.__dict__[self.__name__] = result = self.fget(obj)
                                           ~~~~~~~~~^^^^^
  File "E:\my_prog\zqgetdata\.venv\Lib\site-packages\sqlalchemy\orm\mapper.py", line 2733, in _post_inspect
    self._check_configure()
    ~~~~~~~~~~~~~~~~~~~~~^^
  File "E:\my_prog\zqgetdata\.venv\Lib\site-packages\sqlalchemy\orm\mapper.py", line 2410, in _check_configure
    _configure_registries({self.registry}, cascade=True)
    ~~~~~~~~~~~~~~~~~~~~~^^^^^^^^^^^^^^^^^^^^^^^^^^^^^^^
  File "E:\my_prog\zqgetdata\.venv\Lib\site-packages\sqlalchemy\orm\mapper.py", line 4227, in _configure_registries
    _do_configure_registries(registries, cascade)
    ~~~~~~~~~~~~~~~~~~~~~~~~^^^^^^^^^^^^^^^^^^^^^
  File "E:\my_prog\zqgetdata\.venv\Lib\site-packages\sqlalchemy\orm\mapper.py", line 4264, in _do_configure_registries
    raise e
sqlalchemy.exc.InvalidRequestError: One or more mappers failed to initialize - can't proceed with initialization of other mappers. Triggering mapper: 'Mapper[TczqMatch(tczq_match)]'. Original exception was: Could not determine join condition between parent/child tables on relationship TczqMatch.spf - there are no foreign keys linking these tables.  Ensure that referencing columns are associated with a ForeignKey or ForeignKeyConstraint, or specify a 'primaryjoin' expression.

2026-04-03 10:15:30 - tczq_data - ERROR - 处理联赛名称时出错：Traceback (most recent call last):
  File "E:\my_prog\zqgetdata\app\common\_utils.py", line 164, in handle_league_name
    league = localdb.query(League).filter_by(league_name=league_name).first()
             ~~~~~~~~~~~~~^^^^^^^^
  File "E:\my_prog\zqgetdata\app\database\db_core.py", line 135, in query
    raise e
  File "E:\my_prog\zqgetdata\app\database\db_core.py", line 113, in query
    da = self.session.query(obj)
  File "E:\my_prog\zqgetdata\.venv\Lib\site-packages\sqlalchemy\orm\session.py", line 2941, in query
    return self._query_cls(entities, self, **kwargs)
           ~~~~~~~~~~~~~~~^^^^^^^^^^^^^^^^^^^^^^^^^^
  File "E:\my_prog\zqgetdata\.venv\Lib\site-packages\sqlalchemy\orm\query.py", line 276, in __init__
    self._set_entities(entities)
    ~~~~~~~~~~~~~~~~~~^^^^^^^^^^
  File "E:\my_prog\zqgetdata\.venv\Lib\site-packages\sqlalchemy\orm\query.py", line 289, in _set_entities
    coercions.expect(
    ~~~~~~~~~~~~~~~~^
        roles.ColumnsClauseRole,
        ^^^^^^^^^^^^^^^^^^^^^^^^
    ...<2 lines>...
        post_inspect=True,
        ^^^^^^^^^^^^^^^^^^
    )
    ^
  File "E:\my_prog\zqgetdata\.venv\Lib\site-packages\sqlalchemy\sql\coercions.py", line 389, in expect
    insp._post_inspect
  File "E:\my_prog\zqgetdata\.venv\Lib\site-packages\sqlalchemy\util\langhelpers.py", line 1338, in __get__
    obj.__dict__[self.__name__] = result = self.fget(obj)
                                           ~~~~~~~~~^^^^^
  File "E:\my_prog\zqgetdata\.venv\Lib\site-packages\sqlalchemy\orm\mapper.py", line 2733, in _post_inspect
    self._check_configure()
    ~~~~~~~~~~~~~~~~~~~~~^^
  File "E:\my_prog\zqgetdata\.venv\Lib\site-packages\sqlalchemy\orm\mapper.py", line 2410, in _check_configure
    _configure_registries({self.registry}, cascade=True)
    ~~~~~~~~~~~~~~~~~~~~~^^^^^^^^^^^^^^^^^^^^^^^^^^^^^^^
  File "E:\my_prog\zqgetdata\.venv\Lib\site-packages\sqlalchemy\orm\mapper.py", line 4227, in _configure_registries
    _do_configure_registries(registries, cascade)
    ~~~~~~~~~~~~~~~~~~~~~~~~^^^^^^^^^^^^^^^^^^^^^
  File "E:\my_prog\zqgetdata\.venv\Lib\site-packages\sqlalchemy\orm\mapper.py", line 4264, in _do_configure_registries
    raise e
sqlalchemy.exc.InvalidRequestError: One or more mappers failed to initialize - can't proceed with initialization of other mappers. Triggering mapper: 'Mapper[TczqMatch(tczq_match)]'. Original exception was: Could not determine join condition between parent/child tables on relationship TczqMatch.spf - there are no foreign keys linking these tables.  Ensure that referencing columns are associated with a ForeignKey or ForeignKeyConstraint, or specify a 'primaryjoin' expression.

2026-04-03 10:15:30 - tczq_data - ERROR - 处理联赛名称时出错：Traceback (most recent call last):
  File "E:\my_prog\zqgetdata\app\common\_utils.py", line 164, in handle_league_name
    league = localdb.query(League).filter_by(league_name=league_name).first()
             ~~~~~~~~~~~~~^^^^^^^^
  File "E:\my_prog\zqgetdata\app\database\db_core.py", line 135, in query
    raise e
  File "E:\my_prog\zqgetdata\app\database\db_core.py", line 113, in query
    da = self.session.query(obj)
  File "E:\my_prog\zqgetdata\.venv\Lib\site-packages\sqlalchemy\orm\session.py", line 2941, in query
    return self._query_cls(entities, self, **kwargs)
           ~~~~~~~~~~~~~~~^^^^^^^^^^^^^^^^^^^^^^^^^^
  File "E:\my_prog\zqgetdata\.venv\Lib\site-packages\sqlalchemy\orm\query.py", line 276, in __init__
    self._set_entities(entities)
    ~~~~~~~~~~~~~~~~~~^^^^^^^^^^
  File "E:\my_prog\zqgetdata\.venv\Lib\site-packages\sqlalchemy\orm\query.py", line 289, in _set_entities
    coercions.expect(
    ~~~~~~~~~~~~~~~~^
        roles.ColumnsClauseRole,
        ^^^^^^^^^^^^^^^^^^^^^^^^
    ...<2 lines>...
        post_inspect=True,
        ^^^^^^^^^^^^^^^^^^
    )
    ^
  File "E:\my_prog\zqgetdata\.venv\Lib\site-packages\sqlalchemy\sql\coercions.py", line 389, in expect
    insp._post_inspect
  File "E:\my_prog\zqgetdata\.venv\Lib\site-packages\sqlalchemy\util\langhelpers.py", line 1338, in __get__
    obj.__dict__[self.__name__] = result = self.fget(obj)
                                           ~~~~~~~~~^^^^^
  File "E:\my_prog\zqgetdata\.venv\Lib\site-packages\sqlalchemy\orm\mapper.py", line 2733, in _post_inspect
    self._check_configure()
    ~~~~~~~~~~~~~~~~~~~~~^^
  File "E:\my_prog\zqgetdata\.venv\Lib\site-packages\sqlalchemy\orm\mapper.py", line 2410, in _check_configure
    _configure_registries({self.registry}, cascade=True)
    ~~~~~~~~~~~~~~~~~~~~~^^^^^^^^^^^^^^^^^^^^^^^^^^^^^^^
  File "E:\my_prog\zqgetdata\.venv\Lib\site-packages\sqlalchemy\orm\mapper.py", line 4227, in _configure_registries
    _do_configure_registries(registries, cascade)
    ~~~~~~~~~~~~~~~~~~~~~~~~^^^^^^^^^^^^^^^^^^^^^
  File "E:\my_prog\zqgetdata\.venv\Lib\site-packages\sqlalchemy\orm\mapper.py", line 4264, in _do_configure_registries
    raise e
sqlalchemy.exc.InvalidRequestError: One or more mappers failed to initialize - can't proceed with initialization of other mappers. Triggering mapper: 'Mapper[TczqMatch(tczq_match)]'. Original exception was: Could not determine join condition between parent/child tables on relationship TczqMatch.spf - there are no foreign keys linking these tables.  Ensure that referencing columns are associated with a ForeignKey or ForeignKeyConstraint, or specify a 'primaryjoin' expression.

2026-04-03 10:15:30 - tczq_data - ERROR - 处理联赛名称时出错：Traceback (most recent call last):
  File "E:\my_prog\zqgetdata\app\common\_utils.py", line 164, in handle_league_name
    league = localdb.query(League).filter_by(league_name=league_name).first()
             ~~~~~~~~~~~~~^^^^^^^^
  File "E:\my_prog\zqgetdata\app\database\db_core.py", line 135, in query
    raise e
  File "E:\my_prog\zqgetdata\app\database\db_core.py", line 113, in query
    da = self.session.query(obj)
  File "E:\my_prog\zqgetdata\.venv\Lib\site-packages\sqlalchemy\orm\session.py", line 2941, in query
    return self._query_cls(entities, self, **kwargs)
           ~~~~~~~~~~~~~~~^^^^^^^^^^^^^^^^^^^^^^^^^^
  File "E:\my_prog\zqgetdata\.venv\Lib\site-packages\sqlalchemy\orm\query.py", line 276, in __init__
    self._set_entities(entities)
    ~~~~~~~~~~~~~~~~~~^^^^^^^^^^
  File "E:\my_prog\zqgetdata\.venv\Lib\site-packages\sqlalchemy\orm\query.py", line 289, in _set_entities
    coercions.expect(
    ~~~~~~~~~~~~~~~~^
        roles.ColumnsClauseRole,
        ^^^^^^^^^^^^^^^^^^^^^^^^
    ...<2 lines>...
        post_inspect=True,
        ^^^^^^^^^^^^^^^^^^
    )
    ^
  File "E:\my_prog\zqgetdata\.venv\Lib\site-packages\sqlalchemy\sql\coercions.py", line 389, in expect
    insp._post_inspect
  File "E:\my_prog\zqgetdata\.venv\Lib\site-packages\sqlalchemy\util\langhelpers.py", line 1338, in __get__
    obj.__dict__[self.__name__] = result = self.fget(obj)
                                           ~~~~~~~~~^^^^^
  File "E:\my_prog\zqgetdata\.venv\Lib\site-packages\sqlalchemy\orm\mapper.py", line 2733, in _post_inspect
    self._check_configure()
    ~~~~~~~~~~~~~~~~~~~~~^^
  File "E:\my_prog\zqgetdata\.venv\Lib\site-packages\sqlalchemy\orm\mapper.py", line 2410, in _check_configure
    _configure_registries({self.registry}, cascade=True)
    ~~~~~~~~~~~~~~~~~~~~~^^^^^^^^^^^^^^^^^^^^^^^^^^^^^^^
  File "E:\my_prog\zqgetdata\.venv\Lib\site-packages\sqlalchemy\orm\mapper.py", line 4227, in _configure_registries
    _do_configure_registries(registries, cascade)
    ~~~~~~~~~~~~~~~~~~~~~~~~^^^^^^^^^^^^^^^^^^^^^
  File "E:\my_prog\zqgetdata\.venv\Lib\site-packages\sqlalchemy\orm\mapper.py", line 4264, in _do_configure_registries
    raise e
sqlalchemy.exc.InvalidRequestError: One or more mappers failed to initialize - can't proceed with initialization of other mappers. Triggering mapper: 'Mapper[TczqMatch(tczq_match)]'. Original exception was: Could not determine join condition between parent/child tables on relationship TczqMatch.spf - there are no foreign keys linking these tables.  Ensure that referencing columns are associated with a ForeignKey or ForeignKeyConstraint, or specify a 'primaryjoin' expression.

2026-04-03 10:15:30 - tczq_data - ERROR - 处理联赛名称时出错：Traceback (most recent call last):
  File "E:\my_prog\zqgetdata\app\common\_utils.py", line 164, in handle_league_name
    league = localdb.query(League).filter_by(league_name=league_name).first()
             ~~~~~~~~~~~~~^^^^^^^^
  File "E:\my_prog\zqgetdata\app\database\db_core.py", line 135, in query
    raise e
  File "E:\my_prog\zqgetdata\app\database\db_core.py", line 113, in query
    da = self.session.query(obj)
  File "E:\my_prog\zqgetdata\.venv\Lib\site-packages\sqlalchemy\orm\session.py", line 2941, in query
    return self._query_cls(entities, self, **kwargs)
           ~~~~~~~~~~~~~~~^^^^^^^^^^^^^^^^^^^^^^^^^^
  File "E:\my_prog\zqgetdata\.venv\Lib\site-packages\sqlalchemy\orm\query.py", line 276, in __init__
    self._set_entities(entities)
    ~~~~~~~~~~~~~~~~~~^^^^^^^^^^
  File "E:\my_prog\zqgetdata\.venv\Lib\site-packages\sqlalchemy\orm\query.py", line 289, in _set_entities
    coercions.expect(
    ~~~~~~~~~~~~~~~~^
        roles.ColumnsClauseRole,
        ^^^^^^^^^^^^^^^^^^^^^^^^
    ...<2 lines>...
        post_inspect=True,
        ^^^^^^^^^^^^^^^^^^
    )
    ^
  File "E:\my_prog\zqgetdata\.venv\Lib\site-packages\sqlalchemy\sql\coercions.py", line 389, in expect
    insp._post_inspect
  File "E:\my_prog\zqgetdata\.venv\Lib\site-packages\sqlalchemy\util\langhelpers.py", line 1338, in __get__
    obj.__dict__[self.__name__] = result = self.fget(obj)
                                           ~~~~~~~~~^^^^^
  File "E:\my_prog\zqgetdata\.venv\Lib\site-packages\sqlalchemy\orm\mapper.py", line 2733, in _post_inspect
    self._check_configure()
    ~~~~~~~~~~~~~~~~~~~~~^^
  File "E:\my_prog\zqgetdata\.venv\Lib\site-packages\sqlalchemy\orm\mapper.py", line 2410, in _check_configure
    _configure_registries({self.registry}, cascade=True)
    ~~~~~~~~~~~~~~~~~~~~~^^^^^^^^^^^^^^^^^^^^^^^^^^^^^^^
  File "E:\my_prog\zqgetdata\.venv\Lib\site-packages\sqlalchemy\orm\mapper.py", line 4227, in _configure_registries
    _do_configure_registries(registries, cascade)
    ~~~~~~~~~~~~~~~~~~~~~~~~^^^^^^^^^^^^^^^^^^^^^
  File "E:\my_prog\zqgetdata\.venv\Lib\site-packages\sqlalchemy\orm\mapper.py", line 4264, in _do_configure_registries
    raise e
sqlalchemy.exc.InvalidRequestError: One or more mappers failed to initialize - can't proceed with initialization of other mappers. Triggering mapper: 'Mapper[TczqMatch(tczq_match)]'. Original exception was: Could not determine join condition between parent/child tables on relationship TczqMatch.spf - there are no foreign keys linking these tables.  Ensure that referencing columns are associated with a ForeignKey or ForeignKeyConstraint, or specify a 'primaryjoin' expression.

2026-04-03 10:15:30 - tczq_data - ERROR - 处理联赛名称时出错：Traceback (most recent call last):
  File "E:\my_prog\zqgetdata\app\common\_utils.py", line 164, in handle_league_name
    league = localdb.query(League).filter_by(league_name=league_name).first()
             ~~~~~~~~~~~~~^^^^^^^^
  File "E:\my_prog\zqgetdata\app\database\db_core.py", line 135, in query
    raise e
  File "E:\my_prog\zqgetdata\app\database\db_core.py", line 113, in query
    da = self.session.query(obj)
  File "E:\my_prog\zqgetdata\.venv\Lib\site-packages\sqlalchemy\orm\session.py", line 2941, in query
    return self._query_cls(entities, self, **kwargs)
           ~~~~~~~~~~~~~~~^^^^^^^^^^^^^^^^^^^^^^^^^^
  File "E:\my_prog\zqgetdata\.venv\Lib\site-packages\sqlalchemy\orm\query.py", line 276, in __init__
    self._set_entities(entities)
    ~~~~~~~~~~~~~~~~~~^^^^^^^^^^
  File "E:\my_prog\zqgetdata\.venv\Lib\site-packages\sqlalchemy\orm\query.py", line 289, in _set_entities
    coercions.expect(
    ~~~~~~~~~~~~~~~~^
        roles.ColumnsClauseRole,
        ^^^^^^^^^^^^^^^^^^^^^^^^
    ...<2 lines>...
        post_inspect=True,
        ^^^^^^^^^^^^^^^^^^
    )
    ^
  File "E:\my_prog\zqgetdata\.venv\Lib\site-packages\sqlalchemy\sql\coercions.py", line 389, in expect
    insp._post_inspect
  File "E:\my_prog\zqgetdata\.venv\Lib\site-packages\sqlalchemy\util\langhelpers.py", line 1338, in __get__
    obj.__dict__[self.__name__] = result = self.fget(obj)
                                           ~~~~~~~~~^^^^^
  File "E:\my_prog\zqgetdata\.venv\Lib\site-packages\sqlalchemy\orm\mapper.py", line 2733, in _post_inspect
    self._check_configure()
    ~~~~~~~~~~~~~~~~~~~~~^^
  File "E:\my_prog\zqgetdata\.venv\Lib\site-packages\sqlalchemy\orm\mapper.py", line 2410, in _check_configure
    _configure_registries({self.registry}, cascade=True)
    ~~~~~~~~~~~~~~~~~~~~~^^^^^^^^^^^^^^^^^^^^^^^^^^^^^^^
  File "E:\my_prog\zqgetdata\.venv\Lib\site-packages\sqlalchemy\orm\mapper.py", line 4227, in _configure_registries
    _do_configure_registries(registries, cascade)
    ~~~~~~~~~~~~~~~~~~~~~~~~^^^^^^^^^^^^^^^^^^^^^
  File "E:\my_prog\zqgetdata\.venv\Lib\site-packages\sqlalchemy\orm\mapper.py", line 4264, in _do_configure_registries
    raise e
sqlalchemy.exc.InvalidRequestError: One or more mappers failed to initialize - can't proceed with initialization of other mappers. Triggering mapper: 'Mapper[TczqMatch(tczq_match)]'. Original exception was: Could not determine join condition between parent/child tables on relationship TczqMatch.spf - there are no foreign keys linking these tables.  Ensure that referencing columns are associated with a ForeignKey or ForeignKeyConstraint, or specify a 'primaryjoin' expression.

2026-04-03 10:15:30 - tczq_data - ERROR - 处理联赛名称时出错：Traceback (most recent call last):
  File "E:\my_prog\zqgetdata\app\common\_utils.py", line 164, in handle_league_name
    league = localdb.query(League).filter_by(league_name=league_name).first()
             ~~~~~~~~~~~~~^^^^^^^^
  File "E:\my_prog\zqgetdata\app\database\db_core.py", line 135, in query
    raise e
  File "E:\my_prog\zqgetdata\app\database\db_core.py", line 113, in query
    da = self.session.query(obj)
  File "E:\my_prog\zqgetdata\.venv\Lib\site-packages\sqlalchemy\orm\session.py", line 2941, in query
    return self._query_cls(entities, self, **kwargs)
           ~~~~~~~~~~~~~~~^^^^^^^^^^^^^^^^^^^^^^^^^^
  File "E:\my_prog\zqgetdata\.venv\Lib\site-packages\sqlalchemy\orm\query.py", line 276, in __init__
    self._set_entities(entities)
    ~~~~~~~~~~~~~~~~~~^^^^^^^^^^
  File "E:\my_prog\zqgetdata\.venv\Lib\site-packages\sqlalchemy\orm\query.py", line 289, in _set_entities
    coercions.expect(
    ~~~~~~~~~~~~~~~~^
        roles.ColumnsClauseRole,
        ^^^^^^^^^^^^^^^^^^^^^^^^
    ...<2 lines>...
        post_inspect=True,
        ^^^^^^^^^^^^^^^^^^
    )
    ^
  File "E:\my_prog\zqgetdata\.venv\Lib\site-packages\sqlalchemy\sql\coercions.py", line 389, in expect
    insp._post_inspect
  File "E:\my_prog\zqgetdata\.venv\Lib\site-packages\sqlalchemy\util\langhelpers.py", line 1338, in __get__
    obj.__dict__[self.__name__] = result = self.fget(obj)
                                           ~~~~~~~~~^^^^^
  File "E:\my_prog\zqgetdata\.venv\Lib\site-packages\sqlalchemy\orm\mapper.py", line 2733, in _post_inspect
    self._check_configure()
    ~~~~~~~~~~~~~~~~~~~~~^^
  File "E:\my_prog\zqgetdata\.venv\Lib\site-packages\sqlalchemy\orm\mapper.py", line 2410, in _check_configure
    _configure_registries({self.registry}, cascade=True)
    ~~~~~~~~~~~~~~~~~~~~~^^^^^^^^^^^^^^^^^^^^^^^^^^^^^^^
  File "E:\my_prog\zqgetdata\.venv\Lib\site-packages\sqlalchemy\orm\mapper.py", line 4227, in _configure_registries
    _do_configure_registries(registries, cascade)
    ~~~~~~~~~~~~~~~~~~~~~~~~^^^^^^^^^^^^^^^^^^^^^
  File "E:\my_prog\zqgetdata\.venv\Lib\site-packages\sqlalchemy\orm\mapper.py", line 4264, in _do_configure_registries
    raise e
sqlalchemy.exc.InvalidRequestError: One or more mappers failed to initialize - can't proceed with initialization of other mappers. Triggering mapper: 'Mapper[TczqMatch(tczq_match)]'. Original exception was: Could not determine join condition between parent/child tables on relationship TczqMatch.spf - there are no foreign keys linking these tables.  Ensure that referencing columns are associated with a ForeignKey or ForeignKeyConstraint, or specify a 'primaryjoin' expression.

2026-04-03 10:15:30 - tczq_data - ERROR - 处理联赛名称时出错：Traceback (most recent call last):
  File "E:\my_prog\zqgetdata\app\common\_utils.py", line 164, in handle_league_name
    league = localdb.query(League).filter_by(league_name=league_name).first()
             ~~~~~~~~~~~~~^^^^^^^^
  File "E:\my_prog\zqgetdata\app\database\db_core.py", line 135, in query
    raise e
  File "E:\my_prog\zqgetdata\app\database\db_core.py", line 113, in query
    da = self.session.query(obj)
  File "E:\my_prog\zqgetdata\.venv\Lib\site-packages\sqlalchemy\orm\session.py", line 2941, in query
    return self._query_cls(entities, self, **kwargs)
           ~~~~~~~~~~~~~~~^^^^^^^^^^^^^^^^^^^^^^^^^^
  File "E:\my_prog\zqgetdata\.venv\Lib\site-packages\sqlalchemy\orm\query.py", line 276, in __init__
    self._set_entities(entities)
    ~~~~~~~~~~~~~~~~~~^^^^^^^^^^
  File "E:\my_prog\zqgetdata\.venv\Lib\site-packages\sqlalchemy\orm\query.py", line 289, in _set_entities
    coercions.expect(
    ~~~~~~~~~~~~~~~~^
        roles.ColumnsClauseRole,
        ^^^^^^^^^^^^^^^^^^^^^^^^
    ...<2 lines>...
        post_inspect=True,
        ^^^^^^^^^^^^^^^^^^
    )
    ^
  File "E:\my_prog\zqgetdata\.venv\Lib\site-packages\sqlalchemy\sql\coercions.py", line 389, in expect
    insp._post_inspect
  File "E:\my_prog\zqgetdata\.venv\Lib\site-packages\sqlalchemy\util\langhelpers.py", line 1338, in __get__
    obj.__dict__[self.__name__] = result = self.fget(obj)
                                           ~~~~~~~~~^^^^^
  File "E:\my_prog\zqgetdata\.venv\Lib\site-packages\sqlalchemy\orm\mapper.py", line 2733, in _post_inspect
    self._check_configure()
    ~~~~~~~~~~~~~~~~~~~~~^^
  File "E:\my_prog\zqgetdata\.venv\Lib\site-packages\sqlalchemy\orm\mapper.py", line 2410, in _check_configure
    _configure_registries({self.registry}, cascade=True)
    ~~~~~~~~~~~~~~~~~~~~~^^^^^^^^^^^^^^^^^^^^^^^^^^^^^^^
  File "E:\my_prog\zqgetdata\.venv\Lib\site-packages\sqlalchemy\orm\mapper.py", line 4227, in _configure_registries
    _do_configure_registries(registries, cascade)
    ~~~~~~~~~~~~~~~~~~~~~~~~^^^^^^^^^^^^^^^^^^^^^
  File "E:\my_prog\zqgetdata\.venv\Lib\site-packages\sqlalchemy\orm\mapper.py", line 4264, in _do_configure_registries
    raise e
sqlalchemy.exc.InvalidRequestError: One or more mappers failed to initialize - can't proceed with initialization of other mappers. Triggering mapper: 'Mapper[TczqMatch(tczq_match)]'. Original exception was: Could not determine join condition between parent/child tables on relationship TczqMatch.spf - there are no foreign keys linking these tables.  Ensure that referencing columns are associated with a ForeignKey or ForeignKeyConstraint, or specify a 'primaryjoin' expression.

2026-04-03 10:15:30 - tczq_data - ERROR - 处理联赛名称时出错：Traceback (most recent call last):
  File "E:\my_prog\zqgetdata\app\common\_utils.py", line 164, in handle_league_name
    league = localdb.query(League).filter_by(league_name=league_name).first()
             ~~~~~~~~~~~~~^^^^^^^^
  File "E:\my_prog\zqgetdata\app\database\db_core.py", line 135, in query
    raise e
  File "E:\my_prog\zqgetdata\app\database\db_core.py", line 113, in query
    da = self.session.query(obj)
  File "E:\my_prog\zqgetdata\.venv\Lib\site-packages\sqlalchemy\orm\session.py", line 2941, in query
    return self._query_cls(entities, self, **kwargs)
           ~~~~~~~~~~~~~~~^^^^^^^^^^^^^^^^^^^^^^^^^^
  File "E:\my_prog\zqgetdata\.venv\Lib\site-packages\sqlalchemy\orm\query.py", line 276, in __init__
    self._set_entities(entities)
    ~~~~~~~~~~~~~~~~~~^^^^^^^^^^
  File "E:\my_prog\zqgetdata\.venv\Lib\site-packages\sqlalchemy\orm\query.py", line 289, in _set_entities
    coercions.expect(
    ~~~~~~~~~~~~~~~~^
        roles.ColumnsClauseRole,
        ^^^^^^^^^^^^^^^^^^^^^^^^
    ...<2 lines>...
        post_inspect=True,
        ^^^^^^^^^^^^^^^^^^
    )
    ^
  File "E:\my_prog\zqgetdata\.venv\Lib\site-packages\sqlalchemy\sql\coercions.py", line 389, in expect
    insp._post_inspect
  File "E:\my_prog\zqgetdata\.venv\Lib\site-packages\sqlalchemy\util\langhelpers.py", line 1338, in __get__
    obj.__dict__[self.__name__] = result = self.fget(obj)
                                           ~~~~~~~~~^^^^^
  File "E:\my_prog\zqgetdata\.venv\Lib\site-packages\sqlalchemy\orm\mapper.py", line 2733, in _post_inspect
    self._check_configure()
    ~~~~~~~~~~~~~~~~~~~~~^^
  File "E:\my_prog\zqgetdata\.venv\Lib\site-packages\sqlalchemy\orm\mapper.py", line 2410, in _check_configure
    _configure_registries({self.registry}, cascade=True)
    ~~~~~~~~~~~~~~~~~~~~~^^^^^^^^^^^^^^^^^^^^^^^^^^^^^^^
  File "E:\my_prog\zqgetdata\.venv\Lib\site-packages\sqlalchemy\orm\mapper.py", line 4227, in _configure_registries
    _do_configure_registries(registries, cascade)
    ~~~~~~~~~~~~~~~~~~~~~~~~^^^^^^^^^^^^^^^^^^^^^
  File "E:\my_prog\zqgetdata\.venv\Lib\site-packages\sqlalchemy\orm\mapper.py", line 4264, in _do_configure_registries
    raise e
sqlalchemy.exc.InvalidRequestError: One or more mappers failed to initialize - can't proceed with initialization of other mappers. Triggering mapper: 'Mapper[TczqMatch(tczq_match)]'. Original exception was: Could not determine join condition between parent/child tables on relationship TczqMatch.spf - there are no foreign keys linking these tables.  Ensure that referencing columns are associated with a ForeignKey or ForeignKeyConstraint, or specify a 'primaryjoin' expression.

2026-04-03 10:15:30 - tczq_data - ERROR - 处理联赛名称时出错：Traceback (most recent call last):
  File "E:\my_prog\zqgetdata\app\common\_utils.py", line 164, in handle_league_name
    league = localdb.query(League).filter_by(league_name=league_name).first()
             ~~~~~~~~~~~~~^^^^^^^^
  File "E:\my_prog\zqgetdata\app\database\db_core.py", line 135, in query
    raise e
  File "E:\my_prog\zqgetdata\app\database\db_core.py", line 113, in query
    da = self.session.query(obj)
  File "E:\my_prog\zqgetdata\.venv\Lib\site-packages\sqlalchemy\orm\session.py", line 2941, in query
    return self._query_cls(entities, self, **kwargs)
           ~~~~~~~~~~~~~~~^^^^^^^^^^^^^^^^^^^^^^^^^^
  File "E:\my_prog\zqgetdata\.venv\Lib\site-packages\sqlalchemy\orm\query.py", line 276, in __init__
    self._set_entities(entities)
    ~~~~~~~~~~~~~~~~~~^^^^^^^^^^
  File "E:\my_prog\zqgetdata\.venv\Lib\site-packages\sqlalchemy\orm\query.py", line 289, in _set_entities
    coercions.expect(
    ~~~~~~~~~~~~~~~~^
        roles.ColumnsClauseRole,
        ^^^^^^^^^^^^^^^^^^^^^^^^
    ...<2 lines>...
        post_inspect=True,
        ^^^^^^^^^^^^^^^^^^
    )
    ^
  File "E:\my_prog\zqgetdata\.venv\Lib\site-packages\sqlalchemy\sql\coercions.py", line 389, in expect
    insp._post_inspect
  File "E:\my_prog\zqgetdata\.venv\Lib\site-packages\sqlalchemy\util\langhelpers.py", line 1338, in __get__
    obj.__dict__[self.__name__] = result = self.fget(obj)
                                           ~~~~~~~~~^^^^^
  File "E:\my_prog\zqgetdata\.venv\Lib\site-packages\sqlalchemy\orm\mapper.py", line 2733, in _post_inspect
    self._check_configure()
    ~~~~~~~~~~~~~~~~~~~~~^^
  File "E:\my_prog\zqgetdata\.venv\Lib\site-packages\sqlalchemy\orm\mapper.py", line 2410, in _check_configure
    _configure_registries({self.registry}, cascade=True)
    ~~~~~~~~~~~~~~~~~~~~~^^^^^^^^^^^^^^^^^^^^^^^^^^^^^^^
  File "E:\my_prog\zqgetdata\.venv\Lib\site-packages\sqlalchemy\orm\mapper.py", line 4227, in _configure_registries
    _do_configure_registries(registries, cascade)
    ~~~~~~~~~~~~~~~~~~~~~~~~^^^^^^^^^^^^^^^^^^^^^
  File "E:\my_prog\zqgetdata\.venv\Lib\site-packages\sqlalchemy\orm\mapper.py", line 4264, in _do_configure_registries
    raise e
sqlalchemy.exc.InvalidRequestError: One or more mappers failed to initialize - can't proceed with initialization of other mappers. Triggering mapper: 'Mapper[TczqMatch(tczq_match)]'. Original exception was: Could not determine join condition between parent/child tables on relationship TczqMatch.spf - there are no foreign keys linking these tables.  Ensure that referencing columns are associated with a ForeignKey or ForeignKeyConstraint, or specify a 'primaryjoin' expression.

2026-04-03 10:15:30 - tczq_data - ERROR - 处理联赛名称时出错：Traceback (most recent call last):
  File "E:\my_prog\zqgetdata\app\common\_utils.py", line 164, in handle_league_name
    league = localdb.query(League).filter_by(league_name=league_name).first()
             ~~~~~~~~~~~~~^^^^^^^^
  File "E:\my_prog\zqgetdata\app\database\db_core.py", line 135, in query
    raise e
  File "E:\my_prog\zqgetdata\app\database\db_core.py", line 113, in query
    da = self.session.query(obj)
  File "E:\my_prog\zqgetdata\.venv\Lib\site-packages\sqlalchemy\orm\session.py", line 2941, in query
    return self._query_cls(entities, self, **kwargs)
           ~~~~~~~~~~~~~~~^^^^^^^^^^^^^^^^^^^^^^^^^^
  File "E:\my_prog\zqgetdata\.venv\Lib\site-packages\sqlalchemy\orm\query.py", line 276, in __init__
    self._set_entities(entities)
    ~~~~~~~~~~~~~~~~~~^^^^^^^^^^
  File "E:\my_prog\zqgetdata\.venv\Lib\site-packages\sqlalchemy\orm\query.py", line 289, in _set_entities
    coercions.expect(
    ~~~~~~~~~~~~~~~~^
        roles.ColumnsClauseRole,
        ^^^^^^^^^^^^^^^^^^^^^^^^
    ...<2 lines>...
        post_inspect=True,
        ^^^^^^^^^^^^^^^^^^
    )
    ^
  File "E:\my_prog\zqgetdata\.venv\Lib\site-packages\sqlalchemy\sql\coercions.py", line 389, in expect
    insp._post_inspect
  File "E:\my_prog\zqgetdata\.venv\Lib\site-packages\sqlalchemy\util\langhelpers.py", line 1338, in __get__
    obj.__dict__[self.__name__] = result = self.fget(obj)
                                           ~~~~~~~~~^^^^^
  File "E:\my_prog\zqgetdata\.venv\Lib\site-packages\sqlalchemy\orm\mapper.py", line 2733, in _post_inspect
    self._check_configure()
    ~~~~~~~~~~~~~~~~~~~~~^^
  File "E:\my_prog\zqgetdata\.venv\Lib\site-packages\sqlalchemy\orm\mapper.py", line 2410, in _check_configure
    _configure_registries({self.registry}, cascade=True)
    ~~~~~~~~~~~~~~~~~~~~~^^^^^^^^^^^^^^^^^^^^^^^^^^^^^^^
  File "E:\my_prog\zqgetdata\.venv\Lib\site-packages\sqlalchemy\orm\mapper.py", line 4227, in _configure_registries
    _do_configure_registries(registries, cascade)
    ~~~~~~~~~~~~~~~~~~~~~~~~^^^^^^^^^^^^^^^^^^^^^
  File "E:\my_prog\zqgetdata\.venv\Lib\site-packages\sqlalchemy\orm\mapper.py", line 4264, in _do_configure_registries
    raise e
sqlalchemy.exc.InvalidRequestError: One or more mappers failed to initialize - can't proceed with initialization of other mappers. Triggering mapper: 'Mapper[TczqMatch(tczq_match)]'. Original exception was: Could not determine join condition between parent/child tables on relationship TczqMatch.spf - there are no foreign keys linking these tables.  Ensure that referencing columns are associated with a ForeignKey or ForeignKeyConstraint, or specify a 'primaryjoin' expression.

2026-04-03 10:15:30 - tczq_data - ERROR - 处理联赛名称时出错：Traceback (most recent call last):
  File "E:\my_prog\zqgetdata\app\common\_utils.py", line 164, in handle_league_name
    league = localdb.query(League).filter_by(league_name=league_name).first()
             ~~~~~~~~~~~~~^^^^^^^^
  File "E:\my_prog\zqgetdata\app\database\db_core.py", line 135, in query
    raise e
  File "E:\my_prog\zqgetdata\app\database\db_core.py", line 113, in query
    da = self.session.query(obj)
  File "E:\my_prog\zqgetdata\.venv\Lib\site-packages\sqlalchemy\orm\session.py", line 2941, in query
    return self._query_cls(entities, self, **kwargs)
           ~~~~~~~~~~~~~~~^^^^^^^^^^^^^^^^^^^^^^^^^^
  File "E:\my_prog\zqgetdata\.venv\Lib\site-packages\sqlalchemy\orm\query.py", line 276, in __init__
    self._set_entities(entities)
    ~~~~~~~~~~~~~~~~~~^^^^^^^^^^
  File "E:\my_prog\zqgetdata\.venv\Lib\site-packages\sqlalchemy\orm\query.py", line 289, in _set_entities
    coercions.expect(
    ~~~~~~~~~~~~~~~~^
        roles.ColumnsClauseRole,
        ^^^^^^^^^^^^^^^^^^^^^^^^
    ...<2 lines>...
        post_inspect=True,
        ^^^^^^^^^^^^^^^^^^
    )
    ^
  File "E:\my_prog\zqgetdata\.venv\Lib\site-packages\sqlalchemy\sql\coercions.py", line 389, in expect
    insp._post_inspect
  File "E:\my_prog\zqgetdata\.venv\Lib\site-packages\sqlalchemy\util\langhelpers.py", line 1338, in __get__
    obj.__dict__[self.__name__] = result = self.fget(obj)
                                           ~~~~~~~~~^^^^^
  File "E:\my_prog\zqgetdata\.venv\Lib\site-packages\sqlalchemy\orm\mapper.py", line 2733, in _post_inspect
    self._check_configure()
    ~~~~~~~~~~~~~~~~~~~~~^^
  File "E:\my_prog\zqgetdata\.venv\Lib\site-packages\sqlalchemy\orm\mapper.py", line 2410, in _check_configure
    _configure_registries({self.registry}, cascade=True)
    ~~~~~~~~~~~~~~~~~~~~~^^^^^^^^^^^^^^^^^^^^^^^^^^^^^^^
  File "E:\my_prog\zqgetdata\.venv\Lib\site-packages\sqlalchemy\orm\mapper.py", line 4227, in _configure_registries
    _do_configure_registries(registries, cascade)
    ~~~~~~~~~~~~~~~~~~~~~~~~^^^^^^^^^^^^^^^^^^^^^
  File "E:\my_prog\zqgetdata\.venv\Lib\site-packages\sqlalchemy\orm\mapper.py", line 4264, in _do_configure_registries
    raise e
sqlalchemy.exc.InvalidRequestError: One or more mappers failed to initialize - can't proceed with initialization of other mappers. Triggering mapper: 'Mapper[TczqMatch(tczq_match)]'. Original exception was: Could not determine join condition between parent/child tables on relationship TczqMatch.spf - there are no foreign keys linking these tables.  Ensure that referencing columns are associated with a ForeignKey or ForeignKeyConstraint, or specify a 'primaryjoin' expression.

2026-04-03 10:15:30 - tczq_data - ERROR - 处理联赛名称时出错：Traceback (most recent call last):
  File "E:\my_prog\zqgetdata\app\common\_utils.py", line 164, in handle_league_name
    league = localdb.query(League).filter_by(league_name=league_name).first()
             ~~~~~~~~~~~~~^^^^^^^^
  File "E:\my_prog\zqgetdata\app\database\db_core.py", line 135, in query
    raise e
  File "E:\my_prog\zqgetdata\app\database\db_core.py", line 113, in query
    da = self.session.query(obj)
  File "E:\my_prog\zqgetdata\.venv\Lib\site-packages\sqlalchemy\orm\session.py", line 2941, in query
    return self._query_cls(entities, self, **kwargs)
           ~~~~~~~~~~~~~~~^^^^^^^^^^^^^^^^^^^^^^^^^^
  File "E:\my_prog\zqgetdata\.venv\Lib\site-packages\sqlalchemy\orm\query.py", line 276, in __init__
    self._set_entities(entities)
    ~~~~~~~~~~~~~~~~~~^^^^^^^^^^
  File "E:\my_prog\zqgetdata\.venv\Lib\site-packages\sqlalchemy\orm\query.py", line 289, in _set_entities
    coercions.expect(
    ~~~~~~~~~~~~~~~~^
        roles.ColumnsClauseRole,
        ^^^^^^^^^^^^^^^^^^^^^^^^
    ...<2 lines>...
        post_inspect=True,
        ^^^^^^^^^^^^^^^^^^
    )
    ^
  File "E:\my_prog\zqgetdata\.venv\Lib\site-packages\sqlalchemy\sql\coercions.py", line 389, in expect
    insp._post_inspect
  File "E:\my_prog\zqgetdata\.venv\Lib\site-packages\sqlalchemy\util\langhelpers.py", line 1338, in __get__
    obj.__dict__[self.__name__] = result = self.fget(obj)
                                           ~~~~~~~~~^^^^^
  File "E:\my_prog\zqgetdata\.venv\Lib\site-packages\sqlalchemy\orm\mapper.py", line 2733, in _post_inspect
    self._check_configure()
    ~~~~~~~~~~~~~~~~~~~~~^^
  File "E:\my_prog\zqgetdata\.venv\Lib\site-packages\sqlalchemy\orm\mapper.py", line 2410, in _check_configure
    _configure_registries({self.registry}, cascade=True)
    ~~~~~~~~~~~~~~~~~~~~~^^^^^^^^^^^^^^^^^^^^^^^^^^^^^^^
  File "E:\my_prog\zqgetdata\.venv\Lib\site-packages\sqlalchemy\orm\mapper.py", line 4227, in _configure_registries
    _do_configure_registries(registries, cascade)
    ~~~~~~~~~~~~~~~~~~~~~~~~^^^^^^^^^^^^^^^^^^^^^
  File "E:\my_prog\zqgetdata\.venv\Lib\site-packages\sqlalchemy\orm\mapper.py", line 4264, in _do_configure_registries
    raise e
sqlalchemy.exc.InvalidRequestError: One or more mappers failed to initialize - can't proceed with initialization of other mappers. Triggering mapper: 'Mapper[TczqMatch(tczq_match)]'. Original exception was: Could not determine join condition between parent/child tables on relationship TczqMatch.spf - there are no foreign keys linking these tables.  Ensure that referencing columns are associated with a ForeignKey or ForeignKeyConstraint, or specify a 'primaryjoin' expression.

2026-04-03 10:15:30 - tczq_data - ERROR - 处理联赛名称时出错：Traceback (most recent call last):
  File "E:\my_prog\zqgetdata\app\common\_utils.py", line 164, in handle_league_name
    league = localdb.query(League).filter_by(league_name=league_name).first()
             ~~~~~~~~~~~~~^^^^^^^^
  File "E:\my_prog\zqgetdata\app\database\db_core.py", line 135, in query
    raise e
  File "E:\my_prog\zqgetdata\app\database\db_core.py", line 113, in query
    da = self.session.query(obj)
  File "E:\my_prog\zqgetdata\.venv\Lib\site-packages\sqlalchemy\orm\session.py", line 2941, in query
    return self._query_cls(entities, self, **kwargs)
           ~~~~~~~~~~~~~~~^^^^^^^^^^^^^^^^^^^^^^^^^^
  File "E:\my_prog\zqgetdata\.venv\Lib\site-packages\sqlalchemy\orm\query.py", line 276, in __init__
    self._set_entities(entities)
    ~~~~~~~~~~~~~~~~~~^^^^^^^^^^
  File "E:\my_prog\zqgetdata\.venv\Lib\site-packages\sqlalchemy\orm\query.py", line 289, in _set_entities
    coercions.expect(
    ~~~~~~~~~~~~~~~~^
        roles.ColumnsClauseRole,
        ^^^^^^^^^^^^^^^^^^^^^^^^
    ...<2 lines>...
        post_inspect=True,
        ^^^^^^^^^^^^^^^^^^
    )
    ^
  File "E:\my_prog\zqgetdata\.venv\Lib\site-packages\sqlalchemy\sql\coercions.py", line 389, in expect
    insp._post_inspect
  File "E:\my_prog\zqgetdata\.venv\Lib\site-packages\sqlalchemy\util\langhelpers.py", line 1338, in __get__
    obj.__dict__[self.__name__] = result = self.fget(obj)
                                           ~~~~~~~~~^^^^^
  File "E:\my_prog\zqgetdata\.venv\Lib\site-packages\sqlalchemy\orm\mapper.py", line 2733, in _post_inspect
    self._check_configure()
    ~~~~~~~~~~~~~~~~~~~~~^^
  File "E:\my_prog\zqgetdata\.venv\Lib\site-packages\sqlalchemy\orm\mapper.py", line 2410, in _check_configure
    _configure_registries({self.registry}, cascade=True)
    ~~~~~~~~~~~~~~~~~~~~~^^^^^^^^^^^^^^^^^^^^^^^^^^^^^^^
  File "E:\my_prog\zqgetdata\.venv\Lib\site-packages\sqlalchemy\orm\mapper.py", line 4227, in _configure_registries
    _do_configure_registries(registries, cascade)
    ~~~~~~~~~~~~~~~~~~~~~~~~^^^^^^^^^^^^^^^^^^^^^
  File "E:\my_prog\zqgetdata\.venv\Lib\site-packages\sqlalchemy\orm\mapper.py", line 4264, in _do_configure_registries
    raise e
sqlalchemy.exc.InvalidRequestError: One or more mappers failed to initialize - can't proceed with initialization of other mappers. Triggering mapper: 'Mapper[TczqMatch(tczq_match)]'. Original exception was: Could not determine join condition between parent/child tables on relationship TczqMatch.spf - there are no foreign keys linking these tables.  Ensure that referencing columns are associated with a ForeignKey or ForeignKeyConstraint, or specify a 'primaryjoin' expression.

2026-04-03 10:15:30 - tczq_data - ERROR - 处理联赛名称时出错：Traceback (most recent call last):
  File "E:\my_prog\zqgetdata\app\common\_utils.py", line 164, in handle_league_name
    league = localdb.query(League).filter_by(league_name=league_name).first()
             ~~~~~~~~~~~~~^^^^^^^^
  File "E:\my_prog\zqgetdata\app\database\db_core.py", line 135, in query
    raise e
  File "E:\my_prog\zqgetdata\app\database\db_core.py", line 113, in query
    da = self.session.query(obj)
  File "E:\my_prog\zqgetdata\.venv\Lib\site-packages\sqlalchemy\orm\session.py", line 2941, in query
    return self._query_cls(entities, self, **kwargs)
           ~~~~~~~~~~~~~~~^^^^^^^^^^^^^^^^^^^^^^^^^^
  File "E:\my_prog\zqgetdata\.venv\Lib\site-packages\sqlalchemy\orm\query.py", line 276, in __init__
    self._set_entities(entities)
    ~~~~~~~~~~~~~~~~~~^^^^^^^^^^
  File "E:\my_prog\zqgetdata\.venv\Lib\site-packages\sqlalchemy\orm\query.py", line 289, in _set_entities
    coercions.expect(
    ~~~~~~~~~~~~~~~~^
        roles.ColumnsClauseRole,
        ^^^^^^^^^^^^^^^^^^^^^^^^
    ...<2 lines>...
        post_inspect=True,
        ^^^^^^^^^^^^^^^^^^
    )
    ^
  File "E:\my_prog\zqgetdata\.venv\Lib\site-packages\sqlalchemy\sql\coercions.py", line 389, in expect
    insp._post_inspect
  File "E:\my_prog\zqgetdata\.venv\Lib\site-packages\sqlalchemy\util\langhelpers.py", line 1338, in __get__
    obj.__dict__[self.__name__] = result = self.fget(obj)
                                           ~~~~~~~~~^^^^^
  File "E:\my_prog\zqgetdata\.venv\Lib\site-packages\sqlalchemy\orm\mapper.py", line 2733, in _post_inspect
    self._check_configure()
    ~~~~~~~~~~~~~~~~~~~~~^^
  File "E:\my_prog\zqgetdata\.venv\Lib\site-packages\sqlalchemy\orm\mapper.py", line 2410, in _check_configure
    _configure_registries({self.registry}, cascade=True)
    ~~~~~~~~~~~~~~~~~~~~~^^^^^^^^^^^^^^^^^^^^^^^^^^^^^^^
  File "E:\my_prog\zqgetdata\.venv\Lib\site-packages\sqlalchemy\orm\mapper.py", line 4227, in _configure_registries
    _do_configure_registries(registries, cascade)
    ~~~~~~~~~~~~~~~~~~~~~~~~^^^^^^^^^^^^^^^^^^^^^
  File "E:\my_prog\zqgetdata\.venv\Lib\site-packages\sqlalchemy\orm\mapper.py", line 4264, in _do_configure_registries
    raise e
sqlalchemy.exc.InvalidRequestError: One or more mappers failed to initialize - can't proceed with initialization of other mappers. Triggering mapper: 'Mapper[TczqMatch(tczq_match)]'. Original exception was: Could not determine join condition between parent/child tables on relationship TczqMatch.spf - there are no foreign keys linking these tables.  Ensure that referencing columns are associated with a ForeignKey or ForeignKeyConstraint, or specify a 'primaryjoin' expression.

2026-04-03 10:15:30 - tczq_data - ERROR - 处理联赛名称时出错：Traceback (most recent call last):
  File "E:\my_prog\zqgetdata\app\common\_utils.py", line 164, in handle_league_name
    league = localdb.query(League).filter_by(league_name=league_name).first()
             ~~~~~~~~~~~~~^^^^^^^^
  File "E:\my_prog\zqgetdata\app\database\db_core.py", line 135, in query
    raise e
  File "E:\my_prog\zqgetdata\app\database\db_core.py", line 113, in query
    da = self.session.query(obj)
  File "E:\my_prog\zqgetdata\.venv\Lib\site-packages\sqlalchemy\orm\session.py", line 2941, in query
    return self._query_cls(entities, self, **kwargs)
           ~~~~~~~~~~~~~~~^^^^^^^^^^^^^^^^^^^^^^^^^^
  File "E:\my_prog\zqgetdata\.venv\Lib\site-packages\sqlalchemy\orm\query.py", line 276, in __init__
    self._set_entities(entities)
    ~~~~~~~~~~~~~~~~~~^^^^^^^^^^
  File "E:\my_prog\zqgetdata\.venv\Lib\site-packages\sqlalchemy\orm\query.py", line 289, in _set_entities
    coercions.expect(
    ~~~~~~~~~~~~~~~~^
        roles.ColumnsClauseRole,
        ^^^^^^^^^^^^^^^^^^^^^^^^
    ...<2 lines>...
        post_inspect=True,
        ^^^^^^^^^^^^^^^^^^
    )
    ^
  File "E:\my_prog\zqgetdata\.venv\Lib\site-packages\sqlalchemy\sql\coercions.py", line 389, in expect
    insp._post_inspect
  File "E:\my_prog\zqgetdata\.venv\Lib\site-packages\sqlalchemy\util\langhelpers.py", line 1338, in __get__
    obj.__dict__[self.__name__] = result = self.fget(obj)
                                           ~~~~~~~~~^^^^^
  File "E:\my_prog\zqgetdata\.venv\Lib\site-packages\sqlalchemy\orm\mapper.py", line 2733, in _post_inspect
    self._check_configure()
    ~~~~~~~~~~~~~~~~~~~~~^^
  File "E:\my_prog\zqgetdata\.venv\Lib\site-packages\sqlalchemy\orm\mapper.py", line 2410, in _check_configure
    _configure_registries({self.registry}, cascade=True)
    ~~~~~~~~~~~~~~~~~~~~~^^^^^^^^^^^^^^^^^^^^^^^^^^^^^^^
  File "E:\my_prog\zqgetdata\.venv\Lib\site-packages\sqlalchemy\orm\mapper.py", line 4227, in _configure_registries
    _do_configure_registries(registries, cascade)
    ~~~~~~~~~~~~~~~~~~~~~~~~^^^^^^^^^^^^^^^^^^^^^
  File "E:\my_prog\zqgetdata\.venv\Lib\site-packages\sqlalchemy\orm\mapper.py", line 4264, in _do_configure_registries
    raise e
sqlalchemy.exc.InvalidRequestError: One or more mappers failed to initialize - can't proceed with initialization of other mappers. Triggering mapper: 'Mapper[TczqMatch(tczq_match)]'. Original exception was: Could not determine join condition between parent/child tables on relationship TczqMatch.spf - there are no foreign keys linking these tables.  Ensure that referencing columns are associated with a ForeignKey or ForeignKeyConstraint, or specify a 'primaryjoin' expression.

2026-04-03 10:15:30 - tczq_data - ERROR - 处理联赛名称时出错：Traceback (most recent call last):
  File "E:\my_prog\zqgetdata\app\common\_utils.py", line 164, in handle_league_name
    league = localdb.query(League).filter_by(league_name=league_name).first()
             ~~~~~~~~~~~~~^^^^^^^^
  File "E:\my_prog\zqgetdata\app\database\db_core.py", line 135, in query
    raise e
  File "E:\my_prog\zqgetdata\app\database\db_core.py", line 113, in query
    da = self.session.query(obj)
  File "E:\my_prog\zqgetdata\.venv\Lib\site-packages\sqlalchemy\orm\session.py", line 2941, in query
    return self._query_cls(entities, self, **kwargs)
           ~~~~~~~~~~~~~~~^^^^^^^^^^^^^^^^^^^^^^^^^^
  File "E:\my_prog\zqgetdata\.venv\Lib\site-packages\sqlalchemy\orm\query.py", line 276, in __init__
    self._set_entities(entities)
    ~~~~~~~~~~~~~~~~~~^^^^^^^^^^
  File "E:\my_prog\zqgetdata\.venv\Lib\site-packages\sqlalchemy\orm\query.py", line 289, in _set_entities
    coercions.expect(
    ~~~~~~~~~~~~~~~~^
        roles.ColumnsClauseRole,
        ^^^^^^^^^^^^^^^^^^^^^^^^
    ...<2 lines>...
        post_inspect=True,
        ^^^^^^^^^^^^^^^^^^
    )
    ^
  File "E:\my_prog\zqgetdata\.venv\Lib\site-packages\sqlalchemy\sql\coercions.py", line 389, in expect
    insp._post_inspect
  File "E:\my_prog\zqgetdata\.venv\Lib\site-packages\sqlalchemy\util\langhelpers.py", line 1338, in __get__
    obj.__dict__[self.__name__] = result = self.fget(obj)
                                           ~~~~~~~~~^^^^^
  File "E:\my_prog\zqgetdata\.venv\Lib\site-packages\sqlalchemy\orm\mapper.py", line 2733, in _post_inspect
    self._check_configure()
    ~~~~~~~~~~~~~~~~~~~~~^^
  File "E:\my_prog\zqgetdata\.venv\Lib\site-packages\sqlalchemy\orm\mapper.py", line 2410, in _check_configure
    _configure_registries({self.registry}, cascade=True)
    ~~~~~~~~~~~~~~~~~~~~~^^^^^^^^^^^^^^^^^^^^^^^^^^^^^^^
  File "E:\my_prog\zqgetdata\.venv\Lib\site-packages\sqlalchemy\orm\mapper.py", line 4227, in _configure_registries
    _do_configure_registries(registries, cascade)
    ~~~~~~~~~~~~~~~~~~~~~~~~^^^^^^^^^^^^^^^^^^^^^
  File "E:\my_prog\zqgetdata\.venv\Lib\site-packages\sqlalchemy\orm\mapper.py", line 4264, in _do_configure_registries
    raise e
sqlalchemy.exc.InvalidRequestError: One or more mappers failed to initialize - can't proceed with initialization of other mappers. Triggering mapper: 'Mapper[TczqMatch(tczq_match)]'. Original exception was: Could not determine join condition between parent/child tables on relationship TczqMatch.spf - there are no foreign keys linking these tables.  Ensure that referencing columns are associated with a ForeignKey or ForeignKeyConstraint, or specify a 'primaryjoin' expression.

2026-04-03 10:15:30 - tczq_data - ERROR - 处理联赛名称时出错：Traceback (most recent call last):
  File "E:\my_prog\zqgetdata\app\common\_utils.py", line 164, in handle_league_name
    league = localdb.query(League).filter_by(league_name=league_name).first()
             ~~~~~~~~~~~~~^^^^^^^^
  File "E:\my_prog\zqgetdata\app\database\db_core.py", line 135, in query
    raise e
  File "E:\my_prog\zqgetdata\app\database\db_core.py", line 113, in query
    da = self.session.query(obj)
  File "E:\my_prog\zqgetdata\.venv\Lib\site-packages\sqlalchemy\orm\session.py", line 2941, in query
    return self._query_cls(entities, self, **kwargs)
           ~~~~~~~~~~~~~~~^^^^^^^^^^^^^^^^^^^^^^^^^^
  File "E:\my_prog\zqgetdata\.venv\Lib\site-packages\sqlalchemy\orm\query.py", line 276, in __init__
    self._set_entities(entities)
    ~~~~~~~~~~~~~~~~~~^^^^^^^^^^
  File "E:\my_prog\zqgetdata\.venv\Lib\site-packages\sqlalchemy\orm\query.py", line 289, in _set_entities
    coercions.expect(
    ~~~~~~~~~~~~~~~~^
        roles.ColumnsClauseRole,
        ^^^^^^^^^^^^^^^^^^^^^^^^
    ...<2 lines>...
        post_inspect=True,
        ^^^^^^^^^^^^^^^^^^
    )
    ^
  File "E:\my_prog\zqgetdata\.venv\Lib\site-packages\sqlalchemy\sql\coercions.py", line 389, in expect
    insp._post_inspect
  File "E:\my_prog\zqgetdata\.venv\Lib\site-packages\sqlalchemy\util\langhelpers.py", line 1338, in __get__
    obj.__dict__[self.__name__] = result = self.fget(obj)
                                           ~~~~~~~~~^^^^^
  File "E:\my_prog\zqgetdata\.venv\Lib\site-packages\sqlalchemy\orm\mapper.py", line 2733, in _post_inspect
    self._check_configure()
    ~~~~~~~~~~~~~~~~~~~~~^^
  File "E:\my_prog\zqgetdata\.venv\Lib\site-packages\sqlalchemy\orm\mapper.py", line 2410, in _check_configure
    _configure_registries({self.registry}, cascade=True)
    ~~~~~~~~~~~~~~~~~~~~~^^^^^^^^^^^^^^^^^^^^^^^^^^^^^^^
  File "E:\my_prog\zqgetdata\.venv\Lib\site-packages\sqlalchemy\orm\mapper.py", line 4227, in _configure_registries
    _do_configure_registries(registries, cascade)
    ~~~~~~~~~~~~~~~~~~~~~~~~^^^^^^^^^^^^^^^^^^^^^
  File "E:\my_prog\zqgetdata\.venv\Lib\site-packages\sqlalchemy\orm\mapper.py", line 4264, in _do_configure_registries
    raise e
sqlalchemy.exc.InvalidRequestError: One or more mappers failed to initialize - can't proceed with initialization of other mappers. Triggering mapper: 'Mapper[TczqMatch(tczq_match)]'. Original exception was: Could not determine join condition between parent/child tables on relationship TczqMatch.spf - there are no foreign keys linking these tables.  Ensure that referencing columns are associated with a ForeignKey or ForeignKeyConstraint, or specify a 'primaryjoin' expression.

2026-04-03 10:15:30 - tczq_data - ERROR - 处理联赛名称时出错：Traceback (most recent call last):
  File "E:\my_prog\zqgetdata\app\common\_utils.py", line 164, in handle_league_name
    league = localdb.query(League).filter_by(league_name=league_name).first()
             ~~~~~~~~~~~~~^^^^^^^^
  File "E:\my_prog\zqgetdata\app\database\db_core.py", line 135, in query
    raise e
  File "E:\my_prog\zqgetdata\app\database\db_core.py", line 113, in query
    da = self.session.query(obj)
  File "E:\my_prog\zqgetdata\.venv\Lib\site-packages\sqlalchemy\orm\session.py", line 2941, in query
    return self._query_cls(entities, self, **kwargs)
           ~~~~~~~~~~~~~~~^^^^^^^^^^^^^^^^^^^^^^^^^^
  File "E:\my_prog\zqgetdata\.venv\Lib\site-packages\sqlalchemy\orm\query.py", line 276, in __init__
    self._set_entities(entities)
    ~~~~~~~~~~~~~~~~~~^^^^^^^^^^
  File "E:\my_prog\zqgetdata\.venv\Lib\site-packages\sqlalchemy\orm\query.py", line 289, in _set_entities
    coercions.expect(
    ~~~~~~~~~~~~~~~~^
        roles.ColumnsClauseRole,
        ^^^^^^^^^^^^^^^^^^^^^^^^
    ...<2 lines>...
        post_inspect=True,
        ^^^^^^^^^^^^^^^^^^
    )
    ^
  File "E:\my_prog\zqgetdata\.venv\Lib\site-packages\sqlalchemy\sql\coercions.py", line 389, in expect
    insp._post_inspect
  File "E:\my_prog\zqgetdata\.venv\Lib\site-packages\sqlalchemy\util\langhelpers.py", line 1338, in __get__
    obj.__dict__[self.__name__] = result = self.fget(obj)
                                           ~~~~~~~~~^^^^^
  File "E:\my_prog\zqgetdata\.venv\Lib\site-packages\sqlalchemy\orm\mapper.py", line 2733, in _post_inspect
    self._check_configure()
    ~~~~~~~~~~~~~~~~~~~~~^^
  File "E:\my_prog\zqgetdata\.venv\Lib\site-packages\sqlalchemy\orm\mapper.py", line 2410, in _check_configure
    _configure_registries({self.registry}, cascade=True)
    ~~~~~~~~~~~~~~~~~~~~~^^^^^^^^^^^^^^^^^^^^^^^^^^^^^^^
  File "E:\my_prog\zqgetdata\.venv\Lib\site-packages\sqlalchemy\orm\mapper.py", line 4227, in _configure_registries
    _do_configure_registries(registries, cascade)
    ~~~~~~~~~~~~~~~~~~~~~~~~^^^^^^^^^^^^^^^^^^^^^
  File "E:\my_prog\zqgetdata\.venv\Lib\site-packages\sqlalchemy\orm\mapper.py", line 4264, in _do_configure_registries
    raise e
sqlalchemy.exc.InvalidRequestError: One or more mappers failed to initialize - can't proceed with initialization of other mappers. Triggering mapper: 'Mapper[TczqMatch(tczq_match)]'. Original exception was: Could not determine join condition between parent/child tables on relationship TczqMatch.spf - there are no foreign keys linking these tables.  Ensure that referencing columns are associated with a ForeignKey or ForeignKeyConstraint, or specify a 'primaryjoin' expression.

2026-04-03 10:15:30 - tczq_data - ERROR - 处理联赛名称时出错：Traceback (most recent call last):
  File "E:\my_prog\zqgetdata\app\common\_utils.py", line 164, in handle_league_name
    league = localdb.query(League).filter_by(league_name=league_name).first()
             ~~~~~~~~~~~~~^^^^^^^^
  File "E:\my_prog\zqgetdata\app\database\db_core.py", line 135, in query
    raise e
  File "E:\my_prog\zqgetdata\app\database\db_core.py", line 113, in query
    da = self.session.query(obj)
  File "E:\my_prog\zqgetdata\.venv\Lib\site-packages\sqlalchemy\orm\session.py", line 2941, in query
    return self._query_cls(entities, self, **kwargs)
           ~~~~~~~~~~~~~~~^^^^^^^^^^^^^^^^^^^^^^^^^^
  File "E:\my_prog\zqgetdata\.venv\Lib\site-packages\sqlalchemy\orm\query.py", line 276, in __init__
    self._set_entities(entities)
    ~~~~~~~~~~~~~~~~~~^^^^^^^^^^
  File "E:\my_prog\zqgetdata\.venv\Lib\site-packages\sqlalchemy\orm\query.py", line 289, in _set_entities
    coercions.expect(
    ~~~~~~~~~~~~~~~~^
        roles.ColumnsClauseRole,
        ^^^^^^^^^^^^^^^^^^^^^^^^
    ...<2 lines>...
        post_inspect=True,
        ^^^^^^^^^^^^^^^^^^
    )
    ^
  File "E:\my_prog\zqgetdata\.venv\Lib\site-packages\sqlalchemy\sql\coercions.py", line 389, in expect
    insp._post_inspect
  File "E:\my_prog\zqgetdata\.venv\Lib\site-packages\sqlalchemy\util\langhelpers.py", line 1338, in __get__
    obj.__dict__[self.__name__] = result = self.fget(obj)
                                           ~~~~~~~~~^^^^^
  File "E:\my_prog\zqgetdata\.venv\Lib\site-packages\sqlalchemy\orm\mapper.py", line 2733, in _post_inspect
    self._check_configure()
    ~~~~~~~~~~~~~~~~~~~~~^^
  File "E:\my_prog\zqgetdata\.venv\Lib\site-packages\sqlalchemy\orm\mapper.py", line 2410, in _check_configure
    _configure_registries({self.registry}, cascade=True)
    ~~~~~~~~~~~~~~~~~~~~~^^^^^^^^^^^^^^^^^^^^^^^^^^^^^^^
  File "E:\my_prog\zqgetdata\.venv\Lib\site-packages\sqlalchemy\orm\mapper.py", line 4227, in _configure_registries
    _do_configure_registries(registries, cascade)
    ~~~~~~~~~~~~~~~~~~~~~~~~^^^^^^^^^^^^^^^^^^^^^
  File "E:\my_prog\zqgetdata\.venv\Lib\site-packages\sqlalchemy\orm\mapper.py", line 4264, in _do_configure_registries
    raise e
sqlalchemy.exc.InvalidRequestError: One or more mappers failed to initialize - can't proceed with initialization of other mappers. Triggering mapper: 'Mapper[TczqMatch(tczq_match)]'. Original exception was: Could not determine join condition between parent/child tables on relationship TczqMatch.spf - there are no foreign keys linking these tables.  Ensure that referencing columns are associated with a ForeignKey or ForeignKeyConstraint, or specify a 'primaryjoin' expression.

2026-04-03 10:15:30 - tczq_data - ERROR - 处理联赛名称时出错：Traceback (most recent call last):
  File "E:\my_prog\zqgetdata\app\common\_utils.py", line 164, in handle_league_name
    league = localdb.query(League).filter_by(league_name=league_name).first()
             ~~~~~~~~~~~~~^^^^^^^^
  File "E:\my_prog\zqgetdata\app\database\db_core.py", line 135, in query
    raise e
  File "E:\my_prog\zqgetdata\app\database\db_core.py", line 113, in query
    da = self.session.query(obj)
  File "E:\my_prog\zqgetdata\.venv\Lib\site-packages\sqlalchemy\orm\session.py", line 2941, in query
    return self._query_cls(entities, self, **kwargs)
           ~~~~~~~~~~~~~~~^^^^^^^^^^^^^^^^^^^^^^^^^^
  File "E:\my_prog\zqgetdata\.venv\Lib\site-packages\sqlalchemy\orm\query.py", line 276, in __init__
    self._set_entities(entities)
    ~~~~~~~~~~~~~~~~~~^^^^^^^^^^
  File "E:\my_prog\zqgetdata\.venv\Lib\site-packages\sqlalchemy\orm\query.py", line 289, in _set_entities
    coercions.expect(
    ~~~~~~~~~~~~~~~~^
        roles.ColumnsClauseRole,
        ^^^^^^^^^^^^^^^^^^^^^^^^
    ...<2 lines>...
        post_inspect=True,
        ^^^^^^^^^^^^^^^^^^
    )
    ^
  File "E:\my_prog\zqgetdata\.venv\Lib\site-packages\sqlalchemy\sql\coercions.py", line 389, in expect
    insp._post_inspect
  File "E:\my_prog\zqgetdata\.venv\Lib\site-packages\sqlalchemy\util\langhelpers.py", line 1338, in __get__
    obj.__dict__[self.__name__] = result = self.fget(obj)
                                           ~~~~~~~~~^^^^^
  File "E:\my_prog\zqgetdata\.venv\Lib\site-packages\sqlalchemy\orm\mapper.py", line 2733, in _post_inspect
    self._check_configure()
    ~~~~~~~~~~~~~~~~~~~~~^^
  File "E:\my_prog\zqgetdata\.venv\Lib\site-packages\sqlalchemy\orm\mapper.py", line 2410, in _check_configure
    _configure_registries({self.registry}, cascade=True)
    ~~~~~~~~~~~~~~~~~~~~~^^^^^^^^^^^^^^^^^^^^^^^^^^^^^^^
  File "E:\my_prog\zqgetdata\.venv\Lib\site-packages\sqlalchemy\orm\mapper.py", line 4227, in _configure_registries
    _do_configure_registries(registries, cascade)
    ~~~~~~~~~~~~~~~~~~~~~~~~^^^^^^^^^^^^^^^^^^^^^
  File "E:\my_prog\zqgetdata\.venv\Lib\site-packages\sqlalchemy\orm\mapper.py", line 4264, in _do_configure_registries
    raise e
sqlalchemy.exc.InvalidRequestError: One or more mappers failed to initialize - can't proceed with initialization of other mappers. Triggering mapper: 'Mapper[TczqMatch(tczq_match)]'. Original exception was: Could not determine join condition between parent/child tables on relationship TczqMatch.spf - there are no foreign keys linking these tables.  Ensure that referencing columns are associated with a ForeignKey or ForeignKeyConstraint, or specify a 'primaryjoin' expression.

2026-04-03 10:15:30 - tczq_data - ERROR - 处理联赛名称时出错：Traceback (most recent call last):
  File "E:\my_prog\zqgetdata\app\common\_utils.py", line 164, in handle_league_name
    league = localdb.query(League).filter_by(league_name=league_name).first()
             ~~~~~~~~~~~~~^^^^^^^^
  File "E:\my_prog\zqgetdata\app\database\db_core.py", line 135, in query
    raise e
  File "E:\my_prog\zqgetdata\app\database\db_core.py", line 113, in query
    da = self.session.query(obj)
  File "E:\my_prog\zqgetdata\.venv\Lib\site-packages\sqlalchemy\orm\session.py", line 2941, in query
    return self._query_cls(entities, self, **kwargs)
           ~~~~~~~~~~~~~~~^^^^^^^^^^^^^^^^^^^^^^^^^^
  File "E:\my_prog\zqgetdata\.venv\Lib\site-packages\sqlalchemy\orm\query.py", line 276, in __init__
    self._set_entities(entities)
    ~~~~~~~~~~~~~~~~~~^^^^^^^^^^
  File "E:\my_prog\zqgetdata\.venv\Lib\site-packages\sqlalchemy\orm\query.py", line 289, in _set_entities
    coercions.expect(
    ~~~~~~~~~~~~~~~~^
        roles.ColumnsClauseRole,
        ^^^^^^^^^^^^^^^^^^^^^^^^
    ...<2 lines>...
        post_inspect=True,
        ^^^^^^^^^^^^^^^^^^
    )
    ^
  File "E:\my_prog\zqgetdata\.venv\Lib\site-packages\sqlalchemy\sql\coercions.py", line 389, in expect
    insp._post_inspect
  File "E:\my_prog\zqgetdata\.venv\Lib\site-packages\sqlalchemy\util\langhelpers.py", line 1338, in __get__
    obj.__dict__[self.__name__] = result = self.fget(obj)
                                           ~~~~~~~~~^^^^^
  File "E:\my_prog\zqgetdata\.venv\Lib\site-packages\sqlalchemy\orm\mapper.py", line 2733, in _post_inspect
    self._check_configure()
    ~~~~~~~~~~~~~~~~~~~~~^^
  File "E:\my_prog\zqgetdata\.venv\Lib\site-packages\sqlalchemy\orm\mapper.py", line 2410, in _check_configure
    _configure_registries({self.registry}, cascade=True)
    ~~~~~~~~~~~~~~~~~~~~~^^^^^^^^^^^^^^^^^^^^^^^^^^^^^^^
  File "E:\my_prog\zqgetdata\.venv\Lib\site-packages\sqlalchemy\orm\mapper.py", line 4227, in _configure_registries
    _do_configure_registries(registries, cascade)
    ~~~~~~~~~~~~~~~~~~~~~~~~^^^^^^^^^^^^^^^^^^^^^
  File "E:\my_prog\zqgetdata\.venv\Lib\site-packages\sqlalchemy\orm\mapper.py", line 4264, in _do_configure_registries
    raise e
sqlalchemy.exc.InvalidRequestError: One or more mappers failed to initialize - can't proceed with initialization of other mappers. Triggering mapper: 'Mapper[TczqMatch(tczq_match)]'. Original exception was: Could not determine join condition between parent/child tables on relationship TczqMatch.spf - there are no foreign keys linking these tables.  Ensure that referencing columns are associated with a ForeignKey or ForeignKeyConstraint, or specify a 'primaryjoin' expression.

2026-04-03 10:15:30 - tczq_data - ERROR - 处理联赛名称时出错：Traceback (most recent call last):
  File "E:\my_prog\zqgetdata\app\common\_utils.py", line 164, in handle_league_name
    league = localdb.query(League).filter_by(league_name=league_name).first()
             ~~~~~~~~~~~~~^^^^^^^^
  File "E:\my_prog\zqgetdata\app\database\db_core.py", line 135, in query
    raise e
  File "E:\my_prog\zqgetdata\app\database\db_core.py", line 113, in query
    da = self.session.query(obj)
  File "E:\my_prog\zqgetdata\.venv\Lib\site-packages\sqlalchemy\orm\session.py", line 2941, in query
    return self._query_cls(entities, self, **kwargs)
           ~~~~~~~~~~~~~~~^^^^^^^^^^^^^^^^^^^^^^^^^^
  File "E:\my_prog\zqgetdata\.venv\Lib\site-packages\sqlalchemy\orm\query.py", line 276, in __init__
    self._set_entities(entities)
    ~~~~~~~~~~~~~~~~~~^^^^^^^^^^
  File "E:\my_prog\zqgetdata\.venv\Lib\site-packages\sqlalchemy\orm\query.py", line 289, in _set_entities
    coercions.expect(
    ~~~~~~~~~~~~~~~~^
        roles.ColumnsClauseRole,
        ^^^^^^^^^^^^^^^^^^^^^^^^
    ...<2 lines>...
        post_inspect=True,
        ^^^^^^^^^^^^^^^^^^
    )
    ^
  File "E:\my_prog\zqgetdata\.venv\Lib\site-packages\sqlalchemy\sql\coercions.py", line 389, in expect
    insp._post_inspect
  File "E:\my_prog\zqgetdata\.venv\Lib\site-packages\sqlalchemy\util\langhelpers.py", line 1338, in __get__
    obj.__dict__[self.__name__] = result = self.fget(obj)
                                           ~~~~~~~~~^^^^^
  File "E:\my_prog\zqgetdata\.venv\Lib\site-packages\sqlalchemy\orm\mapper.py", line 2733, in _post_inspect
    self._check_configure()
    ~~~~~~~~~~~~~~~~~~~~~^^
  File "E:\my_prog\zqgetdata\.venv\Lib\site-packages\sqlalchemy\orm\mapper.py", line 2410, in _check_configure
    _configure_registries({self.registry}, cascade=True)
    ~~~~~~~~~~~~~~~~~~~~~^^^^^^^^^^^^^^^^^^^^^^^^^^^^^^^
  File "E:\my_prog\zqgetdata\.venv\Lib\site-packages\sqlalchemy\orm\mapper.py", line 4227, in _configure_registries
    _do_configure_registries(registries, cascade)
    ~~~~~~~~~~~~~~~~~~~~~~~~^^^^^^^^^^^^^^^^^^^^^
  File "E:\my_prog\zqgetdata\.venv\Lib\site-packages\sqlalchemy\orm\mapper.py", line 4264, in _do_configure_registries
    raise e
sqlalchemy.exc.InvalidRequestError: One or more mappers failed to initialize - can't proceed with initialization of other mappers. Triggering mapper: 'Mapper[TczqMatch(tczq_match)]'. Original exception was: Could not determine join condition between parent/child tables on relationship TczqMatch.spf - there are no foreign keys linking these tables.  Ensure that referencing columns are associated with a ForeignKey or ForeignKeyConstraint, or specify a 'primaryjoin' expression.

2026-04-03 10:15:30 - tczq_data - ERROR - 处理联赛名称时出错：Traceback (most recent call last):
  File "E:\my_prog\zqgetdata\app\common\_utils.py", line 164, in handle_league_name
    league = localdb.query(League).filter_by(league_name=league_name).first()
             ~~~~~~~~~~~~~^^^^^^^^
  File "E:\my_prog\zqgetdata\app\database\db_core.py", line 135, in query
    raise e
  File "E:\my_prog\zqgetdata\app\database\db_core.py", line 113, in query
    da = self.session.query(obj)
  File "E:\my_prog\zqgetdata\.venv\Lib\site-packages\sqlalchemy\orm\session.py", line 2941, in query
    return self._query_cls(entities, self, **kwargs)
           ~~~~~~~~~~~~~~~^^^^^^^^^^^^^^^^^^^^^^^^^^
  File "E:\my_prog\zqgetdata\.venv\Lib\site-packages\sqlalchemy\orm\query.py", line 276, in __init__
    self._set_entities(entities)
    ~~~~~~~~~~~~~~~~~~^^^^^^^^^^
  File "E:\my_prog\zqgetdata\.venv\Lib\site-packages\sqlalchemy\orm\query.py", line 289, in _set_entities
    coercions.expect(
    ~~~~~~~~~~~~~~~~^
        roles.ColumnsClauseRole,
        ^^^^^^^^^^^^^^^^^^^^^^^^
    ...<2 lines>...
        post_inspect=True,
        ^^^^^^^^^^^^^^^^^^
    )
    ^
  File "E:\my_prog\zqgetdata\.venv\Lib\site-packages\sqlalchemy\sql\coercions.py", line 389, in expect
    insp._post_inspect
  File "E:\my_prog\zqgetdata\.venv\Lib\site-packages\sqlalchemy\util\langhelpers.py", line 1338, in __get__
    obj.__dict__[self.__name__] = result = self.fget(obj)
                                           ~~~~~~~~~^^^^^
  File "E:\my_prog\zqgetdata\.venv\Lib\site-packages\sqlalchemy\orm\mapper.py", line 2733, in _post_inspect
    self._check_configure()
    ~~~~~~~~~~~~~~~~~~~~~^^
  File "E:\my_prog\zqgetdata\.venv\Lib\site-packages\sqlalchemy\orm\mapper.py", line 2410, in _check_configure
    _configure_registries({self.registry}, cascade=True)
    ~~~~~~~~~~~~~~~~~~~~~^^^^^^^^^^^^^^^^^^^^^^^^^^^^^^^
  File "E:\my_prog\zqgetdata\.venv\Lib\site-packages\sqlalchemy\orm\mapper.py", line 4227, in _configure_registries
    _do_configure_registries(registries, cascade)
    ~~~~~~~~~~~~~~~~~~~~~~~~^^^^^^^^^^^^^^^^^^^^^
  File "E:\my_prog\zqgetdata\.venv\Lib\site-packages\sqlalchemy\orm\mapper.py", line 4264, in _do_configure_registries
    raise e
sqlalchemy.exc.InvalidRequestError: One or more mappers failed to initialize - can't proceed with initialization of other mappers. Triggering mapper: 'Mapper[TczqMatch(tczq_match)]'. Original exception was: Could not determine join condition between parent/child tables on relationship TczqMatch.spf - there are no foreign keys linking these tables.  Ensure that referencing columns are associated with a ForeignKey or ForeignKeyConstraint, or specify a 'primaryjoin' expression.

2026-04-03 10:15:30 - tczq_data - ERROR - 处理联赛名称时出错：Traceback (most recent call last):
  File "E:\my_prog\zqgetdata\app\common\_utils.py", line 164, in handle_league_name
    league = localdb.query(League).filter_by(league_name=league_name).first()
             ~~~~~~~~~~~~~^^^^^^^^
  File "E:\my_prog\zqgetdata\app\database\db_core.py", line 135, in query
    raise e
  File "E:\my_prog\zqgetdata\app\database\db_core.py", line 113, in query
    da = self.session.query(obj)
  File "E:\my_prog\zqgetdata\.venv\Lib\site-packages\sqlalchemy\orm\session.py", line 2941, in query
    return self._query_cls(entities, self, **kwargs)
           ~~~~~~~~~~~~~~~^^^^^^^^^^^^^^^^^^^^^^^^^^
  File "E:\my_prog\zqgetdata\.venv\Lib\site-packages\sqlalchemy\orm\query.py", line 276, in __init__
    self._set_entities(entities)
    ~~~~~~~~~~~~~~~~~~^^^^^^^^^^
  File "E:\my_prog\zqgetdata\.venv\Lib\site-packages\sqlalchemy\orm\query.py", line 289, in _set_entities
    coercions.expect(
    ~~~~~~~~~~~~~~~~^
        roles.ColumnsClauseRole,
        ^^^^^^^^^^^^^^^^^^^^^^^^
    ...<2 lines>...
        post_inspect=True,
        ^^^^^^^^^^^^^^^^^^
    )
    ^
  File "E:\my_prog\zqgetdata\.venv\Lib\site-packages\sqlalchemy\sql\coercions.py", line 389, in expect
    insp._post_inspect
  File "E:\my_prog\zqgetdata\.venv\Lib\site-packages\sqlalchemy\util\langhelpers.py", line 1338, in __get__
    obj.__dict__[self.__name__] = result = self.fget(obj)
                                           ~~~~~~~~~^^^^^
  File "E:\my_prog\zqgetdata\.venv\Lib\site-packages\sqlalchemy\orm\mapper.py", line 2733, in _post_inspect
    self._check_configure()
    ~~~~~~~~~~~~~~~~~~~~~^^
  File "E:\my_prog\zqgetdata\.venv\Lib\site-packages\sqlalchemy\orm\mapper.py", line 2410, in _check_configure
    _configure_registries({self.registry}, cascade=True)
    ~~~~~~~~~~~~~~~~~~~~~^^^^^^^^^^^^^^^^^^^^^^^^^^^^^^^
  File "E:\my_prog\zqgetdata\.venv\Lib\site-packages\sqlalchemy\orm\mapper.py", line 4227, in _configure_registries
    _do_configure_registries(registries, cascade)
    ~~~~~~~~~~~~~~~~~~~~~~~~^^^^^^^^^^^^^^^^^^^^^
  File "E:\my_prog\zqgetdata\.venv\Lib\site-packages\sqlalchemy\orm\mapper.py", line 4264, in _do_configure_registries
    raise e
sqlalchemy.exc.InvalidRequestError: One or more mappers failed to initialize - can't proceed with initialization of other mappers. Triggering mapper: 'Mapper[TczqMatch(tczq_match)]'. Original exception was: Could not determine join condition between parent/child tables on relationship TczqMatch.spf - there are no foreign keys linking these tables.  Ensure that referencing columns are associated with a ForeignKey or ForeignKeyConstraint, or specify a 'primaryjoin' expression.

2026-04-03 10:15:30 - tczq_data - ERROR - 处理联赛名称时出错：Traceback (most recent call last):
  File "E:\my_prog\zqgetdata\app\common\_utils.py", line 164, in handle_league_name
    league = localdb.query(League).filter_by(league_name=league_name).first()
             ~~~~~~~~~~~~~^^^^^^^^
  File "E:\my_prog\zqgetdata\app\database\db_core.py", line 135, in query
    raise e
  File "E:\my_prog\zqgetdata\app\database\db_core.py", line 113, in query
    da = self.session.query(obj)
  File "E:\my_prog\zqgetdata\.venv\Lib\site-packages\sqlalchemy\orm\session.py", line 2941, in query
    return self._query_cls(entities, self, **kwargs)
           ~~~~~~~~~~~~~~~^^^^^^^^^^^^^^^^^^^^^^^^^^
  File "E:\my_prog\zqgetdata\.venv\Lib\site-packages\sqlalchemy\orm\query.py", line 276, in __init__
    self._set_entities(entities)
    ~~~~~~~~~~~~~~~~~~^^^^^^^^^^
  File "E:\my_prog\zqgetdata\.venv\Lib\site-packages\sqlalchemy\orm\query.py", line 289, in _set_entities
    coercions.expect(
    ~~~~~~~~~~~~~~~~^
        roles.ColumnsClauseRole,
        ^^^^^^^^^^^^^^^^^^^^^^^^
    ...<2 lines>...
        post_inspect=True,
        ^^^^^^^^^^^^^^^^^^
    )
    ^
  File "E:\my_prog\zqgetdata\.venv\Lib\site-packages\sqlalchemy\sql\coercions.py", line 389, in expect
    insp._post_inspect
  File "E:\my_prog\zqgetdata\.venv\Lib\site-packages\sqlalchemy\util\langhelpers.py", line 1338, in __get__
    obj.__dict__[self.__name__] = result = self.fget(obj)
                                           ~~~~~~~~~^^^^^
  File "E:\my_prog\zqgetdata\.venv\Lib\site-packages\sqlalchemy\orm\mapper.py", line 2733, in _post_inspect
    self._check_configure()
    ~~~~~~~~~~~~~~~~~~~~~^^
  File "E:\my_prog\zqgetdata\.venv\Lib\site-packages\sqlalchemy\orm\mapper.py", line 2410, in _check_configure
    _configure_registries({self.registry}, cascade=True)
    ~~~~~~~~~~~~~~~~~~~~~^^^^^^^^^^^^^^^^^^^^^^^^^^^^^^^
  File "E:\my_prog\zqgetdata\.venv\Lib\site-packages\sqlalchemy\orm\mapper.py", line 4227, in _configure_registries
    _do_configure_registries(registries, cascade)
    ~~~~~~~~~~~~~~~~~~~~~~~~^^^^^^^^^^^^^^^^^^^^^
  File "E:\my_prog\zqgetdata\.venv\Lib\site-packages\sqlalchemy\orm\mapper.py", line 4264, in _do_configure_registries
    raise e
sqlalchemy.exc.InvalidRequestError: One or more mappers failed to initialize - can't proceed with initialization of other mappers. Triggering mapper: 'Mapper[TczqMatch(tczq_match)]'. Original exception was: Could not determine join condition between parent/child tables on relationship TczqMatch.spf - there are no foreign keys linking these tables.  Ensure that referencing columns are associated with a ForeignKey or ForeignKeyConstraint, or specify a 'primaryjoin' expression.

2026-04-03 10:15:30 - tczq_data - ERROR - 处理联赛名称时出错：Traceback (most recent call last):
  File "E:\my_prog\zqgetdata\app\common\_utils.py", line 164, in handle_league_name
    league = localdb.query(League).filter_by(league_name=league_name).first()
             ~~~~~~~~~~~~~^^^^^^^^
  File "E:\my_prog\zqgetdata\app\database\db_core.py", line 135, in query
    raise e
  File "E:\my_prog\zqgetdata\app\database\db_core.py", line 113, in query
    da = self.session.query(obj)
  File "E:\my_prog\zqgetdata\.venv\Lib\site-packages\sqlalchemy\orm\session.py", line 2941, in query
    return self._query_cls(entities, self, **kwargs)
           ~~~~~~~~~~~~~~~^^^^^^^^^^^^^^^^^^^^^^^^^^
  File "E:\my_prog\zqgetdata\.venv\Lib\site-packages\sqlalchemy\orm\query.py", line 276, in __init__
    self._set_entities(entities)
    ~~~~~~~~~~~~~~~~~~^^^^^^^^^^
  File "E:\my_prog\zqgetdata\.venv\Lib\site-packages\sqlalchemy\orm\query.py", line 289, in _set_entities
    coercions.expect(
    ~~~~~~~~~~~~~~~~^
        roles.ColumnsClauseRole,
        ^^^^^^^^^^^^^^^^^^^^^^^^
    ...<2 lines>...
        post_inspect=True,
        ^^^^^^^^^^^^^^^^^^
    )
    ^
  File "E:\my_prog\zqgetdata\.venv\Lib\site-packages\sqlalchemy\sql\coercions.py", line 389, in expect
    insp._post_inspect
  File "E:\my_prog\zqgetdata\.venv\Lib\site-packages\sqlalchemy\util\langhelpers.py", line 1338, in __get__
    obj.__dict__[self.__name__] = result = self.fget(obj)
                                           ~~~~~~~~~^^^^^
  File "E:\my_prog\zqgetdata\.venv\Lib\site-packages\sqlalchemy\orm\mapper.py", line 2733, in _post_inspect
    self._check_configure()
    ~~~~~~~~~~~~~~~~~~~~~^^
  File "E:\my_prog\zqgetdata\.venv\Lib\site-packages\sqlalchemy\orm\mapper.py", line 2410, in _check_configure
    _configure_registries({self.registry}, cascade=True)
    ~~~~~~~~~~~~~~~~~~~~~^^^^^^^^^^^^^^^^^^^^^^^^^^^^^^^
  File "E:\my_prog\zqgetdata\.venv\Lib\site-packages\sqlalchemy\orm\mapper.py", line 4227, in _configure_registries
    _do_configure_registries(registries, cascade)
    ~~~~~~~~~~~~~~~~~~~~~~~~^^^^^^^^^^^^^^^^^^^^^
  File "E:\my_prog\zqgetdata\.venv\Lib\site-packages\sqlalchemy\orm\mapper.py", line 4264, in _do_configure_registries
    raise e
sqlalchemy.exc.InvalidRequestError: One or more mappers failed to initialize - can't proceed with initialization of other mappers. Triggering mapper: 'Mapper[TczqMatch(tczq_match)]'. Original exception was: Could not determine join condition between parent/child tables on relationship TczqMatch.spf - there are no foreign keys linking these tables.  Ensure that referencing columns are associated with a ForeignKey or ForeignKeyConstraint, or specify a 'primaryjoin' expression.

2026-04-03 10:15:30 - tczq_data - ERROR - 处理联赛名称时出错：Traceback (most recent call last):
  File "E:\my_prog\zqgetdata\app\common\_utils.py", line 164, in handle_league_name
    league = localdb.query(League).filter_by(league_name=league_name).first()
             ~~~~~~~~~~~~~^^^^^^^^
  File "E:\my_prog\zqgetdata\app\database\db_core.py", line 135, in query
    raise e
  File "E:\my_prog\zqgetdata\app\database\db_core.py", line 113, in query
    da = self.session.query(obj)
  File "E:\my_prog\zqgetdata\.venv\Lib\site-packages\sqlalchemy\orm\session.py", line 2941, in query
    return self._query_cls(entities, self, **kwargs)
           ~~~~~~~~~~~~~~~^^^^^^^^^^^^^^^^^^^^^^^^^^
  File "E:\my_prog\zqgetdata\.venv\Lib\site-packages\sqlalchemy\orm\query.py", line 276, in __init__
    self._set_entities(entities)
    ~~~~~~~~~~~~~~~~~~^^^^^^^^^^
  File "E:\my_prog\zqgetdata\.venv\Lib\site-packages\sqlalchemy\orm\query.py", line 289, in _set_entities
    coercions.expect(
    ~~~~~~~~~~~~~~~~^
        roles.ColumnsClauseRole,
        ^^^^^^^^^^^^^^^^^^^^^^^^
    ...<2 lines>...
        post_inspect=True,
        ^^^^^^^^^^^^^^^^^^
    )
    ^
  File "E:\my_prog\zqgetdata\.venv\Lib\site-packages\sqlalchemy\sql\coercions.py", line 389, in expect
    insp._post_inspect
  File "E:\my_prog\zqgetdata\.venv\Lib\site-packages\sqlalchemy\util\langhelpers.py", line 1338, in __get__
    obj.__dict__[self.__name__] = result = self.fget(obj)
                                           ~~~~~~~~~^^^^^
  File "E:\my_prog\zqgetdata\.venv\Lib\site-packages\sqlalchemy\orm\mapper.py", line 2733, in _post_inspect
    self._check_configure()
    ~~~~~~~~~~~~~~~~~~~~~^^
  File "E:\my_prog\zqgetdata\.venv\Lib\site-packages\sqlalchemy\orm\mapper.py", line 2410, in _check_configure
    _configure_registries({self.registry}, cascade=True)
    ~~~~~~~~~~~~~~~~~~~~~^^^^^^^^^^^^^^^^^^^^^^^^^^^^^^^
  File "E:\my_prog\zqgetdata\.venv\Lib\site-packages\sqlalchemy\orm\mapper.py", line 4227, in _configure_registries
    _do_configure_registries(registries, cascade)
    ~~~~~~~~~~~~~~~~~~~~~~~~^^^^^^^^^^^^^^^^^^^^^
  File "E:\my_prog\zqgetdata\.venv\Lib\site-packages\sqlalchemy\orm\mapper.py", line 4264, in _do_configure_registries
    raise e
sqlalchemy.exc.InvalidRequestError: One or more mappers failed to initialize - can't proceed with initialization of other mappers. Triggering mapper: 'Mapper[TczqMatch(tczq_match)]'. Original exception was: Could not determine join condition between parent/child tables on relationship TczqMatch.spf - there are no foreign keys linking these tables.  Ensure that referencing columns are associated with a ForeignKey or ForeignKeyConstraint, or specify a 'primaryjoin' expression.

2026-04-03 10:15:30 - tczq_data - ERROR - 处理联赛名称时出错：Traceback (most recent call last):
  File "E:\my_prog\zqgetdata\app\common\_utils.py", line 164, in handle_league_name
    league = localdb.query(League).filter_by(league_name=league_name).first()
             ~~~~~~~~~~~~~^^^^^^^^
  File "E:\my_prog\zqgetdata\app\database\db_core.py", line 135, in query
    raise e
  File "E:\my_prog\zqgetdata\app\database\db_core.py", line 113, in query
    da = self.session.query(obj)
  File "E:\my_prog\zqgetdata\.venv\Lib\site-packages\sqlalchemy\orm\session.py", line 2941, in query
    return self._query_cls(entities, self, **kwargs)
           ~~~~~~~~~~~~~~~^^^^^^^^^^^^^^^^^^^^^^^^^^
  File "E:\my_prog\zqgetdata\.venv\Lib\site-packages\sqlalchemy\orm\query.py", line 276, in __init__
    self._set_entities(entities)
    ~~~~~~~~~~~~~~~~~~^^^^^^^^^^
  File "E:\my_prog\zqgetdata\.venv\Lib\site-packages\sqlalchemy\orm\query.py", line 289, in _set_entities
    coercions.expect(
    ~~~~~~~~~~~~~~~~^
        roles.ColumnsClauseRole,
        ^^^^^^^^^^^^^^^^^^^^^^^^
    ...<2 lines>...
        post_inspect=True,
        ^^^^^^^^^^^^^^^^^^
    )
    ^
  File "E:\my_prog\zqgetdata\.venv\Lib\site-packages\sqlalchemy\sql\coercions.py", line 389, in expect
    insp._post_inspect
  File "E:\my_prog\zqgetdata\.venv\Lib\site-packages\sqlalchemy\util\langhelpers.py", line 1338, in __get__
    obj.__dict__[self.__name__] = result = self.fget(obj)
                                           ~~~~~~~~~^^^^^
  File "E:\my_prog\zqgetdata\.venv\Lib\site-packages\sqlalchemy\orm\mapper.py", line 2733, in _post_inspect
    self._check_configure()
    ~~~~~~~~~~~~~~~~~~~~~^^
  File "E:\my_prog\zqgetdata\.venv\Lib\site-packages\sqlalchemy\orm\mapper.py", line 2410, in _check_configure
    _configure_registries({self.registry}, cascade=True)
    ~~~~~~~~~~~~~~~~~~~~~^^^^^^^^^^^^^^^^^^^^^^^^^^^^^^^
  File "E:\my_prog\zqgetdata\.venv\Lib\site-packages\sqlalchemy\orm\mapper.py", line 4227, in _configure_registries
    _do_configure_registries(registries, cascade)
    ~~~~~~~~~~~~~~~~~~~~~~~~^^^^^^^^^^^^^^^^^^^^^
  File "E:\my_prog\zqgetdata\.venv\Lib\site-packages\sqlalchemy\orm\mapper.py", line 4264, in _do_configure_registries
    raise e
sqlalchemy.exc.InvalidRequestError: One or more mappers failed to initialize - can't proceed with initialization of other mappers. Triggering mapper: 'Mapper[TczqMatch(tczq_match)]'. Original exception was: Could not determine join condition between parent/child tables on relationship TczqMatch.spf - there are no foreign keys linking these tables.  Ensure that referencing columns are associated with a ForeignKey or ForeignKeyConstraint, or specify a 'primaryjoin' expression.

2026-04-03 10:15:30 - tczq_data - ERROR - 处理联赛名称时出错：Traceback (most recent call last):
  File "E:\my_prog\zqgetdata\app\common\_utils.py", line 164, in handle_league_name
    league = localdb.query(League).filter_by(league_name=league_name).first()
             ~~~~~~~~~~~~~^^^^^^^^
  File "E:\my_prog\zqgetdata\app\database\db_core.py", line 135, in query
    raise e
  File "E:\my_prog\zqgetdata\app\database\db_core.py", line 113, in query
    da = self.session.query(obj)
  File "E:\my_prog\zqgetdata\.venv\Lib\site-packages\sqlalchemy\orm\session.py", line 2941, in query
    return self._query_cls(entities, self, **kwargs)
           ~~~~~~~~~~~~~~~^^^^^^^^^^^^^^^^^^^^^^^^^^
  File "E:\my_prog\zqgetdata\.venv\Lib\site-packages\sqlalchemy\orm\query.py", line 276, in __init__
    self._set_entities(entities)
    ~~~~~~~~~~~~~~~~~~^^^^^^^^^^
  File "E:\my_prog\zqgetdata\.venv\Lib\site-packages\sqlalchemy\orm\query.py", line 289, in _set_entities
    coercions.expect(
    ~~~~~~~~~~~~~~~~^
        roles.ColumnsClauseRole,
        ^^^^^^^^^^^^^^^^^^^^^^^^
    ...<2 lines>...
        post_inspect=True,
        ^^^^^^^^^^^^^^^^^^
    )
    ^
  File "E:\my_prog\zqgetdata\.venv\Lib\site-packages\sqlalchemy\sql\coercions.py", line 389, in expect
    insp._post_inspect
  File "E:\my_prog\zqgetdata\.venv\Lib\site-packages\sqlalchemy\util\langhelpers.py", line 1338, in __get__
    obj.__dict__[self.__name__] = result = self.fget(obj)
                                           ~~~~~~~~~^^^^^
  File "E:\my_prog\zqgetdata\.venv\Lib\site-packages\sqlalchemy\orm\mapper.py", line 2733, in _post_inspect
    self._check_configure()
    ~~~~~~~~~~~~~~~~~~~~~^^
  File "E:\my_prog\zqgetdata\.venv\Lib\site-packages\sqlalchemy\orm\mapper.py", line 2410, in _check_configure
    _configure_registries({self.registry}, cascade=True)
    ~~~~~~~~~~~~~~~~~~~~~^^^^^^^^^^^^^^^^^^^^^^^^^^^^^^^
  File "E:\my_prog\zqgetdata\.venv\Lib\site-packages\sqlalchemy\orm\mapper.py", line 4227, in _configure_registries
    _do_configure_registries(registries, cascade)
    ~~~~~~~~~~~~~~~~~~~~~~~~^^^^^^^^^^^^^^^^^^^^^
  File "E:\my_prog\zqgetdata\.venv\Lib\site-packages\sqlalchemy\orm\mapper.py", line 4264, in _do_configure_registries
    raise e
sqlalchemy.exc.InvalidRequestError: One or more mappers failed to initialize - can't proceed with initialization of other mappers. Triggering mapper: 'Mapper[TczqMatch(tczq_match)]'. Original exception was: Could not determine join condition between parent/child tables on relationship TczqMatch.spf - there are no foreign keys linking these tables.  Ensure that referencing columns are associated with a ForeignKey or ForeignKeyConstraint, or specify a 'primaryjoin' expression.

2026-04-03 10:15:30 - tczq_data - ERROR - 处理联赛名称时出错：Traceback (most recent call last):
  File "E:\my_prog\zqgetdata\app\common\_utils.py", line 164, in handle_league_name
    league = localdb.query(League).filter_by(league_name=league_name).first()
             ~~~~~~~~~~~~~^^^^^^^^
  File "E:\my_prog\zqgetdata\app\database\db_core.py", line 135, in query
    raise e
  File "E:\my_prog\zqgetdata\app\database\db_core.py", line 113, in query
    da = self.session.query(obj)
  File "E:\my_prog\zqgetdata\.venv\Lib\site-packages\sqlalchemy\orm\session.py", line 2941, in query
    return self._query_cls(entities, self, **kwargs)
           ~~~~~~~~~~~~~~~^^^^^^^^^^^^^^^^^^^^^^^^^^
  File "E:\my_prog\zqgetdata\.venv\Lib\site-packages\sqlalchemy\orm\query.py", line 276, in __init__
    self._set_entities(entities)
    ~~~~~~~~~~~~~~~~~~^^^^^^^^^^
  File "E:\my_prog\zqgetdata\.venv\Lib\site-packages\sqlalchemy\orm\query.py", line 289, in _set_entities
    coercions.expect(
    ~~~~~~~~~~~~~~~~^
        roles.ColumnsClauseRole,
        ^^^^^^^^^^^^^^^^^^^^^^^^
    ...<2 lines>...
        post_inspect=True,
        ^^^^^^^^^^^^^^^^^^
    )
    ^
  File "E:\my_prog\zqgetdata\.venv\Lib\site-packages\sqlalchemy\sql\coercions.py", line 389, in expect
    insp._post_inspect
  File "E:\my_prog\zqgetdata\.venv\Lib\site-packages\sqlalchemy\util\langhelpers.py", line 1338, in __get__
    obj.__dict__[self.__name__] = result = self.fget(obj)
                                           ~~~~~~~~~^^^^^
  File "E:\my_prog\zqgetdata\.venv\Lib\site-packages\sqlalchemy\orm\mapper.py", line 2733, in _post_inspect
    self._check_configure()
    ~~~~~~~~~~~~~~~~~~~~~^^
  File "E:\my_prog\zqgetdata\.venv\Lib\site-packages\sqlalchemy\orm\mapper.py", line 2410, in _check_configure
    _configure_registries({self.registry}, cascade=True)
    ~~~~~~~~~~~~~~~~~~~~~^^^^^^^^^^^^^^^^^^^^^^^^^^^^^^^
  File "E:\my_prog\zqgetdata\.venv\Lib\site-packages\sqlalchemy\orm\mapper.py", line 4227, in _configure_registries
    _do_configure_registries(registries, cascade)
    ~~~~~~~~~~~~~~~~~~~~~~~~^^^^^^^^^^^^^^^^^^^^^
  File "E:\my_prog\zqgetdata\.venv\Lib\site-packages\sqlalchemy\orm\mapper.py", line 4264, in _do_configure_registries
    raise e
sqlalchemy.exc.InvalidRequestError: One or more mappers failed to initialize - can't proceed with initialization of other mappers. Triggering mapper: 'Mapper[TczqMatch(tczq_match)]'. Original exception was: Could not determine join condition between parent/child tables on relationship TczqMatch.spf - there are no foreign keys linking these tables.  Ensure that referencing columns are associated with a ForeignKey or ForeignKeyConstraint, or specify a 'primaryjoin' expression.

2026-04-03 10:15:30 - tczq_data - ERROR - 处理联赛名称时出错：Traceback (most recent call last):
  File "E:\my_prog\zqgetdata\app\common\_utils.py", line 164, in handle_league_name
    league = localdb.query(League).filter_by(league_name=league_name).first()
             ~~~~~~~~~~~~~^^^^^^^^
  File "E:\my_prog\zqgetdata\app\database\db_core.py", line 135, in query
    raise e
  File "E:\my_prog\zqgetdata\app\database\db_core.py", line 113, in query
    da = self.session.query(obj)
  File "E:\my_prog\zqgetdata\.venv\Lib\site-packages\sqlalchemy\orm\session.py", line 2941, in query
    return self._query_cls(entities, self, **kwargs)
           ~~~~~~~~~~~~~~~^^^^^^^^^^^^^^^^^^^^^^^^^^
  File "E:\my_prog\zqgetdata\.venv\Lib\site-packages\sqlalchemy\orm\query.py", line 276, in __init__
    self._set_entities(entities)
    ~~~~~~~~~~~~~~~~~~^^^^^^^^^^
  File "E:\my_prog\zqgetdata\.venv\Lib\site-packages\sqlalchemy\orm\query.py", line 289, in _set_entities
    coercions.expect(
    ~~~~~~~~~~~~~~~~^
        roles.ColumnsClauseRole,
        ^^^^^^^^^^^^^^^^^^^^^^^^
    ...<2 lines>...
        post_inspect=True,
        ^^^^^^^^^^^^^^^^^^
    )
    ^
  File "E:\my_prog\zqgetdata\.venv\Lib\site-packages\sqlalchemy\sql\coercions.py", line 389, in expect
    insp._post_inspect
  File "E:\my_prog\zqgetdata\.venv\Lib\site-packages\sqlalchemy\util\langhelpers.py", line 1338, in __get__
    obj.__dict__[self.__name__] = result = self.fget(obj)
                                           ~~~~~~~~~^^^^^
  File "E:\my_prog\zqgetdata\.venv\Lib\site-packages\sqlalchemy\orm\mapper.py", line 2733, in _post_inspect
    self._check_configure()
    ~~~~~~~~~~~~~~~~~~~~~^^
  File "E:\my_prog\zqgetdata\.venv\Lib\site-packages\sqlalchemy\orm\mapper.py", line 2410, in _check_configure
    _configure_registries({self.registry}, cascade=True)
    ~~~~~~~~~~~~~~~~~~~~~^^^^^^^^^^^^^^^^^^^^^^^^^^^^^^^
  File "E:\my_prog\zqgetdata\.venv\Lib\site-packages\sqlalchemy\orm\mapper.py", line 4227, in _configure_registries
    _do_configure_registries(registries, cascade)
    ~~~~~~~~~~~~~~~~~~~~~~~~^^^^^^^^^^^^^^^^^^^^^
  File "E:\my_prog\zqgetdata\.venv\Lib\site-packages\sqlalchemy\orm\mapper.py", line 4264, in _do_configure_registries
    raise e
sqlalchemy.exc.InvalidRequestError: One or more mappers failed to initialize - can't proceed with initialization of other mappers. Triggering mapper: 'Mapper[TczqMatch(tczq_match)]'. Original exception was: Could not determine join condition between parent/child tables on relationship TczqMatch.spf - there are no foreign keys linking these tables.  Ensure that referencing columns are associated with a ForeignKey or ForeignKeyConstraint, or specify a 'primaryjoin' expression.

2026-04-03 10:15:30 - tczq_data - ERROR - 处理联赛名称时出错：Traceback (most recent call last):
  File "E:\my_prog\zqgetdata\app\common\_utils.py", line 164, in handle_league_name
    league = localdb.query(League).filter_by(league_name=league_name).first()
             ~~~~~~~~~~~~~^^^^^^^^
  File "E:\my_prog\zqgetdata\app\database\db_core.py", line 135, in query
    raise e
  File "E:\my_prog\zqgetdata\app\database\db_core.py", line 113, in query
    da = self.session.query(obj)
  File "E:\my_prog\zqgetdata\.venv\Lib\site-packages\sqlalchemy\orm\session.py", line 2941, in query
    return self._query_cls(entities, self, **kwargs)
           ~~~~~~~~~~~~~~~^^^^^^^^^^^^^^^^^^^^^^^^^^
  File "E:\my_prog\zqgetdata\.venv\Lib\site-packages\sqlalchemy\orm\query.py", line 276, in __init__
    self._set_entities(entities)
    ~~~~~~~~~~~~~~~~~~^^^^^^^^^^
  File "E:\my_prog\zqgetdata\.venv\Lib\site-packages\sqlalchemy\orm\query.py", line 289, in _set_entities
    coercions.expect(
    ~~~~~~~~~~~~~~~~^
        roles.ColumnsClauseRole,
        ^^^^^^^^^^^^^^^^^^^^^^^^
    ...<2 lines>...
        post_inspect=True,
        ^^^^^^^^^^^^^^^^^^
    )
    ^
  File "E:\my_prog\zqgetdata\.venv\Lib\site-packages\sqlalchemy\sql\coercions.py", line 389, in expect
    insp._post_inspect
  File "E:\my_prog\zqgetdata\.venv\Lib\site-packages\sqlalchemy\util\langhelpers.py", line 1338, in __get__
    obj.__dict__[self.__name__] = result = self.fget(obj)
                                           ~~~~~~~~~^^^^^
  File "E:\my_prog\zqgetdata\.venv\Lib\site-packages\sqlalchemy\orm\mapper.py", line 2733, in _post_inspect
    self._check_configure()
    ~~~~~~~~~~~~~~~~~~~~~^^
  File "E:\my_prog\zqgetdata\.venv\Lib\site-packages\sqlalchemy\orm\mapper.py", line 2410, in _check_configure
    _configure_registries({self.registry}, cascade=True)
    ~~~~~~~~~~~~~~~~~~~~~^^^^^^^^^^^^^^^^^^^^^^^^^^^^^^^
  File "E:\my_prog\zqgetdata\.venv\Lib\site-packages\sqlalchemy\orm\mapper.py", line 4227, in _configure_registries
    _do_configure_registries(registries, cascade)
    ~~~~~~~~~~~~~~~~~~~~~~~~^^^^^^^^^^^^^^^^^^^^^
  File "E:\my_prog\zqgetdata\.venv\Lib\site-packages\sqlalchemy\orm\mapper.py", line 4264, in _do_configure_registries
    raise e
sqlalchemy.exc.InvalidRequestError: One or more mappers failed to initialize - can't proceed with initialization of other mappers. Triggering mapper: 'Mapper[TczqMatch(tczq_match)]'. Original exception was: Could not determine join condition between parent/child tables on relationship TczqMatch.spf - there are no foreign keys linking these tables.  Ensure that referencing columns are associated with a ForeignKey or ForeignKeyConstraint, or specify a 'primaryjoin' expression.

2026-04-03 10:15:30 - tczq_data - ERROR - 处理联赛名称时出错：Traceback (most recent call last):
  File "E:\my_prog\zqgetdata\app\common\_utils.py", line 164, in handle_league_name
    league = localdb.query(League).filter_by(league_name=league_name).first()
             ~~~~~~~~~~~~~^^^^^^^^
  File "E:\my_prog\zqgetdata\app\database\db_core.py", line 135, in query
    raise e
  File "E:\my_prog\zqgetdata\app\database\db_core.py", line 113, in query
    da = self.session.query(obj)
  File "E:\my_prog\zqgetdata\.venv\Lib\site-packages\sqlalchemy\orm\session.py", line 2941, in query
    return self._query_cls(entities, self, **kwargs)
           ~~~~~~~~~~~~~~~^^^^^^^^^^^^^^^^^^^^^^^^^^
  File "E:\my_prog\zqgetdata\.venv\Lib\site-packages\sqlalchemy\orm\query.py", line 276, in __init__
    self._set_entities(entities)
    ~~~~~~~~~~~~~~~~~~^^^^^^^^^^
  File "E:\my_prog\zqgetdata\.venv\Lib\site-packages\sqlalchemy\orm\query.py", line 289, in _set_entities
    coercions.expect(
    ~~~~~~~~~~~~~~~~^
        roles.ColumnsClauseRole,
        ^^^^^^^^^^^^^^^^^^^^^^^^
    ...<2 lines>...
        post_inspect=True,
        ^^^^^^^^^^^^^^^^^^
    )
    ^
  File "E:\my_prog\zqgetdata\.venv\Lib\site-packages\sqlalchemy\sql\coercions.py", line 389, in expect
    insp._post_inspect
  File "E:\my_prog\zqgetdata\.venv\Lib\site-packages\sqlalchemy\util\langhelpers.py", line 1338, in __get__
    obj.__dict__[self.__name__] = result = self.fget(obj)
                                           ~~~~~~~~~^^^^^
  File "E:\my_prog\zqgetdata\.venv\Lib\site-packages\sqlalchemy\orm\mapper.py", line 2733, in _post_inspect
    self._check_configure()
    ~~~~~~~~~~~~~~~~~~~~~^^
  File "E:\my_prog\zqgetdata\.venv\Lib\site-packages\sqlalchemy\orm\mapper.py", line 2410, in _check_configure
    _configure_registries({self.registry}, cascade=True)
    ~~~~~~~~~~~~~~~~~~~~~^^^^^^^^^^^^^^^^^^^^^^^^^^^^^^^
  File "E:\my_prog\zqgetdata\.venv\Lib\site-packages\sqlalchemy\orm\mapper.py", line 4227, in _configure_registries
    _do_configure_registries(registries, cascade)
    ~~~~~~~~~~~~~~~~~~~~~~~~^^^^^^^^^^^^^^^^^^^^^
  File "E:\my_prog\zqgetdata\.venv\Lib\site-packages\sqlalchemy\orm\mapper.py", line 4264, in _do_configure_registries
    raise e
sqlalchemy.exc.InvalidRequestError: One or more mappers failed to initialize - can't proceed with initialization of other mappers. Triggering mapper: 'Mapper[TczqMatch(tczq_match)]'. Original exception was: Could not determine join condition between parent/child tables on relationship TczqMatch.spf - there are no foreign keys linking these tables.  Ensure that referencing columns are associated with a ForeignKey or ForeignKeyConstraint, or specify a 'primaryjoin' expression.

2026-04-03 10:15:30 - tczq_data - ERROR - 处理联赛名称时出错：Traceback (most recent call last):
  File "E:\my_prog\zqgetdata\app\common\_utils.py", line 164, in handle_league_name
    league = localdb.query(League).filter_by(league_name=league_name).first()
             ~~~~~~~~~~~~~^^^^^^^^
  File "E:\my_prog\zqgetdata\app\database\db_core.py", line 135, in query
    raise e
  File "E:\my_prog\zqgetdata\app\database\db_core.py", line 113, in query
    da = self.session.query(obj)
  File "E:\my_prog\zqgetdata\.venv\Lib\site-packages\sqlalchemy\orm\session.py", line 2941, in query
    return self._query_cls(entities, self, **kwargs)
           ~~~~~~~~~~~~~~~^^^^^^^^^^^^^^^^^^^^^^^^^^
  File "E:\my_prog\zqgetdata\.venv\Lib\site-packages\sqlalchemy\orm\query.py", line 276, in __init__
    self._set_entities(entities)
    ~~~~~~~~~~~~~~~~~~^^^^^^^^^^
  File "E:\my_prog\zqgetdata\.venv\Lib\site-packages\sqlalchemy\orm\query.py", line 289, in _set_entities
    coercions.expect(
    ~~~~~~~~~~~~~~~~^
        roles.ColumnsClauseRole,
        ^^^^^^^^^^^^^^^^^^^^^^^^
    ...<2 lines>...
        post_inspect=True,
        ^^^^^^^^^^^^^^^^^^
    )
    ^
  File "E:\my_prog\zqgetdata\.venv\Lib\site-packages\sqlalchemy\sql\coercions.py", line 389, in expect
    insp._post_inspect
  File "E:\my_prog\zqgetdata\.venv\Lib\site-packages\sqlalchemy\util\langhelpers.py", line 1338, in __get__
    obj.__dict__[self.__name__] = result = self.fget(obj)
                                           ~~~~~~~~~^^^^^
  File "E:\my_prog\zqgetdata\.venv\Lib\site-packages\sqlalchemy\orm\mapper.py", line 2733, in _post_inspect
    self._check_configure()
    ~~~~~~~~~~~~~~~~~~~~~^^
  File "E:\my_prog\zqgetdata\.venv\Lib\site-packages\sqlalchemy\orm\mapper.py", line 2410, in _check_configure
    _configure_registries({self.registry}, cascade=True)
    ~~~~~~~~~~~~~~~~~~~~~^^^^^^^^^^^^^^^^^^^^^^^^^^^^^^^
  File "E:\my_prog\zqgetdata\.venv\Lib\site-packages\sqlalchemy\orm\mapper.py", line 4227, in _configure_registries
    _do_configure_registries(registries, cascade)
    ~~~~~~~~~~~~~~~~~~~~~~~~^^^^^^^^^^^^^^^^^^^^^
  File "E:\my_prog\zqgetdata\.venv\Lib\site-packages\sqlalchemy\orm\mapper.py", line 4264, in _do_configure_registries
    raise e
sqlalchemy.exc.InvalidRequestError: One or more mappers failed to initialize - can't proceed with initialization of other mappers. Triggering mapper: 'Mapper[TczqMatch(tczq_match)]'. Original exception was: Could not determine join condition between parent/child tables on relationship TczqMatch.spf - there are no foreign keys linking these tables.  Ensure that referencing columns are associated with a ForeignKey or ForeignKeyConstraint, or specify a 'primaryjoin' expression.

2026-04-03 10:15:30 - tczq_data - ERROR - 处理联赛名称时出错：Traceback (most recent call last):
  File "E:\my_prog\zqgetdata\app\common\_utils.py", line 164, in handle_league_name
    league = localdb.query(League).filter_by(league_name=league_name).first()
             ~~~~~~~~~~~~~^^^^^^^^
  File "E:\my_prog\zqgetdata\app\database\db_core.py", line 135, in query
    raise e
  File "E:\my_prog\zqgetdata\app\database\db_core.py", line 113, in query
    da = self.session.query(obj)
  File "E:\my_prog\zqgetdata\.venv\Lib\site-packages\sqlalchemy\orm\session.py", line 2941, in query
    return self._query_cls(entities, self, **kwargs)
           ~~~~~~~~~~~~~~~^^^^^^^^^^^^^^^^^^^^^^^^^^
  File "E:\my_prog\zqgetdata\.venv\Lib\site-packages\sqlalchemy\orm\query.py", line 276, in __init__
    self._set_entities(entities)
    ~~~~~~~~~~~~~~~~~~^^^^^^^^^^
  File "E:\my_prog\zqgetdata\.venv\Lib\site-packages\sqlalchemy\orm\query.py", line 289, in _set_entities
    coercions.expect(
    ~~~~~~~~~~~~~~~~^
        roles.ColumnsClauseRole,
        ^^^^^^^^^^^^^^^^^^^^^^^^
    ...<2 lines>...
        post_inspect=True,
        ^^^^^^^^^^^^^^^^^^
    )
    ^
  File "E:\my_prog\zqgetdata\.venv\Lib\site-packages\sqlalchemy\sql\coercions.py", line 389, in expect
    insp._post_inspect
  File "E:\my_prog\zqgetdata\.venv\Lib\site-packages\sqlalchemy\util\langhelpers.py", line 1338, in __get__
    obj.__dict__[self.__name__] = result = self.fget(obj)
                                           ~~~~~~~~~^^^^^
  File "E:\my_prog\zqgetdata\.venv\Lib\site-packages\sqlalchemy\orm\mapper.py", line 2733, in _post_inspect
    self._check_configure()
    ~~~~~~~~~~~~~~~~~~~~~^^
  File "E:\my_prog\zqgetdata\.venv\Lib\site-packages\sqlalchemy\orm\mapper.py", line 2410, in _check_configure
    _configure_registries({self.registry}, cascade=True)
    ~~~~~~~~~~~~~~~~~~~~~^^^^^^^^^^^^^^^^^^^^^^^^^^^^^^^
  File "E:\my_prog\zqgetdata\.venv\Lib\site-packages\sqlalchemy\orm\mapper.py", line 4227, in _configure_registries
    _do_configure_registries(registries, cascade)
    ~~~~~~~~~~~~~~~~~~~~~~~~^^^^^^^^^^^^^^^^^^^^^
  File "E:\my_prog\zqgetdata\.venv\Lib\site-packages\sqlalchemy\orm\mapper.py", line 4264, in _do_configure_registries
    raise e
sqlalchemy.exc.InvalidRequestError: One or more mappers failed to initialize - can't proceed with initialization of other mappers. Triggering mapper: 'Mapper[TczqMatch(tczq_match)]'. Original exception was: Could not determine join condition between parent/child tables on relationship TczqMatch.spf - there are no foreign keys linking these tables.  Ensure that referencing columns are associated with a ForeignKey or ForeignKeyConstraint, or specify a 'primaryjoin' expression.

2026-04-03 10:15:30 - tczq_data - ERROR - 处理联赛名称时出错：Traceback (most recent call last):
  File "E:\my_prog\zqgetdata\app\common\_utils.py", line 164, in handle_league_name
    league = localdb.query(League).filter_by(league_name=league_name).first()
             ~~~~~~~~~~~~~^^^^^^^^
  File "E:\my_prog\zqgetdata\app\database\db_core.py", line 135, in query
    raise e
  File "E:\my_prog\zqgetdata\app\database\db_core.py", line 113, in query
    da = self.session.query(obj)
  File "E:\my_prog\zqgetdata\.venv\Lib\site-packages\sqlalchemy\orm\session.py", line 2941, in query
    return self._query_cls(entities, self, **kwargs)
           ~~~~~~~~~~~~~~~^^^^^^^^^^^^^^^^^^^^^^^^^^
  File "E:\my_prog\zqgetdata\.venv\Lib\site-packages\sqlalchemy\orm\query.py", line 276, in __init__
    self._set_entities(entities)
    ~~~~~~~~~~~~~~~~~~^^^^^^^^^^
  File "E:\my_prog\zqgetdata\.venv\Lib\site-packages\sqlalchemy\orm\query.py", line 289, in _set_entities
    coercions.expect(
    ~~~~~~~~~~~~~~~~^
        roles.ColumnsClauseRole,
        ^^^^^^^^^^^^^^^^^^^^^^^^
    ...<2 lines>...
        post_inspect=True,
        ^^^^^^^^^^^^^^^^^^
    )
    ^
  File "E:\my_prog\zqgetdata\.venv\Lib\site-packages\sqlalchemy\sql\coercions.py", line 389, in expect
    insp._post_inspect
  File "E:\my_prog\zqgetdata\.venv\Lib\site-packages\sqlalchemy\util\langhelpers.py", line 1338, in __get__
    obj.__dict__[self.__name__] = result = self.fget(obj)
                                           ~~~~~~~~~^^^^^
  File "E:\my_prog\zqgetdata\.venv\Lib\site-packages\sqlalchemy\orm\mapper.py", line 2733, in _post_inspect
    self._check_configure()
    ~~~~~~~~~~~~~~~~~~~~~^^
  File "E:\my_prog\zqgetdata\.venv\Lib\site-packages\sqlalchemy\orm\mapper.py", line 2410, in _check_configure
    _configure_registries({self.registry}, cascade=True)
    ~~~~~~~~~~~~~~~~~~~~~^^^^^^^^^^^^^^^^^^^^^^^^^^^^^^^
  File "E:\my_prog\zqgetdata\.venv\Lib\site-packages\sqlalchemy\orm\mapper.py", line 4227, in _configure_registries
    _do_configure_registries(registries, cascade)
    ~~~~~~~~~~~~~~~~~~~~~~~~^^^^^^^^^^^^^^^^^^^^^
  File "E:\my_prog\zqgetdata\.venv\Lib\site-packages\sqlalchemy\orm\mapper.py", line 4264, in _do_configure_registries
    raise e
sqlalchemy.exc.InvalidRequestError: One or more mappers failed to initialize - can't proceed with initialization of other mappers. Triggering mapper: 'Mapper[TczqMatch(tczq_match)]'. Original exception was: Could not determine join condition between parent/child tables on relationship TczqMatch.spf - there are no foreign keys linking these tables.  Ensure that referencing columns are associated with a ForeignKey or ForeignKeyConstraint, or specify a 'primaryjoin' expression.

2026-04-03 10:15:30 - tczq_data - ERROR - 处理联赛名称时出错：Traceback (most recent call last):
  File "E:\my_prog\zqgetdata\app\common\_utils.py", line 164, in handle_league_name
    league = localdb.query(League).filter_by(league_name=league_name).first()
             ~~~~~~~~~~~~~^^^^^^^^
  File "E:\my_prog\zqgetdata\app\database\db_core.py", line 135, in query
    raise e
  File "E:\my_prog\zqgetdata\app\database\db_core.py", line 113, in query
    da = self.session.query(obj)
  File "E:\my_prog\zqgetdata\.venv\Lib\site-packages\sqlalchemy\orm\session.py", line 2941, in query
    return self._query_cls(entities, self, **kwargs)
           ~~~~~~~~~~~~~~~^^^^^^^^^^^^^^^^^^^^^^^^^^
  File "E:\my_prog\zqgetdata\.venv\Lib\site-packages\sqlalchemy\orm\query.py", line 276, in __init__
    self._set_entities(entities)
    ~~~~~~~~~~~~~~~~~~^^^^^^^^^^
  File "E:\my_prog\zqgetdata\.venv\Lib\site-packages\sqlalchemy\orm\query.py", line 289, in _set_entities
    coercions.expect(
    ~~~~~~~~~~~~~~~~^
        roles.ColumnsClauseRole,
        ^^^^^^^^^^^^^^^^^^^^^^^^
    ...<2 lines>...
        post_inspect=True,
        ^^^^^^^^^^^^^^^^^^
    )
    ^
  File "E:\my_prog\zqgetdata\.venv\Lib\site-packages\sqlalchemy\sql\coercions.py", line 389, in expect
    insp._post_inspect
  File "E:\my_prog\zqgetdata\.venv\Lib\site-packages\sqlalchemy\util\langhelpers.py", line 1338, in __get__
    obj.__dict__[self.__name__] = result = self.fget(obj)
                                           ~~~~~~~~~^^^^^
  File "E:\my_prog\zqgetdata\.venv\Lib\site-packages\sqlalchemy\orm\mapper.py", line 2733, in _post_inspect
    self._check_configure()
    ~~~~~~~~~~~~~~~~~~~~~^^
  File "E:\my_prog\zqgetdata\.venv\Lib\site-packages\sqlalchemy\orm\mapper.py", line 2410, in _check_configure
    _configure_registries({self.registry}, cascade=True)
    ~~~~~~~~~~~~~~~~~~~~~^^^^^^^^^^^^^^^^^^^^^^^^^^^^^^^
  File "E:\my_prog\zqgetdata\.venv\Lib\site-packages\sqlalchemy\orm\mapper.py", line 4227, in _configure_registries
    _do_configure_registries(registries, cascade)
    ~~~~~~~~~~~~~~~~~~~~~~~~^^^^^^^^^^^^^^^^^^^^^
  File "E:\my_prog\zqgetdata\.venv\Lib\site-packages\sqlalchemy\orm\mapper.py", line 4264, in _do_configure_registries
    raise e
sqlalchemy.exc.InvalidRequestError: One or more mappers failed to initialize - can't proceed with initialization of other mappers. Triggering mapper: 'Mapper[TczqMatch(tczq_match)]'. Original exception was: Could not determine join condition between parent/child tables on relationship TczqMatch.spf - there are no foreign keys linking these tables.  Ensure that referencing columns are associated with a ForeignKey or ForeignKeyConstraint, or specify a 'primaryjoin' expression.

2026-04-03 10:15:30 - tczq_data - ERROR - 处理联赛名称时出错：Traceback (most recent call last):
  File "E:\my_prog\zqgetdata\app\common\_utils.py", line 164, in handle_league_name
    league = localdb.query(League).filter_by(league_name=league_name).first()
             ~~~~~~~~~~~~~^^^^^^^^
  File "E:\my_prog\zqgetdata\app\database\db_core.py", line 135, in query
    raise e
  File "E:\my_prog\zqgetdata\app\database\db_core.py", line 113, in query
    da = self.session.query(obj)
  File "E:\my_prog\zqgetdata\.venv\Lib\site-packages\sqlalchemy\orm\session.py", line 2941, in query
    return self._query_cls(entities, self, **kwargs)
           ~~~~~~~~~~~~~~~^^^^^^^^^^^^^^^^^^^^^^^^^^
  File "E:\my_prog\zqgetdata\.venv\Lib\site-packages\sqlalchemy\orm\query.py", line 276, in __init__
    self._set_entities(entities)
    ~~~~~~~~~~~~~~~~~~^^^^^^^^^^
  File "E:\my_prog\zqgetdata\.venv\Lib\site-packages\sqlalchemy\orm\query.py", line 289, in _set_entities
    coercions.expect(
    ~~~~~~~~~~~~~~~~^
        roles.ColumnsClauseRole,
        ^^^^^^^^^^^^^^^^^^^^^^^^
    ...<2 lines>...
        post_inspect=True,
        ^^^^^^^^^^^^^^^^^^
    )
    ^
  File "E:\my_prog\zqgetdata\.venv\Lib\site-packages\sqlalchemy\sql\coercions.py", line 389, in expect
    insp._post_inspect
  File "E:\my_prog\zqgetdata\.venv\Lib\site-packages\sqlalchemy\util\langhelpers.py", line 1338, in __get__
    obj.__dict__[self.__name__] = result = self.fget(obj)
                                           ~~~~~~~~~^^^^^
  File "E:\my_prog\zqgetdata\.venv\Lib\site-packages\sqlalchemy\orm\mapper.py", line 2733, in _post_inspect
    self._check_configure()
    ~~~~~~~~~~~~~~~~~~~~~^^
  File "E:\my_prog\zqgetdata\.venv\Lib\site-packages\sqlalchemy\orm\mapper.py", line 2410, in _check_configure
    _configure_registries({self.registry}, cascade=True)
    ~~~~~~~~~~~~~~~~~~~~~^^^^^^^^^^^^^^^^^^^^^^^^^^^^^^^
  File "E:\my_prog\zqgetdata\.venv\Lib\site-packages\sqlalchemy\orm\mapper.py", line 4227, in _configure_registries
    _do_configure_registries(registries, cascade)
    ~~~~~~~~~~~~~~~~~~~~~~~~^^^^^^^^^^^^^^^^^^^^^
  File "E:\my_prog\zqgetdata\.venv\Lib\site-packages\sqlalchemy\orm\mapper.py", line 4264, in _do_configure_registries
    raise e
sqlalchemy.exc.InvalidRequestError: One or more mappers failed to initialize - can't proceed with initialization of other mappers. Triggering mapper: 'Mapper[TczqMatch(tczq_match)]'. Original exception was: Could not determine join condition between parent/child tables on relationship TczqMatch.spf - there are no foreign keys linking these tables.  Ensure that referencing columns are associated with a ForeignKey or ForeignKeyConstraint, or specify a 'primaryjoin' expression.

2026-04-03 10:15:30 - tczq_data - ERROR - 处理联赛名称时出错：Traceback (most recent call last):
  File "E:\my_prog\zqgetdata\app\common\_utils.py", line 164, in handle_league_name
    league = localdb.query(League).filter_by(league_name=league_name).first()
             ~~~~~~~~~~~~~^^^^^^^^
  File "E:\my_prog\zqgetdata\app\database\db_core.py", line 135, in query
    raise e
  File "E:\my_prog\zqgetdata\app\database\db_core.py", line 113, in query
    da = self.session.query(obj)
  File "E:\my_prog\zqgetdata\.venv\Lib\site-packages\sqlalchemy\orm\session.py", line 2941, in query
    return self._query_cls(entities, self, **kwargs)
           ~~~~~~~~~~~~~~~^^^^^^^^^^^^^^^^^^^^^^^^^^
  File "E:\my_prog\zqgetdata\.venv\Lib\site-packages\sqlalchemy\orm\query.py", line 276, in __init__
    self._set_entities(entities)
    ~~~~~~~~~~~~~~~~~~^^^^^^^^^^
  File "E:\my_prog\zqgetdata\.venv\Lib\site-packages\sqlalchemy\orm\query.py", line 289, in _set_entities
    coercions.expect(
    ~~~~~~~~~~~~~~~~^
        roles.ColumnsClauseRole,
        ^^^^^^^^^^^^^^^^^^^^^^^^
    ...<2 lines>...
        post_inspect=True,
        ^^^^^^^^^^^^^^^^^^
    )
    ^
  File "E:\my_prog\zqgetdata\.venv\Lib\site-packages\sqlalchemy\sql\coercions.py", line 389, in expect
    insp._post_inspect
  File "E:\my_prog\zqgetdata\.venv\Lib\site-packages\sqlalchemy\util\langhelpers.py", line 1338, in __get__
    obj.__dict__[self.__name__] = result = self.fget(obj)
                                           ~~~~~~~~~^^^^^
  File "E:\my_prog\zqgetdata\.venv\Lib\site-packages\sqlalchemy\orm\mapper.py", line 2733, in _post_inspect
    self._check_configure()
    ~~~~~~~~~~~~~~~~~~~~~^^
  File "E:\my_prog\zqgetdata\.venv\Lib\site-packages\sqlalchemy\orm\mapper.py", line 2410, in _check_configure
    _configure_registries({self.registry}, cascade=True)
    ~~~~~~~~~~~~~~~~~~~~~^^^^^^^^^^^^^^^^^^^^^^^^^^^^^^^
  File "E:\my_prog\zqgetdata\.venv\Lib\site-packages\sqlalchemy\orm\mapper.py", line 4227, in _configure_registries
    _do_configure_registries(registries, cascade)
    ~~~~~~~~~~~~~~~~~~~~~~~~^^^^^^^^^^^^^^^^^^^^^
  File "E:\my_prog\zqgetdata\.venv\Lib\site-packages\sqlalchemy\orm\mapper.py", line 4264, in _do_configure_registries
    raise e
sqlalchemy.exc.InvalidRequestError: One or more mappers failed to initialize - can't proceed with initialization of other mappers. Triggering mapper: 'Mapper[TczqMatch(tczq_match)]'. Original exception was: Could not determine join condition between parent/child tables on relationship TczqMatch.spf - there are no foreign keys linking these tables.  Ensure that referencing columns are associated with a ForeignKey or ForeignKeyConstraint, or specify a 'primaryjoin' expression.

2026-04-03 10:15:30 - tczq_data - ERROR - 处理联赛名称时出错：Traceback (most recent call last):
  File "E:\my_prog\zqgetdata\app\common\_utils.py", line 164, in handle_league_name
    league = localdb.query(League).filter_by(league_name=league_name).first()
             ~~~~~~~~~~~~~^^^^^^^^
  File "E:\my_prog\zqgetdata\app\database\db_core.py", line 135, in query
    raise e
  File "E:\my_prog\zqgetdata\app\database\db_core.py", line 113, in query
    da = self.session.query(obj)
  File "E:\my_prog\zqgetdata\.venv\Lib\site-packages\sqlalchemy\orm\session.py", line 2941, in query
    return self._query_cls(entities, self, **kwargs)
           ~~~~~~~~~~~~~~~^^^^^^^^^^^^^^^^^^^^^^^^^^
  File "E:\my_prog\zqgetdata\.venv\Lib\site-packages\sqlalchemy\orm\query.py", line 276, in __init__
    self._set_entities(entities)
    ~~~~~~~~~~~~~~~~~~^^^^^^^^^^
  File "E:\my_prog\zqgetdata\.venv\Lib\site-packages\sqlalchemy\orm\query.py", line 289, in _set_entities
    coercions.expect(
    ~~~~~~~~~~~~~~~~^
        roles.ColumnsClauseRole,
        ^^^^^^^^^^^^^^^^^^^^^^^^
    ...<2 lines>...
        post_inspect=True,
        ^^^^^^^^^^^^^^^^^^
    )
    ^
  File "E:\my_prog\zqgetdata\.venv\Lib\site-packages\sqlalchemy\sql\coercions.py", line 389, in expect
    insp._post_inspect
  File "E:\my_prog\zqgetdata\.venv\Lib\site-packages\sqlalchemy\util\langhelpers.py", line 1338, in __get__
    obj.__dict__[self.__name__] = result = self.fget(obj)
                                           ~~~~~~~~~^^^^^
  File "E:\my_prog\zqgetdata\.venv\Lib\site-packages\sqlalchemy\orm\mapper.py", line 2733, in _post_inspect
    self._check_configure()
    ~~~~~~~~~~~~~~~~~~~~~^^
  File "E:\my_prog\zqgetdata\.venv\Lib\site-packages\sqlalchemy\orm\mapper.py", line 2410, in _check_configure
    _configure_registries({self.registry}, cascade=True)
    ~~~~~~~~~~~~~~~~~~~~~^^^^^^^^^^^^^^^^^^^^^^^^^^^^^^^
  File "E:\my_prog\zqgetdata\.venv\Lib\site-packages\sqlalchemy\orm\mapper.py", line 4227, in _configure_registries
    _do_configure_registries(registries, cascade)
    ~~~~~~~~~~~~~~~~~~~~~~~~^^^^^^^^^^^^^^^^^^^^^
  File "E:\my_prog\zqgetdata\.venv\Lib\site-packages\sqlalchemy\orm\mapper.py", line 4264, in _do_configure_registries
    raise e
sqlalchemy.exc.InvalidRequestError: One or more mappers failed to initialize - can't proceed with initialization of other mappers. Triggering mapper: 'Mapper[TczqMatch(tczq_match)]'. Original exception was: Could not determine join condition between parent/child tables on relationship TczqMatch.spf - there are no foreign keys linking these tables.  Ensure that referencing columns are associated with a ForeignKey or ForeignKeyConstraint, or specify a 'primaryjoin' expression.

2026-04-03 10:15:30 - tczq_data - ERROR - 处理联赛名称时出错：Traceback (most recent call last):
  File "E:\my_prog\zqgetdata\app\common\_utils.py", line 164, in handle_league_name
    league = localdb.query(League).filter_by(league_name=league_name).first()
             ~~~~~~~~~~~~~^^^^^^^^
  File "E:\my_prog\zqgetdata\app\database\db_core.py", line 135, in query
    raise e
  File "E:\my_prog\zqgetdata\app\database\db_core.py", line 113, in query
    da = self.session.query(obj)
  File "E:\my_prog\zqgetdata\.venv\Lib\site-packages\sqlalchemy\orm\session.py", line 2941, in query
    return self._query_cls(entities, self, **kwargs)
           ~~~~~~~~~~~~~~~^^^^^^^^^^^^^^^^^^^^^^^^^^
  File "E:\my_prog\zqgetdata\.venv\Lib\site-packages\sqlalchemy\orm\query.py", line 276, in __init__
    self._set_entities(entities)
    ~~~~~~~~~~~~~~~~~~^^^^^^^^^^
  File "E:\my_prog\zqgetdata\.venv\Lib\site-packages\sqlalchemy\orm\query.py", line 289, in _set_entities
    coercions.expect(
    ~~~~~~~~~~~~~~~~^
        roles.ColumnsClauseRole,
        ^^^^^^^^^^^^^^^^^^^^^^^^
    ...<2 lines>...
        post_inspect=True,
        ^^^^^^^^^^^^^^^^^^
    )
    ^
  File "E:\my_prog\zqgetdata\.venv\Lib\site-packages\sqlalchemy\sql\coercions.py", line 389, in expect
    insp._post_inspect
  File "E:\my_prog\zqgetdata\.venv\Lib\site-packages\sqlalchemy\util\langhelpers.py", line 1338, in __get__
    obj.__dict__[self.__name__] = result = self.fget(obj)
                                           ~~~~~~~~~^^^^^
  File "E:\my_prog\zqgetdata\.venv\Lib\site-packages\sqlalchemy\orm\mapper.py", line 2733, in _post_inspect
    self._check_configure()
    ~~~~~~~~~~~~~~~~~~~~~^^
  File "E:\my_prog\zqgetdata\.venv\Lib\site-packages\sqlalchemy\orm\mapper.py", line 2410, in _check_configure
    _configure_registries({self.registry}, cascade=True)
    ~~~~~~~~~~~~~~~~~~~~~^^^^^^^^^^^^^^^^^^^^^^^^^^^^^^^
  File "E:\my_prog\zqgetdata\.venv\Lib\site-packages\sqlalchemy\orm\mapper.py", line 4227, in _configure_registries
    _do_configure_registries(registries, cascade)
    ~~~~~~~~~~~~~~~~~~~~~~~~^^^^^^^^^^^^^^^^^^^^^
  File "E:\my_prog\zqgetdata\.venv\Lib\site-packages\sqlalchemy\orm\mapper.py", line 4264, in _do_configure_registries
    raise e
sqlalchemy.exc.InvalidRequestError: One or more mappers failed to initialize - can't proceed with initialization of other mappers. Triggering mapper: 'Mapper[TczqMatch(tczq_match)]'. Original exception was: Could not determine join condition between parent/child tables on relationship TczqMatch.spf - there are no foreign keys linking these tables.  Ensure that referencing columns are associated with a ForeignKey or ForeignKeyConstraint, or specify a 'primaryjoin' expression.

2026-04-03 10:15:30 - tczq_data - ERROR - 处理联赛名称时出错：Traceback (most recent call last):
  File "E:\my_prog\zqgetdata\app\common\_utils.py", line 164, in handle_league_name
    league = localdb.query(League).filter_by(league_name=league_name).first()
             ~~~~~~~~~~~~~^^^^^^^^
  File "E:\my_prog\zqgetdata\app\database\db_core.py", line 135, in query
    raise e
  File "E:\my_prog\zqgetdata\app\database\db_core.py", line 113, in query
    da = self.session.query(obj)
  File "E:\my_prog\zqgetdata\.venv\Lib\site-packages\sqlalchemy\orm\session.py", line 2941, in query
    return self._query_cls(entities, self, **kwargs)
           ~~~~~~~~~~~~~~~^^^^^^^^^^^^^^^^^^^^^^^^^^
  File "E:\my_prog\zqgetdata\.venv\Lib\site-packages\sqlalchemy\orm\query.py", line 276, in __init__
    self._set_entities(entities)
    ~~~~~~~~~~~~~~~~~~^^^^^^^^^^
  File "E:\my_prog\zqgetdata\.venv\Lib\site-packages\sqlalchemy\orm\query.py", line 289, in _set_entities
    coercions.expect(
    ~~~~~~~~~~~~~~~~^
        roles.ColumnsClauseRole,
        ^^^^^^^^^^^^^^^^^^^^^^^^
    ...<2 lines>...
        post_inspect=True,
        ^^^^^^^^^^^^^^^^^^
    )
    ^
  File "E:\my_prog\zqgetdata\.venv\Lib\site-packages\sqlalchemy\sql\coercions.py", line 389, in expect
    insp._post_inspect
  File "E:\my_prog\zqgetdata\.venv\Lib\site-packages\sqlalchemy\util\langhelpers.py", line 1338, in __get__
    obj.__dict__[self.__name__] = result = self.fget(obj)
                                           ~~~~~~~~~^^^^^
  File "E:\my_prog\zqgetdata\.venv\Lib\site-packages\sqlalchemy\orm\mapper.py", line 2733, in _post_inspect
    self._check_configure()
    ~~~~~~~~~~~~~~~~~~~~~^^
  File "E:\my_prog\zqgetdata\.venv\Lib\site-packages\sqlalchemy\orm\mapper.py", line 2410, in _check_configure
    _configure_registries({self.registry}, cascade=True)
    ~~~~~~~~~~~~~~~~~~~~~^^^^^^^^^^^^^^^^^^^^^^^^^^^^^^^
  File "E:\my_prog\zqgetdata\.venv\Lib\site-packages\sqlalchemy\orm\mapper.py", line 4227, in _configure_registries
    _do_configure_registries(registries, cascade)
    ~~~~~~~~~~~~~~~~~~~~~~~~^^^^^^^^^^^^^^^^^^^^^
  File "E:\my_prog\zqgetdata\.venv\Lib\site-packages\sqlalchemy\orm\mapper.py", line 4264, in _do_configure_registries
    raise e
sqlalchemy.exc.InvalidRequestError: One or more mappers failed to initialize - can't proceed with initialization of other mappers. Triggering mapper: 'Mapper[TczqMatch(tczq_match)]'. Original exception was: Could not determine join condition between parent/child tables on relationship TczqMatch.spf - there are no foreign keys linking these tables.  Ensure that referencing columns are associated with a ForeignKey or ForeignKeyConstraint, or specify a 'primaryjoin' expression.

2026-04-03 10:15:30 - tczq_data - ERROR - 处理联赛名称时出错：Traceback (most recent call last):
  File "E:\my_prog\zqgetdata\app\common\_utils.py", line 164, in handle_league_name
    league = localdb.query(League).filter_by(league_name=league_name).first()
             ~~~~~~~~~~~~~^^^^^^^^
  File "E:\my_prog\zqgetdata\app\database\db_core.py", line 135, in query
    raise e
  File "E:\my_prog\zqgetdata\app\database\db_core.py", line 113, in query
    da = self.session.query(obj)
  File "E:\my_prog\zqgetdata\.venv\Lib\site-packages\sqlalchemy\orm\session.py", line 2941, in query
    return self._query_cls(entities, self, **kwargs)
           ~~~~~~~~~~~~~~~^^^^^^^^^^^^^^^^^^^^^^^^^^
  File "E:\my_prog\zqgetdata\.venv\Lib\site-packages\sqlalchemy\orm\query.py", line 276, in __init__
    self._set_entities(entities)
    ~~~~~~~~~~~~~~~~~~^^^^^^^^^^
  File "E:\my_prog\zqgetdata\.venv\Lib\site-packages\sqlalchemy\orm\query.py", line 289, in _set_entities
    coercions.expect(
    ~~~~~~~~~~~~~~~~^
        roles.ColumnsClauseRole,
        ^^^^^^^^^^^^^^^^^^^^^^^^
    ...<2 lines>...
        post_inspect=True,
        ^^^^^^^^^^^^^^^^^^
    )
    ^
  File "E:\my_prog\zqgetdata\.venv\Lib\site-packages\sqlalchemy\sql\coercions.py", line 389, in expect
    insp._post_inspect
  File "E:\my_prog\zqgetdata\.venv\Lib\site-packages\sqlalchemy\util\langhelpers.py", line 1338, in __get__
    obj.__dict__[self.__name__] = result = self.fget(obj)
                                           ~~~~~~~~~^^^^^
  File "E:\my_prog\zqgetdata\.venv\Lib\site-packages\sqlalchemy\orm\mapper.py", line 2733, in _post_inspect
    self._check_configure()
    ~~~~~~~~~~~~~~~~~~~~~^^
  File "E:\my_prog\zqgetdata\.venv\Lib\site-packages\sqlalchemy\orm\mapper.py", line 2410, in _check_configure
    _configure_registries({self.registry}, cascade=True)
    ~~~~~~~~~~~~~~~~~~~~~^^^^^^^^^^^^^^^^^^^^^^^^^^^^^^^
  File "E:\my_prog\zqgetdata\.venv\Lib\site-packages\sqlalchemy\orm\mapper.py", line 4227, in _configure_registries
    _do_configure_registries(registries, cascade)
    ~~~~~~~~~~~~~~~~~~~~~~~~^^^^^^^^^^^^^^^^^^^^^
  File "E:\my_prog\zqgetdata\.venv\Lib\site-packages\sqlalchemy\orm\mapper.py", line 4264, in _do_configure_registries
    raise e
sqlalchemy.exc.InvalidRequestError: One or more mappers failed to initialize - can't proceed with initialization of other mappers. Triggering mapper: 'Mapper[TczqMatch(tczq_match)]'. Original exception was: Could not determine join condition between parent/child tables on relationship TczqMatch.spf - there are no foreign keys linking these tables.  Ensure that referencing columns are associated with a ForeignKey or ForeignKeyConstraint, or specify a 'primaryjoin' expression.

2026-04-03 10:15:30 - tczq_data - ERROR - 处理联赛名称时出错：Traceback (most recent call last):
  File "E:\my_prog\zqgetdata\app\common\_utils.py", line 164, in handle_league_name
    league = localdb.query(League).filter_by(league_name=league_name).first()
             ~~~~~~~~~~~~~^^^^^^^^
  File "E:\my_prog\zqgetdata\app\database\db_core.py", line 135, in query
    raise e
  File "E:\my_prog\zqgetdata\app\database\db_core.py", line 113, in query
    da = self.session.query(obj)
  File "E:\my_prog\zqgetdata\.venv\Lib\site-packages\sqlalchemy\orm\session.py", line 2941, in query
    return self._query_cls(entities, self, **kwargs)
           ~~~~~~~~~~~~~~~^^^^^^^^^^^^^^^^^^^^^^^^^^
  File "E:\my_prog\zqgetdata\.venv\Lib\site-packages\sqlalchemy\orm\query.py", line 276, in __init__
    self._set_entities(entities)
    ~~~~~~~~~~~~~~~~~~^^^^^^^^^^
  File "E:\my_prog\zqgetdata\.venv\Lib\site-packages\sqlalchemy\orm\query.py", line 289, in _set_entities
    coercions.expect(
    ~~~~~~~~~~~~~~~~^
        roles.ColumnsClauseRole,
        ^^^^^^^^^^^^^^^^^^^^^^^^
    ...<2 lines>...
        post_inspect=True,
        ^^^^^^^^^^^^^^^^^^
    )
    ^
  File "E:\my_prog\zqgetdata\.venv\Lib\site-packages\sqlalchemy\sql\coercions.py", line 389, in expect
    insp._post_inspect
  File "E:\my_prog\zqgetdata\.venv\Lib\site-packages\sqlalchemy\util\langhelpers.py", line 1338, in __get__
    obj.__dict__[self.__name__] = result = self.fget(obj)
                                           ~~~~~~~~~^^^^^
  File "E:\my_prog\zqgetdata\.venv\Lib\site-packages\sqlalchemy\orm\mapper.py", line 2733, in _post_inspect
    self._check_configure()
    ~~~~~~~~~~~~~~~~~~~~~^^
  File "E:\my_prog\zqgetdata\.venv\Lib\site-packages\sqlalchemy\orm\mapper.py", line 2410, in _check_configure
    _configure_registries({self.registry}, cascade=True)
    ~~~~~~~~~~~~~~~~~~~~~^^^^^^^^^^^^^^^^^^^^^^^^^^^^^^^
  File "E:\my_prog\zqgetdata\.venv\Lib\site-packages\sqlalchemy\orm\mapper.py", line 4227, in _configure_registries
    _do_configure_registries(registries, cascade)
    ~~~~~~~~~~~~~~~~~~~~~~~~^^^^^^^^^^^^^^^^^^^^^
  File "E:\my_prog\zqgetdata\.venv\Lib\site-packages\sqlalchemy\orm\mapper.py", line 4264, in _do_configure_registries
    raise e
sqlalchemy.exc.InvalidRequestError: One or more mappers failed to initialize - can't proceed with initialization of other mappers. Triggering mapper: 'Mapper[TczqMatch(tczq_match)]'. Original exception was: Could not determine join condition between parent/child tables on relationship TczqMatch.spf - there are no foreign keys linking these tables.  Ensure that referencing columns are associated with a ForeignKey or ForeignKeyConstraint, or specify a 'primaryjoin' expression.

2026-04-03 10:15:30 - tczq_data - ERROR - 处理联赛名称时出错：Traceback (most recent call last):
  File "E:\my_prog\zqgetdata\app\common\_utils.py", line 164, in handle_league_name
    league = localdb.query(League).filter_by(league_name=league_name).first()
             ~~~~~~~~~~~~~^^^^^^^^
  File "E:\my_prog\zqgetdata\app\database\db_core.py", line 135, in query
    raise e
  File "E:\my_prog\zqgetdata\app\database\db_core.py", line 113, in query
    da = self.session.query(obj)
  File "E:\my_prog\zqgetdata\.venv\Lib\site-packages\sqlalchemy\orm\session.py", line 2941, in query
    return self._query_cls(entities, self, **kwargs)
           ~~~~~~~~~~~~~~~^^^^^^^^^^^^^^^^^^^^^^^^^^
  File "E:\my_prog\zqgetdata\.venv\Lib\site-packages\sqlalchemy\orm\query.py", line 276, in __init__
    self._set_entities(entities)
    ~~~~~~~~~~~~~~~~~~^^^^^^^^^^
  File "E:\my_prog\zqgetdata\.venv\Lib\site-packages\sqlalchemy\orm\query.py", line 289, in _set_entities
    coercions.expect(
    ~~~~~~~~~~~~~~~~^
        roles.ColumnsClauseRole,
        ^^^^^^^^^^^^^^^^^^^^^^^^
    ...<2 lines>...
        post_inspect=True,
        ^^^^^^^^^^^^^^^^^^
    )
    ^
  File "E:\my_prog\zqgetdata\.venv\Lib\site-packages\sqlalchemy\sql\coercions.py", line 389, in expect
    insp._post_inspect
  File "E:\my_prog\zqgetdata\.venv\Lib\site-packages\sqlalchemy\util\langhelpers.py", line 1338, in __get__
    obj.__dict__[self.__name__] = result = self.fget(obj)
                                           ~~~~~~~~~^^^^^
  File "E:\my_prog\zqgetdata\.venv\Lib\site-packages\sqlalchemy\orm\mapper.py", line 2733, in _post_inspect
    self._check_configure()
    ~~~~~~~~~~~~~~~~~~~~~^^
  File "E:\my_prog\zqgetdata\.venv\Lib\site-packages\sqlalchemy\orm\mapper.py", line 2410, in _check_configure
    _configure_registries({self.registry}, cascade=True)
    ~~~~~~~~~~~~~~~~~~~~~^^^^^^^^^^^^^^^^^^^^^^^^^^^^^^^
  File "E:\my_prog\zqgetdata\.venv\Lib\site-packages\sqlalchemy\orm\mapper.py", line 4227, in _configure_registries
    _do_configure_registries(registries, cascade)
    ~~~~~~~~~~~~~~~~~~~~~~~~^^^^^^^^^^^^^^^^^^^^^
  File "E:\my_prog\zqgetdata\.venv\Lib\site-packages\sqlalchemy\orm\mapper.py", line 4264, in _do_configure_registries
    raise e
sqlalchemy.exc.InvalidRequestError: One or more mappers failed to initialize - can't proceed with initialization of other mappers. Triggering mapper: 'Mapper[TczqMatch(tczq_match)]'. Original exception was: Could not determine join condition between parent/child tables on relationship TczqMatch.spf - there are no foreign keys linking these tables.  Ensure that referencing columns are associated with a ForeignKey or ForeignKeyConstraint, or specify a 'primaryjoin' expression.

2026-04-03 10:15:30 - tczq_data - ERROR - 处理联赛名称时出错：Traceback (most recent call last):
  File "E:\my_prog\zqgetdata\app\common\_utils.py", line 164, in handle_league_name
    league = localdb.query(League).filter_by(league_name=league_name).first()
             ~~~~~~~~~~~~~^^^^^^^^
  File "E:\my_prog\zqgetdata\app\database\db_core.py", line 135, in query
    raise e
  File "E:\my_prog\zqgetdata\app\database\db_core.py", line 113, in query
    da = self.session.query(obj)
  File "E:\my_prog\zqgetdata\.venv\Lib\site-packages\sqlalchemy\orm\session.py", line 2941, in query
    return self._query_cls(entities, self, **kwargs)
           ~~~~~~~~~~~~~~~^^^^^^^^^^^^^^^^^^^^^^^^^^
  File "E:\my_prog\zqgetdata\.venv\Lib\site-packages\sqlalchemy\orm\query.py", line 276, in __init__
    self._set_entities(entities)
    ~~~~~~~~~~~~~~~~~~^^^^^^^^^^
  File "E:\my_prog\zqgetdata\.venv\Lib\site-packages\sqlalchemy\orm\query.py", line 289, in _set_entities
    coercions.expect(
    ~~~~~~~~~~~~~~~~^
        roles.ColumnsClauseRole,
        ^^^^^^^^^^^^^^^^^^^^^^^^
    ...<2 lines>...
        post_inspect=True,
        ^^^^^^^^^^^^^^^^^^
    )
    ^
  File "E:\my_prog\zqgetdata\.venv\Lib\site-packages\sqlalchemy\sql\coercions.py", line 389, in expect
    insp._post_inspect
  File "E:\my_prog\zqgetdata\.venv\Lib\site-packages\sqlalchemy\util\langhelpers.py", line 1338, in __get__
    obj.__dict__[self.__name__] = result = self.fget(obj)
                                           ~~~~~~~~~^^^^^
  File "E:\my_prog\zqgetdata\.venv\Lib\site-packages\sqlalchemy\orm\mapper.py", line 2733, in _post_inspect
    self._check_configure()
    ~~~~~~~~~~~~~~~~~~~~~^^
  File "E:\my_prog\zqgetdata\.venv\Lib\site-packages\sqlalchemy\orm\mapper.py", line 2410, in _check_configure
    _configure_registries({self.registry}, cascade=True)
    ~~~~~~~~~~~~~~~~~~~~~^^^^^^^^^^^^^^^^^^^^^^^^^^^^^^^
  File "E:\my_prog\zqgetdata\.venv\Lib\site-packages\sqlalchemy\orm\mapper.py", line 4227, in _configure_registries
    _do_configure_registries(registries, cascade)
    ~~~~~~~~~~~~~~~~~~~~~~~~^^^^^^^^^^^^^^^^^^^^^
  File "E:\my_prog\zqgetdata\.venv\Lib\site-packages\sqlalchemy\orm\mapper.py", line 4264, in _do_configure_registries
    raise e
sqlalchemy.exc.InvalidRequestError: One or more mappers failed to initialize - can't proceed with initialization of other mappers. Triggering mapper: 'Mapper[TczqMatch(tczq_match)]'. Original exception was: Could not determine join condition between parent/child tables on relationship TczqMatch.spf - there are no foreign keys linking these tables.  Ensure that referencing columns are associated with a ForeignKey or ForeignKeyConstraint, or specify a 'primaryjoin' expression.

2026-04-03 10:15:30 - tczq_data - ERROR - 处理联赛名称时出错：Traceback (most recent call last):
  File "E:\my_prog\zqgetdata\app\common\_utils.py", line 164, in handle_league_name
    league = localdb.query(League).filter_by(league_name=league_name).first()
             ~~~~~~~~~~~~~^^^^^^^^
  File "E:\my_prog\zqgetdata\app\database\db_core.py", line 135, in query
    raise e
  File "E:\my_prog\zqgetdata\app\database\db_core.py", line 113, in query
    da = self.session.query(obj)
  File "E:\my_prog\zqgetdata\.venv\Lib\site-packages\sqlalchemy\orm\session.py", line 2941, in query
    return self._query_cls(entities, self, **kwargs)
           ~~~~~~~~~~~~~~~^^^^^^^^^^^^^^^^^^^^^^^^^^
  File "E:\my_prog\zqgetdata\.venv\Lib\site-packages\sqlalchemy\orm\query.py", line 276, in __init__
    self._set_entities(entities)
    ~~~~~~~~~~~~~~~~~~^^^^^^^^^^
  File "E:\my_prog\zqgetdata\.venv\Lib\site-packages\sqlalchemy\orm\query.py", line 289, in _set_entities
    coercions.expect(
    ~~~~~~~~~~~~~~~~^
        roles.ColumnsClauseRole,
        ^^^^^^^^^^^^^^^^^^^^^^^^
    ...<2 lines>...
        post_inspect=True,
        ^^^^^^^^^^^^^^^^^^
    )
    ^
  File "E:\my_prog\zqgetdata\.venv\Lib\site-packages\sqlalchemy\sql\coercions.py", line 389, in expect
    insp._post_inspect
  File "E:\my_prog\zqgetdata\.venv\Lib\site-packages\sqlalchemy\util\langhelpers.py", line 1338, in __get__
    obj.__dict__[self.__name__] = result = self.fget(obj)
                                           ~~~~~~~~~^^^^^
  File "E:\my_prog\zqgetdata\.venv\Lib\site-packages\sqlalchemy\orm\mapper.py", line 2733, in _post_inspect
    self._check_configure()
    ~~~~~~~~~~~~~~~~~~~~~^^
  File "E:\my_prog\zqgetdata\.venv\Lib\site-packages\sqlalchemy\orm\mapper.py", line 2410, in _check_configure
    _configure_registries({self.registry}, cascade=True)
    ~~~~~~~~~~~~~~~~~~~~~^^^^^^^^^^^^^^^^^^^^^^^^^^^^^^^
  File "E:\my_prog\zqgetdata\.venv\Lib\site-packages\sqlalchemy\orm\mapper.py", line 4227, in _configure_registries
    _do_configure_registries(registries, cascade)
    ~~~~~~~~~~~~~~~~~~~~~~~~^^^^^^^^^^^^^^^^^^^^^
  File "E:\my_prog\zqgetdata\.venv\Lib\site-packages\sqlalchemy\orm\mapper.py", line 4264, in _do_configure_registries
    raise e
sqlalchemy.exc.InvalidRequestError: One or more mappers failed to initialize - can't proceed with initialization of other mappers. Triggering mapper: 'Mapper[TczqMatch(tczq_match)]'. Original exception was: Could not determine join condition between parent/child tables on relationship TczqMatch.spf - there are no foreign keys linking these tables.  Ensure that referencing columns are associated with a ForeignKey or ForeignKeyConstraint, or specify a 'primaryjoin' expression.

2026-04-03 10:15:30 - tczq_data - ERROR - 处理联赛名称时出错：Traceback (most recent call last):
  File "E:\my_prog\zqgetdata\app\common\_utils.py", line 164, in handle_league_name
    league = localdb.query(League).filter_by(league_name=league_name).first()
             ~~~~~~~~~~~~~^^^^^^^^
  File "E:\my_prog\zqgetdata\app\database\db_core.py", line 135, in query
    raise e
  File "E:\my_prog\zqgetdata\app\database\db_core.py", line 113, in query
    da = self.session.query(obj)
  File "E:\my_prog\zqgetdata\.venv\Lib\site-packages\sqlalchemy\orm\session.py", line 2941, in query
    return self._query_cls(entities, self, **kwargs)
           ~~~~~~~~~~~~~~~^^^^^^^^^^^^^^^^^^^^^^^^^^
  File "E:\my_prog\zqgetdata\.venv\Lib\site-packages\sqlalchemy\orm\query.py", line 276, in __init__
    self._set_entities(entities)
    ~~~~~~~~~~~~~~~~~~^^^^^^^^^^
  File "E:\my_prog\zqgetdata\.venv\Lib\site-packages\sqlalchemy\orm\query.py", line 289, in _set_entities
    coercions.expect(
    ~~~~~~~~~~~~~~~~^
        roles.ColumnsClauseRole,
        ^^^^^^^^^^^^^^^^^^^^^^^^
    ...<2 lines>...
        post_inspect=True,
        ^^^^^^^^^^^^^^^^^^
    )
    ^
  File "E:\my_prog\zqgetdata\.venv\Lib\site-packages\sqlalchemy\sql\coercions.py", line 389, in expect
    insp._post_inspect
  File "E:\my_prog\zqgetdata\.venv\Lib\site-packages\sqlalchemy\util\langhelpers.py", line 1338, in __get__
    obj.__dict__[self.__name__] = result = self.fget(obj)
                                           ~~~~~~~~~^^^^^
  File "E:\my_prog\zqgetdata\.venv\Lib\site-packages\sqlalchemy\orm\mapper.py", line 2733, in _post_inspect
    self._check_configure()
    ~~~~~~~~~~~~~~~~~~~~~^^
  File "E:\my_prog\zqgetdata\.venv\Lib\site-packages\sqlalchemy\orm\mapper.py", line 2410, in _check_configure
    _configure_registries({self.registry}, cascade=True)
    ~~~~~~~~~~~~~~~~~~~~~^^^^^^^^^^^^^^^^^^^^^^^^^^^^^^^
  File "E:\my_prog\zqgetdata\.venv\Lib\site-packages\sqlalchemy\orm\mapper.py", line 4227, in _configure_registries
    _do_configure_registries(registries, cascade)
    ~~~~~~~~~~~~~~~~~~~~~~~~^^^^^^^^^^^^^^^^^^^^^
  File "E:\my_prog\zqgetdata\.venv\Lib\site-packages\sqlalchemy\orm\mapper.py", line 4264, in _do_configure_registries
    raise e
sqlalchemy.exc.InvalidRequestError: One or more mappers failed to initialize - can't proceed with initialization of other mappers. Triggering mapper: 'Mapper[TczqMatch(tczq_match)]'. Original exception was: Could not determine join condition between parent/child tables on relationship TczqMatch.spf - there are no foreign keys linking these tables.  Ensure that referencing columns are associated with a ForeignKey or ForeignKeyConstraint, or specify a 'primaryjoin' expression.

2026-04-03 10:15:30 - tczq_data - ERROR - 处理联赛名称时出错：Traceback (most recent call last):
  File "E:\my_prog\zqgetdata\app\common\_utils.py", line 164, in handle_league_name
    league = localdb.query(League).filter_by(league_name=league_name).first()
             ~~~~~~~~~~~~~^^^^^^^^
  File "E:\my_prog\zqgetdata\app\database\db_core.py", line 135, in query
    raise e
  File "E:\my_prog\zqgetdata\app\database\db_core.py", line 113, in query
    da = self.session.query(obj)
  File "E:\my_prog\zqgetdata\.venv\Lib\site-packages\sqlalchemy\orm\session.py", line 2941, in query
    return self._query_cls(entities, self, **kwargs)
           ~~~~~~~~~~~~~~~^^^^^^^^^^^^^^^^^^^^^^^^^^
  File "E:\my_prog\zqgetdata\.venv\Lib\site-packages\sqlalchemy\orm\query.py", line 276, in __init__
    self._set_entities(entities)
    ~~~~~~~~~~~~~~~~~~^^^^^^^^^^
  File "E:\my_prog\zqgetdata\.venv\Lib\site-packages\sqlalchemy\orm\query.py", line 289, in _set_entities
    coercions.expect(
    ~~~~~~~~~~~~~~~~^
        roles.ColumnsClauseRole,
        ^^^^^^^^^^^^^^^^^^^^^^^^
    ...<2 lines>...
        post_inspect=True,
        ^^^^^^^^^^^^^^^^^^
    )
    ^
  File "E:\my_prog\zqgetdata\.venv\Lib\site-packages\sqlalchemy\sql\coercions.py", line 389, in expect
    insp._post_inspect
  File "E:\my_prog\zqgetdata\.venv\Lib\site-packages\sqlalchemy\util\langhelpers.py", line 1338, in __get__
    obj.__dict__[self.__name__] = result = self.fget(obj)
                                           ~~~~~~~~~^^^^^
  File "E:\my_prog\zqgetdata\.venv\Lib\site-packages\sqlalchemy\orm\mapper.py", line 2733, in _post_inspect
    self._check_configure()
    ~~~~~~~~~~~~~~~~~~~~~^^
  File "E:\my_prog\zqgetdata\.venv\Lib\site-packages\sqlalchemy\orm\mapper.py", line 2410, in _check_configure
    _configure_registries({self.registry}, cascade=True)
    ~~~~~~~~~~~~~~~~~~~~~^^^^^^^^^^^^^^^^^^^^^^^^^^^^^^^
  File "E:\my_prog\zqgetdata\.venv\Lib\site-packages\sqlalchemy\orm\mapper.py", line 4227, in _configure_registries
    _do_configure_registries(registries, cascade)
    ~~~~~~~~~~~~~~~~~~~~~~~~^^^^^^^^^^^^^^^^^^^^^
  File "E:\my_prog\zqgetdata\.venv\Lib\site-packages\sqlalchemy\orm\mapper.py", line 4264, in _do_configure_registries
    raise e
sqlalchemy.exc.InvalidRequestError: One or more mappers failed to initialize - can't proceed with initialization of other mappers. Triggering mapper: 'Mapper[TczqMatch(tczq_match)]'. Original exception was: Could not determine join condition between parent/child tables on relationship TczqMatch.spf - there are no foreign keys linking these tables.  Ensure that referencing columns are associated with a ForeignKey or ForeignKeyConstraint, or specify a 'primaryjoin' expression.

2026-04-03 10:15:30 - tczq_data - ERROR - 处理联赛名称时出错：Traceback (most recent call last):
  File "E:\my_prog\zqgetdata\app\common\_utils.py", line 164, in handle_league_name
    league = localdb.query(League).filter_by(league_name=league_name).first()
             ~~~~~~~~~~~~~^^^^^^^^
  File "E:\my_prog\zqgetdata\app\database\db_core.py", line 135, in query
    raise e
  File "E:\my_prog\zqgetdata\app\database\db_core.py", line 113, in query
    da = self.session.query(obj)
  File "E:\my_prog\zqgetdata\.venv\Lib\site-packages\sqlalchemy\orm\session.py", line 2941, in query
    return self._query_cls(entities, self, **kwargs)
           ~~~~~~~~~~~~~~~^^^^^^^^^^^^^^^^^^^^^^^^^^
  File "E:\my_prog\zqgetdata\.venv\Lib\site-packages\sqlalchemy\orm\query.py", line 276, in __init__
    self._set_entities(entities)
    ~~~~~~~~~~~~~~~~~~^^^^^^^^^^
  File "E:\my_prog\zqgetdata\.venv\Lib\site-packages\sqlalchemy\orm\query.py", line 289, in _set_entities
    coercions.expect(
    ~~~~~~~~~~~~~~~~^
        roles.ColumnsClauseRole,
        ^^^^^^^^^^^^^^^^^^^^^^^^
    ...<2 lines>...
        post_inspect=True,
        ^^^^^^^^^^^^^^^^^^
    )
    ^
  File "E:\my_prog\zqgetdata\.venv\Lib\site-packages\sqlalchemy\sql\coercions.py", line 389, in expect
    insp._post_inspect
  File "E:\my_prog\zqgetdata\.venv\Lib\site-packages\sqlalchemy\util\langhelpers.py", line 1338, in __get__
    obj.__dict__[self.__name__] = result = self.fget(obj)
                                           ~~~~~~~~~^^^^^
  File "E:\my_prog\zqgetdata\.venv\Lib\site-packages\sqlalchemy\orm\mapper.py", line 2733, in _post_inspect
    self._check_configure()
    ~~~~~~~~~~~~~~~~~~~~~^^
  File "E:\my_prog\zqgetdata\.venv\Lib\site-packages\sqlalchemy\orm\mapper.py", line 2410, in _check_configure
    _configure_registries({self.registry}, cascade=True)
    ~~~~~~~~~~~~~~~~~~~~~^^^^^^^^^^^^^^^^^^^^^^^^^^^^^^^
  File "E:\my_prog\zqgetdata\.venv\Lib\site-packages\sqlalchemy\orm\mapper.py", line 4227, in _configure_registries
    _do_configure_registries(registries, cascade)
    ~~~~~~~~~~~~~~~~~~~~~~~~^^^^^^^^^^^^^^^^^^^^^
  File "E:\my_prog\zqgetdata\.venv\Lib\site-packages\sqlalchemy\orm\mapper.py", line 4264, in _do_configure_registries
    raise e
sqlalchemy.exc.InvalidRequestError: One or more mappers failed to initialize - can't proceed with initialization of other mappers. Triggering mapper: 'Mapper[TczqMatch(tczq_match)]'. Original exception was: Could not determine join condition between parent/child tables on relationship TczqMatch.spf - there are no foreign keys linking these tables.  Ensure that referencing columns are associated with a ForeignKey or ForeignKeyConstraint, or specify a 'primaryjoin' expression.

2026-04-03 10:15:30 - tczq_data - ERROR - 处理联赛名称时出错：Traceback (most recent call last):
  File "E:\my_prog\zqgetdata\app\common\_utils.py", line 164, in handle_league_name
    league = localdb.query(League).filter_by(league_name=league_name).first()
             ~~~~~~~~~~~~~^^^^^^^^
  File "E:\my_prog\zqgetdata\app\database\db_core.py", line 135, in query
    raise e
  File "E:\my_prog\zqgetdata\app\database\db_core.py", line 113, in query
    da = self.session.query(obj)
  File "E:\my_prog\zqgetdata\.venv\Lib\site-packages\sqlalchemy\orm\session.py", line 2941, in query
    return self._query_cls(entities, self, **kwargs)
           ~~~~~~~~~~~~~~~^^^^^^^^^^^^^^^^^^^^^^^^^^
  File "E:\my_prog\zqgetdata\.venv\Lib\site-packages\sqlalchemy\orm\query.py", line 276, in __init__
    self._set_entities(entities)
    ~~~~~~~~~~~~~~~~~~^^^^^^^^^^
  File "E:\my_prog\zqgetdata\.venv\Lib\site-packages\sqlalchemy\orm\query.py", line 289, in _set_entities
    coercions.expect(
    ~~~~~~~~~~~~~~~~^
        roles.ColumnsClauseRole,
        ^^^^^^^^^^^^^^^^^^^^^^^^
    ...<2 lines>...
        post_inspect=True,
        ^^^^^^^^^^^^^^^^^^
    )
    ^
  File "E:\my_prog\zqgetdata\.venv\Lib\site-packages\sqlalchemy\sql\coercions.py", line 389, in expect
    insp._post_inspect
  File "E:\my_prog\zqgetdata\.venv\Lib\site-packages\sqlalchemy\util\langhelpers.py", line 1338, in __get__
    obj.__dict__[self.__name__] = result = self.fget(obj)
                                           ~~~~~~~~~^^^^^
  File "E:\my_prog\zqgetdata\.venv\Lib\site-packages\sqlalchemy\orm\mapper.py", line 2733, in _post_inspect
    self._check_configure()
    ~~~~~~~~~~~~~~~~~~~~~^^
  File "E:\my_prog\zqgetdata\.venv\Lib\site-packages\sqlalchemy\orm\mapper.py", line 2410, in _check_configure
    _configure_registries({self.registry}, cascade=True)
    ~~~~~~~~~~~~~~~~~~~~~^^^^^^^^^^^^^^^^^^^^^^^^^^^^^^^
  File "E:\my_prog\zqgetdata\.venv\Lib\site-packages\sqlalchemy\orm\mapper.py", line 4227, in _configure_registries
    _do_configure_registries(registries, cascade)
    ~~~~~~~~~~~~~~~~~~~~~~~~^^^^^^^^^^^^^^^^^^^^^
  File "E:\my_prog\zqgetdata\.venv\Lib\site-packages\sqlalchemy\orm\mapper.py", line 4264, in _do_configure_registries
    raise e
sqlalchemy.exc.InvalidRequestError: One or more mappers failed to initialize - can't proceed with initialization of other mappers. Triggering mapper: 'Mapper[TczqMatch(tczq_match)]'. Original exception was: Could not determine join condition between parent/child tables on relationship TczqMatch.spf - there are no foreign keys linking these tables.  Ensure that referencing columns are associated with a ForeignKey or ForeignKeyConstraint, or specify a 'primaryjoin' expression.

2026-04-03 10:15:30 - tczq_data - ERROR - 处理联赛名称时出错：Traceback (most recent call last):
  File "E:\my_prog\zqgetdata\app\common\_utils.py", line 164, in handle_league_name
    league = localdb.query(League).filter_by(league_name=league_name).first()
             ~~~~~~~~~~~~~^^^^^^^^
  File "E:\my_prog\zqgetdata\app\database\db_core.py", line 135, in query
    raise e
  File "E:\my_prog\zqgetdata\app\database\db_core.py", line 113, in query
    da = self.session.query(obj)
  File "E:\my_prog\zqgetdata\.venv\Lib\site-packages\sqlalchemy\orm\session.py", line 2941, in query
    return self._query_cls(entities, self, **kwargs)
           ~~~~~~~~~~~~~~~^^^^^^^^^^^^^^^^^^^^^^^^^^
  File "E:\my_prog\zqgetdata\.venv\Lib\site-packages\sqlalchemy\orm\query.py", line 276, in __init__
    self._set_entities(entities)
    ~~~~~~~~~~~~~~~~~~^^^^^^^^^^
  File "E:\my_prog\zqgetdata\.venv\Lib\site-packages\sqlalchemy\orm\query.py", line 289, in _set_entities
    coercions.expect(
    ~~~~~~~~~~~~~~~~^
        roles.ColumnsClauseRole,
        ^^^^^^^^^^^^^^^^^^^^^^^^
    ...<2 lines>...
        post_inspect=True,
        ^^^^^^^^^^^^^^^^^^
    )
    ^
  File "E:\my_prog\zqgetdata\.venv\Lib\site-packages\sqlalchemy\sql\coercions.py", line 389, in expect
    insp._post_inspect
  File "E:\my_prog\zqgetdata\.venv\Lib\site-packages\sqlalchemy\util\langhelpers.py", line 1338, in __get__
    obj.__dict__[self.__name__] = result = self.fget(obj)
                                           ~~~~~~~~~^^^^^
  File "E:\my_prog\zqgetdata\.venv\Lib\site-packages\sqlalchemy\orm\mapper.py", line 2733, in _post_inspect
    self._check_configure()
    ~~~~~~~~~~~~~~~~~~~~~^^
  File "E:\my_prog\zqgetdata\.venv\Lib\site-packages\sqlalchemy\orm\mapper.py", line 2410, in _check_configure
    _configure_registries({self.registry}, cascade=True)
    ~~~~~~~~~~~~~~~~~~~~~^^^^^^^^^^^^^^^^^^^^^^^^^^^^^^^
  File "E:\my_prog\zqgetdata\.venv\Lib\site-packages\sqlalchemy\orm\mapper.py", line 4227, in _configure_registries
    _do_configure_registries(registries, cascade)
    ~~~~~~~~~~~~~~~~~~~~~~~~^^^^^^^^^^^^^^^^^^^^^
  File "E:\my_prog\zqgetdata\.venv\Lib\site-packages\sqlalchemy\orm\mapper.py", line 4264, in _do_configure_registries
    raise e
sqlalchemy.exc.InvalidRequestError: One or more mappers failed to initialize - can't proceed with initialization of other mappers. Triggering mapper: 'Mapper[TczqMatch(tczq_match)]'. Original exception was: Could not determine join condition between parent/child tables on relationship TczqMatch.spf - there are no foreign keys linking these tables.  Ensure that referencing columns are associated with a ForeignKey or ForeignKeyConstraint, or specify a 'primaryjoin' expression.

2026-04-03 10:15:30 - tczq_data - ERROR - 处理联赛名称时出错：Traceback (most recent call last):
  File "E:\my_prog\zqgetdata\app\common\_utils.py", line 164, in handle_league_name
    league = localdb.query(League).filter_by(league_name=league_name).first()
             ~~~~~~~~~~~~~^^^^^^^^
  File "E:\my_prog\zqgetdata\app\database\db_core.py", line 135, in query
    raise e
  File "E:\my_prog\zqgetdata\app\database\db_core.py", line 113, in query
    da = self.session.query(obj)
  File "E:\my_prog\zqgetdata\.venv\Lib\site-packages\sqlalchemy\orm\session.py", line 2941, in query
    return self._query_cls(entities, self, **kwargs)
           ~~~~~~~~~~~~~~~^^^^^^^^^^^^^^^^^^^^^^^^^^
  File "E:\my_prog\zqgetdata\.venv\Lib\site-packages\sqlalchemy\orm\query.py", line 276, in __init__
    self._set_entities(entities)
    ~~~~~~~~~~~~~~~~~~^^^^^^^^^^
  File "E:\my_prog\zqgetdata\.venv\Lib\site-packages\sqlalchemy\orm\query.py", line 289, in _set_entities
    coercions.expect(
    ~~~~~~~~~~~~~~~~^
        roles.ColumnsClauseRole,
        ^^^^^^^^^^^^^^^^^^^^^^^^
    ...<2 lines>...
        post_inspect=True,
        ^^^^^^^^^^^^^^^^^^
    )
    ^
  File "E:\my_prog\zqgetdata\.venv\Lib\site-packages\sqlalchemy\sql\coercions.py", line 389, in expect
    insp._post_inspect
  File "E:\my_prog\zqgetdata\.venv\Lib\site-packages\sqlalchemy\util\langhelpers.py", line 1338, in __get__
    obj.__dict__[self.__name__] = result = self.fget(obj)
                                           ~~~~~~~~~^^^^^
  File "E:\my_prog\zqgetdata\.venv\Lib\site-packages\sqlalchemy\orm\mapper.py", line 2733, in _post_inspect
    self._check_configure()
    ~~~~~~~~~~~~~~~~~~~~~^^
  File "E:\my_prog\zqgetdata\.venv\Lib\site-packages\sqlalchemy\orm\mapper.py", line 2410, in _check_configure
    _configure_registries({self.registry}, cascade=True)
    ~~~~~~~~~~~~~~~~~~~~~^^^^^^^^^^^^^^^^^^^^^^^^^^^^^^^
  File "E:\my_prog\zqgetdata\.venv\Lib\site-packages\sqlalchemy\orm\mapper.py", line 4227, in _configure_registries
    _do_configure_registries(registries, cascade)
    ~~~~~~~~~~~~~~~~~~~~~~~~^^^^^^^^^^^^^^^^^^^^^
  File "E:\my_prog\zqgetdata\.venv\Lib\site-packages\sqlalchemy\orm\mapper.py", line 4264, in _do_configure_registries
    raise e
sqlalchemy.exc.InvalidRequestError: One or more mappers failed to initialize - can't proceed with initialization of other mappers. Triggering mapper: 'Mapper[TczqMatch(tczq_match)]'. Original exception was: Could not determine join condition between parent/child tables on relationship TczqMatch.spf - there are no foreign keys linking these tables.  Ensure that referencing columns are associated with a ForeignKey or ForeignKeyConstraint, or specify a 'primaryjoin' expression.

2026-04-03 10:15:30 - tczq_data - ERROR - 处理联赛名称时出错：Traceback (most recent call last):
  File "E:\my_prog\zqgetdata\app\common\_utils.py", line 164, in handle_league_name
    league = localdb.query(League).filter_by(league_name=league_name).first()
             ~~~~~~~~~~~~~^^^^^^^^
  File "E:\my_prog\zqgetdata\app\database\db_core.py", line 135, in query
    raise e
  File "E:\my_prog\zqgetdata\app\database\db_core.py", line 113, in query
    da = self.session.query(obj)
  File "E:\my_prog\zqgetdata\.venv\Lib\site-packages\sqlalchemy\orm\session.py", line 2941, in query
    return self._query_cls(entities, self, **kwargs)
           ~~~~~~~~~~~~~~~^^^^^^^^^^^^^^^^^^^^^^^^^^
  File "E:\my_prog\zqgetdata\.venv\Lib\site-packages\sqlalchemy\orm\query.py", line 276, in __init__
    self._set_entities(entities)
    ~~~~~~~~~~~~~~~~~~^^^^^^^^^^
  File "E:\my_prog\zqgetdata\.venv\Lib\site-packages\sqlalchemy\orm\query.py", line 289, in _set_entities
    coercions.expect(
    ~~~~~~~~~~~~~~~~^
        roles.ColumnsClauseRole,
        ^^^^^^^^^^^^^^^^^^^^^^^^
    ...<2 lines>...
        post_inspect=True,
        ^^^^^^^^^^^^^^^^^^
    )
    ^
  File "E:\my_prog\zqgetdata\.venv\Lib\site-packages\sqlalchemy\sql\coercions.py", line 389, in expect
    insp._post_inspect
  File "E:\my_prog\zqgetdata\.venv\Lib\site-packages\sqlalchemy\util\langhelpers.py", line 1338, in __get__
    obj.__dict__[self.__name__] = result = self.fget(obj)
                                           ~~~~~~~~~^^^^^
  File "E:\my_prog\zqgetdata\.venv\Lib\site-packages\sqlalchemy\orm\mapper.py", line 2733, in _post_inspect
    self._check_configure()
    ~~~~~~~~~~~~~~~~~~~~~^^
  File "E:\my_prog\zqgetdata\.venv\Lib\site-packages\sqlalchemy\orm\mapper.py", line 2410, in _check_configure
    _configure_registries({self.registry}, cascade=True)
    ~~~~~~~~~~~~~~~~~~~~~^^^^^^^^^^^^^^^^^^^^^^^^^^^^^^^
  File "E:\my_prog\zqgetdata\.venv\Lib\site-packages\sqlalchemy\orm\mapper.py", line 4227, in _configure_registries
    _do_configure_registries(registries, cascade)
    ~~~~~~~~~~~~~~~~~~~~~~~~^^^^^^^^^^^^^^^^^^^^^
  File "E:\my_prog\zqgetdata\.venv\Lib\site-packages\sqlalchemy\orm\mapper.py", line 4264, in _do_configure_registries
    raise e
sqlalchemy.exc.InvalidRequestError: One or more mappers failed to initialize - can't proceed with initialization of other mappers. Triggering mapper: 'Mapper[TczqMatch(tczq_match)]'. Original exception was: Could not determine join condition between parent/child tables on relationship TczqMatch.spf - there are no foreign keys linking these tables.  Ensure that referencing columns are associated with a ForeignKey or ForeignKeyConstraint, or specify a 'primaryjoin' expression.

2026-04-03 10:15:30 - tczq_data - ERROR - 处理联赛名称时出错：Traceback (most recent call last):
  File "E:\my_prog\zqgetdata\app\common\_utils.py", line 164, in handle_league_name
    league = localdb.query(League).filter_by(league_name=league_name).first()
             ~~~~~~~~~~~~~^^^^^^^^
  File "E:\my_prog\zqgetdata\app\database\db_core.py", line 135, in query
    raise e
  File "E:\my_prog\zqgetdata\app\database\db_core.py", line 113, in query
    da = self.session.query(obj)
  File "E:\my_prog\zqgetdata\.venv\Lib\site-packages\sqlalchemy\orm\session.py", line 2941, in query
    return self._query_cls(entities, self, **kwargs)
           ~~~~~~~~~~~~~~~^^^^^^^^^^^^^^^^^^^^^^^^^^
  File "E:\my_prog\zqgetdata\.venv\Lib\site-packages\sqlalchemy\orm\query.py", line 276, in __init__
    self._set_entities(entities)
    ~~~~~~~~~~~~~~~~~~^^^^^^^^^^
  File "E:\my_prog\zqgetdata\.venv\Lib\site-packages\sqlalchemy\orm\query.py", line 289, in _set_entities
    coercions.expect(
    ~~~~~~~~~~~~~~~~^
        roles.ColumnsClauseRole,
        ^^^^^^^^^^^^^^^^^^^^^^^^
    ...<2 lines>...
        post_inspect=True,
        ^^^^^^^^^^^^^^^^^^
    )
    ^
  File "E:\my_prog\zqgetdata\.venv\Lib\site-packages\sqlalchemy\sql\coercions.py", line 389, in expect
    insp._post_inspect
  File "E:\my_prog\zqgetdata\.venv\Lib\site-packages\sqlalchemy\util\langhelpers.py", line 1338, in __get__
    obj.__dict__[self.__name__] = result = self.fget(obj)
                                           ~~~~~~~~~^^^^^
  File "E:\my_prog\zqgetdata\.venv\Lib\site-packages\sqlalchemy\orm\mapper.py", line 2733, in _post_inspect
    self._check_configure()
    ~~~~~~~~~~~~~~~~~~~~~^^
  File "E:\my_prog\zqgetdata\.venv\Lib\site-packages\sqlalchemy\orm\mapper.py", line 2410, in _check_configure
    _configure_registries({self.registry}, cascade=True)
    ~~~~~~~~~~~~~~~~~~~~~^^^^^^^^^^^^^^^^^^^^^^^^^^^^^^^
  File "E:\my_prog\zqgetdata\.venv\Lib\site-packages\sqlalchemy\orm\mapper.py", line 4227, in _configure_registries
    _do_configure_registries(registries, cascade)
    ~~~~~~~~~~~~~~~~~~~~~~~~^^^^^^^^^^^^^^^^^^^^^
  File "E:\my_prog\zqgetdata\.venv\Lib\site-packages\sqlalchemy\orm\mapper.py", line 4264, in _do_configure_registries
    raise e
sqlalchemy.exc.InvalidRequestError: One or more mappers failed to initialize - can't proceed with initialization of other mappers. Triggering mapper: 'Mapper[TczqMatch(tczq_match)]'. Original exception was: Could not determine join condition between parent/child tables on relationship TczqMatch.spf - there are no foreign keys linking these tables.  Ensure that referencing columns are associated with a ForeignKey or ForeignKeyConstraint, or specify a 'primaryjoin' expression.

2026-04-03 10:15:53 - tczq_data - ERROR - 处理联赛名称时出错：Traceback (most recent call last):
  File "E:\my_prog\zqgetdata\.venv\Lib\site-packages\sqlalchemy\orm\relationships.py", line 2434, in _determine_joins
    self.primaryjoin = join_condition(
                       ~~~~~~~~~~~~~~^
        self.parent_persist_selectable,
        ^^^^^^^^^^^^^^^^^^^^^^^^^^^^^^^
    ...<2 lines>...
        consider_as_foreign_keys=consider_as_foreign_keys,
        ^^^^^^^^^^^^^^^^^^^^^^^^^^^^^^^^^^^^^^^^^^^^^^^^^^
    )
    ^
  File "E:\my_prog\zqgetdata\.venv\Lib\site-packages\sqlalchemy\sql\util.py", line 121, in join_condition
    return Join._join_condition(
           ~~~~~~~~~~~~~~~~~~~~^
        a,
        ^^
    ...<2 lines>...
        consider_as_foreign_keys=consider_as_foreign_keys,
        ^^^^^^^^^^^^^^^^^^^^^^^^^^^^^^^^^^^^^^^^^^^^^^^^^^
    )
    ^
  File "E:\my_prog\zqgetdata\.venv\Lib\site-packages\sqlalchemy\sql\selectable.py", line 1453, in _join_condition
    raise exc.NoForeignKeysError(
    ...<3 lines>...
    )
sqlalchemy.exc.NoForeignKeysError: Can't find any foreign key relationships between 'tczq_match' and 'tczq_spf_odds'.

The above exception was the direct cause of the following exception:

Traceback (most recent call last):
  File "E:\my_prog\zqgetdata\app\common\_utils.py", line 164, in handle_league_name
    league = localdb.query(League).filter_by(league_name=league_name).first()
             ~~~~~~~~~~~~~^^^^^^^^
  File "E:\my_prog\zqgetdata\app\database\db_core.py", line 135, in query
    raise e
  File "E:\my_prog\zqgetdata\app\database\db_core.py", line 113, in query
    da = self.session.query(obj)
  File "E:\my_prog\zqgetdata\.venv\Lib\site-packages\sqlalchemy\orm\session.py", line 2941, in query
    return self._query_cls(entities, self, **kwargs)
           ~~~~~~~~~~~~~~~^^^^^^^^^^^^^^^^^^^^^^^^^^
  File "E:\my_prog\zqgetdata\.venv\Lib\site-packages\sqlalchemy\orm\query.py", line 276, in __init__
    self._set_entities(entities)
    ~~~~~~~~~~~~~~~~~~^^^^^^^^^^
  File "E:\my_prog\zqgetdata\.venv\Lib\site-packages\sqlalchemy\orm\query.py", line 289, in _set_entities
    coercions.expect(
    ~~~~~~~~~~~~~~~~^
        roles.ColumnsClauseRole,
        ^^^^^^^^^^^^^^^^^^^^^^^^
    ...<2 lines>...
        post_inspect=True,
        ^^^^^^^^^^^^^^^^^^
    )
    ^
  File "E:\my_prog\zqgetdata\.venv\Lib\site-packages\sqlalchemy\sql\coercions.py", line 389, in expect
    insp._post_inspect
  File "E:\my_prog\zqgetdata\.venv\Lib\site-packages\sqlalchemy\util\langhelpers.py", line 1338, in __get__
    obj.__dict__[self.__name__] = result = self.fget(obj)
                                           ~~~~~~~~~^^^^^
  File "E:\my_prog\zqgetdata\.venv\Lib\site-packages\sqlalchemy\orm\mapper.py", line 2733, in _post_inspect
    self._check_configure()
    ~~~~~~~~~~~~~~~~~~~~~^^
  File "E:\my_prog\zqgetdata\.venv\Lib\site-packages\sqlalchemy\orm\mapper.py", line 2410, in _check_configure
    _configure_registries({self.registry}, cascade=True)
    ~~~~~~~~~~~~~~~~~~~~~^^^^^^^^^^^^^^^^^^^^^^^^^^^^^^^
  File "E:\my_prog\zqgetdata\.venv\Lib\site-packages\sqlalchemy\orm\mapper.py", line 4227, in _configure_registries
    _do_configure_registries(registries, cascade)
    ~~~~~~~~~~~~~~~~~~~~~~~~^^^^^^^^^^^^^^^^^^^^^
  File "E:\my_prog\zqgetdata\.venv\Lib\site-packages\sqlalchemy\orm\mapper.py", line 4268, in _do_configure_registries
    mapper._post_configure_properties()
    ~~~~~~~~~~~~~~~~~~~~~~~~~~~~~~~~~^^
  File "E:\my_prog\zqgetdata\.venv\Lib\site-packages\sqlalchemy\orm\mapper.py", line 2427, in _post_configure_properties
    prop.init()
    ~~~~~~~~~^^
  File "E:\my_prog\zqgetdata\.venv\Lib\site-packages\sqlalchemy\orm\interfaces.py", line 595, in init
    self.do_init()
    ~~~~~~~~~~~~^^
  File "E:\my_prog\zqgetdata\.venv\Lib\site-packages\sqlalchemy\orm\relationships.py", line 1657, in do_init
    self._setup_join_conditions()
    ~~~~~~~~~~~~~~~~~~~~~~~~~~~^^
  File "E:\my_prog\zqgetdata\.venv\Lib\site-packages\sqlalchemy\orm\relationships.py", line 1895, in _setup_join_conditions
    self._join_condition = jc = JoinCondition(
                                ~~~~~~~~~~~~~^
        parent_persist_selectable=self.parent.persist_selectable,
        ^^^^^^^^^^^^^^^^^^^^^^^^^^^^^^^^^^^^^^^^^^^^^^^^^^^^^^^^^
    ...<14 lines>...
        can_be_synced_fn=self._columns_are_mapped,
        ^^^^^^^^^^^^^^^^^^^^^^^^^^^^^^^^^^^^^^^^^^
    )
    ^
  File "E:\my_prog\zqgetdata\.venv\Lib\site-packages\sqlalchemy\orm\relationships.py", line 2321, in __init__
    self._determine_joins()
    ~~~~~~~~~~~~~~~~~~~~~^^
  File "E:\my_prog\zqgetdata\.venv\Lib\site-packages\sqlalchemy\orm\relationships.py", line 2455, in _determine_joins
    raise sa_exc.NoForeignKeysError(
    ...<7 lines>...
    ) from nfe
sqlalchemy.exc.NoForeignKeysError: Could not determine join condition between parent/child tables on relationship TczqMatch.spf - there are no foreign keys linking these tables.  Ensure that referencing columns are associated with a ForeignKey or ForeignKeyConstraint, or specify a 'primaryjoin' expression.

2026-04-03 10:15:53 - tczq_data - ERROR - 处理联赛名称时出错：Traceback (most recent call last):
  File "E:\my_prog\zqgetdata\app\common\_utils.py", line 164, in handle_league_name
    league = localdb.query(League).filter_by(league_name=league_name).first()
             ~~~~~~~~~~~~~^^^^^^^^
  File "E:\my_prog\zqgetdata\app\database\db_core.py", line 135, in query
    raise e
  File "E:\my_prog\zqgetdata\app\database\db_core.py", line 113, in query
    da = self.session.query(obj)
  File "E:\my_prog\zqgetdata\.venv\Lib\site-packages\sqlalchemy\orm\session.py", line 2941, in query
    return self._query_cls(entities, self, **kwargs)
           ~~~~~~~~~~~~~~~^^^^^^^^^^^^^^^^^^^^^^^^^^
  File "E:\my_prog\zqgetdata\.venv\Lib\site-packages\sqlalchemy\orm\query.py", line 276, in __init__
    self._set_entities(entities)
    ~~~~~~~~~~~~~~~~~~^^^^^^^^^^
  File "E:\my_prog\zqgetdata\.venv\Lib\site-packages\sqlalchemy\orm\query.py", line 289, in _set_entities
    coercions.expect(
    ~~~~~~~~~~~~~~~~^
        roles.ColumnsClauseRole,
        ^^^^^^^^^^^^^^^^^^^^^^^^
    ...<2 lines>...
        post_inspect=True,
        ^^^^^^^^^^^^^^^^^^
    )
    ^
  File "E:\my_prog\zqgetdata\.venv\Lib\site-packages\sqlalchemy\sql\coercions.py", line 389, in expect
    insp._post_inspect
  File "E:\my_prog\zqgetdata\.venv\Lib\site-packages\sqlalchemy\util\langhelpers.py", line 1338, in __get__
    obj.__dict__[self.__name__] = result = self.fget(obj)
                                           ~~~~~~~~~^^^^^
  File "E:\my_prog\zqgetdata\.venv\Lib\site-packages\sqlalchemy\orm\mapper.py", line 2733, in _post_inspect
    self._check_configure()
    ~~~~~~~~~~~~~~~~~~~~~^^
  File "E:\my_prog\zqgetdata\.venv\Lib\site-packages\sqlalchemy\orm\mapper.py", line 2410, in _check_configure
    _configure_registries({self.registry}, cascade=True)
    ~~~~~~~~~~~~~~~~~~~~~^^^^^^^^^^^^^^^^^^^^^^^^^^^^^^^
  File "E:\my_prog\zqgetdata\.venv\Lib\site-packages\sqlalchemy\orm\mapper.py", line 4227, in _configure_registries
    _do_configure_registries(registries, cascade)
    ~~~~~~~~~~~~~~~~~~~~~~~~^^^^^^^^^^^^^^^^^^^^^
  File "E:\my_prog\zqgetdata\.venv\Lib\site-packages\sqlalchemy\orm\mapper.py", line 4264, in _do_configure_registries
    raise e
sqlalchemy.exc.InvalidRequestError: One or more mappers failed to initialize - can't proceed with initialization of other mappers. Triggering mapper: 'Mapper[TczqMatch(tczq_match)]'. Original exception was: Could not determine join condition between parent/child tables on relationship TczqMatch.spf - there are no foreign keys linking these tables.  Ensure that referencing columns are associated with a ForeignKey or ForeignKeyConstraint, or specify a 'primaryjoin' expression.

2026-04-03 10:15:53 - tczq_data - ERROR - 处理联赛名称时出错：Traceback (most recent call last):
  File "E:\my_prog\zqgetdata\app\common\_utils.py", line 164, in handle_league_name
    league = localdb.query(League).filter_by(league_name=league_name).first()
             ~~~~~~~~~~~~~^^^^^^^^
  File "E:\my_prog\zqgetdata\app\database\db_core.py", line 135, in query
    raise e
  File "E:\my_prog\zqgetdata\app\database\db_core.py", line 113, in query
    da = self.session.query(obj)
  File "E:\my_prog\zqgetdata\.venv\Lib\site-packages\sqlalchemy\orm\session.py", line 2941, in query
    return self._query_cls(entities, self, **kwargs)
           ~~~~~~~~~~~~~~~^^^^^^^^^^^^^^^^^^^^^^^^^^
  File "E:\my_prog\zqgetdata\.venv\Lib\site-packages\sqlalchemy\orm\query.py", line 276, in __init__
    self._set_entities(entities)
    ~~~~~~~~~~~~~~~~~~^^^^^^^^^^
  File "E:\my_prog\zqgetdata\.venv\Lib\site-packages\sqlalchemy\orm\query.py", line 289, in _set_entities
    coercions.expect(
    ~~~~~~~~~~~~~~~~^
        roles.ColumnsClauseRole,
        ^^^^^^^^^^^^^^^^^^^^^^^^
    ...<2 lines>...
        post_inspect=True,
        ^^^^^^^^^^^^^^^^^^
    )
    ^
  File "E:\my_prog\zqgetdata\.venv\Lib\site-packages\sqlalchemy\sql\coercions.py", line 389, in expect
    insp._post_inspect
  File "E:\my_prog\zqgetdata\.venv\Lib\site-packages\sqlalchemy\util\langhelpers.py", line 1338, in __get__
    obj.__dict__[self.__name__] = result = self.fget(obj)
                                           ~~~~~~~~~^^^^^
  File "E:\my_prog\zqgetdata\.venv\Lib\site-packages\sqlalchemy\orm\mapper.py", line 2733, in _post_inspect
    self._check_configure()
    ~~~~~~~~~~~~~~~~~~~~~^^
  File "E:\my_prog\zqgetdata\.venv\Lib\site-packages\sqlalchemy\orm\mapper.py", line 2410, in _check_configure
    _configure_registries({self.registry}, cascade=True)
    ~~~~~~~~~~~~~~~~~~~~~^^^^^^^^^^^^^^^^^^^^^^^^^^^^^^^
  File "E:\my_prog\zqgetdata\.venv\Lib\site-packages\sqlalchemy\orm\mapper.py", line 4227, in _configure_registries
    _do_configure_registries(registries, cascade)
    ~~~~~~~~~~~~~~~~~~~~~~~~^^^^^^^^^^^^^^^^^^^^^
  File "E:\my_prog\zqgetdata\.venv\Lib\site-packages\sqlalchemy\orm\mapper.py", line 4264, in _do_configure_registries
    raise e
sqlalchemy.exc.InvalidRequestError: One or more mappers failed to initialize - can't proceed with initialization of other mappers. Triggering mapper: 'Mapper[TczqMatch(tczq_match)]'. Original exception was: Could not determine join condition between parent/child tables on relationship TczqMatch.spf - there are no foreign keys linking these tables.  Ensure that referencing columns are associated with a ForeignKey or ForeignKeyConstraint, or specify a 'primaryjoin' expression.

2026-04-03 10:15:53 - tczq_data - ERROR - 处理联赛名称时出错：Traceback (most recent call last):
  File "E:\my_prog\zqgetdata\app\common\_utils.py", line 164, in handle_league_name
    league = localdb.query(League).filter_by(league_name=league_name).first()
             ~~~~~~~~~~~~~^^^^^^^^
  File "E:\my_prog\zqgetdata\app\database\db_core.py", line 135, in query
    raise e
  File "E:\my_prog\zqgetdata\app\database\db_core.py", line 113, in query
    da = self.session.query(obj)
  File "E:\my_prog\zqgetdata\.venv\Lib\site-packages\sqlalchemy\orm\session.py", line 2941, in query
    return self._query_cls(entities, self, **kwargs)
           ~~~~~~~~~~~~~~~^^^^^^^^^^^^^^^^^^^^^^^^^^
  File "E:\my_prog\zqgetdata\.venv\Lib\site-packages\sqlalchemy\orm\query.py", line 276, in __init__
    self._set_entities(entities)
    ~~~~~~~~~~~~~~~~~~^^^^^^^^^^
  File "E:\my_prog\zqgetdata\.venv\Lib\site-packages\sqlalchemy\orm\query.py", line 289, in _set_entities
    coercions.expect(
    ~~~~~~~~~~~~~~~~^
        roles.ColumnsClauseRole,
        ^^^^^^^^^^^^^^^^^^^^^^^^
    ...<2 lines>...
        post_inspect=True,
        ^^^^^^^^^^^^^^^^^^
    )
    ^
  File "E:\my_prog\zqgetdata\.venv\Lib\site-packages\sqlalchemy\sql\coercions.py", line 389, in expect
    insp._post_inspect
  File "E:\my_prog\zqgetdata\.venv\Lib\site-packages\sqlalchemy\util\langhelpers.py", line 1338, in __get__
    obj.__dict__[self.__name__] = result = self.fget(obj)
                                           ~~~~~~~~~^^^^^
  File "E:\my_prog\zqgetdata\.venv\Lib\site-packages\sqlalchemy\orm\mapper.py", line 2733, in _post_inspect
    self._check_configure()
    ~~~~~~~~~~~~~~~~~~~~~^^
  File "E:\my_prog\zqgetdata\.venv\Lib\site-packages\sqlalchemy\orm\mapper.py", line 2410, in _check_configure
    _configure_registries({self.registry}, cascade=True)
    ~~~~~~~~~~~~~~~~~~~~~^^^^^^^^^^^^^^^^^^^^^^^^^^^^^^^
  File "E:\my_prog\zqgetdata\.venv\Lib\site-packages\sqlalchemy\orm\mapper.py", line 4227, in _configure_registries
    _do_configure_registries(registries, cascade)
    ~~~~~~~~~~~~~~~~~~~~~~~~^^^^^^^^^^^^^^^^^^^^^
  File "E:\my_prog\zqgetdata\.venv\Lib\site-packages\sqlalchemy\orm\mapper.py", line 4264, in _do_configure_registries
    raise e
sqlalchemy.exc.InvalidRequestError: One or more mappers failed to initialize - can't proceed with initialization of other mappers. Triggering mapper: 'Mapper[TczqMatch(tczq_match)]'. Original exception was: Could not determine join condition between parent/child tables on relationship TczqMatch.spf - there are no foreign keys linking these tables.  Ensure that referencing columns are associated with a ForeignKey or ForeignKeyConstraint, or specify a 'primaryjoin' expression.

2026-04-03 10:15:53 - tczq_data - ERROR - 处理联赛名称时出错：Traceback (most recent call last):
  File "E:\my_prog\zqgetdata\app\common\_utils.py", line 164, in handle_league_name
    league = localdb.query(League).filter_by(league_name=league_name).first()
             ~~~~~~~~~~~~~^^^^^^^^
  File "E:\my_prog\zqgetdata\app\database\db_core.py", line 135, in query
    raise e
  File "E:\my_prog\zqgetdata\app\database\db_core.py", line 113, in query
    da = self.session.query(obj)
  File "E:\my_prog\zqgetdata\.venv\Lib\site-packages\sqlalchemy\orm\session.py", line 2941, in query
    return self._query_cls(entities, self, **kwargs)
           ~~~~~~~~~~~~~~~^^^^^^^^^^^^^^^^^^^^^^^^^^
  File "E:\my_prog\zqgetdata\.venv\Lib\site-packages\sqlalchemy\orm\query.py", line 276, in __init__
    self._set_entities(entities)
    ~~~~~~~~~~~~~~~~~~^^^^^^^^^^
  File "E:\my_prog\zqgetdata\.venv\Lib\site-packages\sqlalchemy\orm\query.py", line 289, in _set_entities
    coercions.expect(
    ~~~~~~~~~~~~~~~~^
        roles.ColumnsClauseRole,
        ^^^^^^^^^^^^^^^^^^^^^^^^
    ...<2 lines>...
        post_inspect=True,
        ^^^^^^^^^^^^^^^^^^
    )
    ^
  File "E:\my_prog\zqgetdata\.venv\Lib\site-packages\sqlalchemy\sql\coercions.py", line 389, in expect
    insp._post_inspect
  File "E:\my_prog\zqgetdata\.venv\Lib\site-packages\sqlalchemy\util\langhelpers.py", line 1338, in __get__
    obj.__dict__[self.__name__] = result = self.fget(obj)
                                           ~~~~~~~~~^^^^^
  File "E:\my_prog\zqgetdata\.venv\Lib\site-packages\sqlalchemy\orm\mapper.py", line 2733, in _post_inspect
    self._check_configure()
    ~~~~~~~~~~~~~~~~~~~~~^^
  File "E:\my_prog\zqgetdata\.venv\Lib\site-packages\sqlalchemy\orm\mapper.py", line 2410, in _check_configure
    _configure_registries({self.registry}, cascade=True)
    ~~~~~~~~~~~~~~~~~~~~~^^^^^^^^^^^^^^^^^^^^^^^^^^^^^^^
  File "E:\my_prog\zqgetdata\.venv\Lib\site-packages\sqlalchemy\orm\mapper.py", line 4227, in _configure_registries
    _do_configure_registries(registries, cascade)
    ~~~~~~~~~~~~~~~~~~~~~~~~^^^^^^^^^^^^^^^^^^^^^
  File "E:\my_prog\zqgetdata\.venv\Lib\site-packages\sqlalchemy\orm\mapper.py", line 4264, in _do_configure_registries
    raise e
sqlalchemy.exc.InvalidRequestError: One or more mappers failed to initialize - can't proceed with initialization of other mappers. Triggering mapper: 'Mapper[TczqMatch(tczq_match)]'. Original exception was: Could not determine join condition between parent/child tables on relationship TczqMatch.spf - there are no foreign keys linking these tables.  Ensure that referencing columns are associated with a ForeignKey or ForeignKeyConstraint, or specify a 'primaryjoin' expression.

2026-04-03 10:15:53 - tczq_data - ERROR - 处理联赛名称时出错：Traceback (most recent call last):
  File "E:\my_prog\zqgetdata\app\common\_utils.py", line 164, in handle_league_name
    league = localdb.query(League).filter_by(league_name=league_name).first()
             ~~~~~~~~~~~~~^^^^^^^^
  File "E:\my_prog\zqgetdata\app\database\db_core.py", line 135, in query
    raise e
  File "E:\my_prog\zqgetdata\app\database\db_core.py", line 113, in query
    da = self.session.query(obj)
  File "E:\my_prog\zqgetdata\.venv\Lib\site-packages\sqlalchemy\orm\session.py", line 2941, in query
    return self._query_cls(entities, self, **kwargs)
           ~~~~~~~~~~~~~~~^^^^^^^^^^^^^^^^^^^^^^^^^^
  File "E:\my_prog\zqgetdata\.venv\Lib\site-packages\sqlalchemy\orm\query.py", line 276, in __init__
    self._set_entities(entities)
    ~~~~~~~~~~~~~~~~~~^^^^^^^^^^
  File "E:\my_prog\zqgetdata\.venv\Lib\site-packages\sqlalchemy\orm\query.py", line 289, in _set_entities
    coercions.expect(
    ~~~~~~~~~~~~~~~~^
        roles.ColumnsClauseRole,
        ^^^^^^^^^^^^^^^^^^^^^^^^
    ...<2 lines>...
        post_inspect=True,
        ^^^^^^^^^^^^^^^^^^
    )
    ^
  File "E:\my_prog\zqgetdata\.venv\Lib\site-packages\sqlalchemy\sql\coercions.py", line 389, in expect
    insp._post_inspect
  File "E:\my_prog\zqgetdata\.venv\Lib\site-packages\sqlalchemy\util\langhelpers.py", line 1338, in __get__
    obj.__dict__[self.__name__] = result = self.fget(obj)
                                           ~~~~~~~~~^^^^^
  File "E:\my_prog\zqgetdata\.venv\Lib\site-packages\sqlalchemy\orm\mapper.py", line 2733, in _post_inspect
    self._check_configure()
    ~~~~~~~~~~~~~~~~~~~~~^^
  File "E:\my_prog\zqgetdata\.venv\Lib\site-packages\sqlalchemy\orm\mapper.py", line 2410, in _check_configure
    _configure_registries({self.registry}, cascade=True)
    ~~~~~~~~~~~~~~~~~~~~~^^^^^^^^^^^^^^^^^^^^^^^^^^^^^^^
  File "E:\my_prog\zqgetdata\.venv\Lib\site-packages\sqlalchemy\orm\mapper.py", line 4227, in _configure_registries
    _do_configure_registries(registries, cascade)
    ~~~~~~~~~~~~~~~~~~~~~~~~^^^^^^^^^^^^^^^^^^^^^
  File "E:\my_prog\zqgetdata\.venv\Lib\site-packages\sqlalchemy\orm\mapper.py", line 4264, in _do_configure_registries
    raise e
sqlalchemy.exc.InvalidRequestError: One or more mappers failed to initialize - can't proceed with initialization of other mappers. Triggering mapper: 'Mapper[TczqMatch(tczq_match)]'. Original exception was: Could not determine join condition between parent/child tables on relationship TczqMatch.spf - there are no foreign keys linking these tables.  Ensure that referencing columns are associated with a ForeignKey or ForeignKeyConstraint, or specify a 'primaryjoin' expression.

2026-04-03 10:15:53 - tczq_data - ERROR - 处理联赛名称时出错：Traceback (most recent call last):
  File "E:\my_prog\zqgetdata\app\common\_utils.py", line 164, in handle_league_name
    league = localdb.query(League).filter_by(league_name=league_name).first()
             ~~~~~~~~~~~~~^^^^^^^^
  File "E:\my_prog\zqgetdata\app\database\db_core.py", line 135, in query
    raise e
  File "E:\my_prog\zqgetdata\app\database\db_core.py", line 113, in query
    da = self.session.query(obj)
  File "E:\my_prog\zqgetdata\.venv\Lib\site-packages\sqlalchemy\orm\session.py", line 2941, in query
    return self._query_cls(entities, self, **kwargs)
           ~~~~~~~~~~~~~~~^^^^^^^^^^^^^^^^^^^^^^^^^^
  File "E:\my_prog\zqgetdata\.venv\Lib\site-packages\sqlalchemy\orm\query.py", line 276, in __init__
    self._set_entities(entities)
    ~~~~~~~~~~~~~~~~~~^^^^^^^^^^
  File "E:\my_prog\zqgetdata\.venv\Lib\site-packages\sqlalchemy\orm\query.py", line 289, in _set_entities
    coercions.expect(
    ~~~~~~~~~~~~~~~~^
        roles.ColumnsClauseRole,
        ^^^^^^^^^^^^^^^^^^^^^^^^
    ...<2 lines>...
        post_inspect=True,
        ^^^^^^^^^^^^^^^^^^
    )
    ^
  File "E:\my_prog\zqgetdata\.venv\Lib\site-packages\sqlalchemy\sql\coercions.py", line 389, in expect
    insp._post_inspect
  File "E:\my_prog\zqgetdata\.venv\Lib\site-packages\sqlalchemy\util\langhelpers.py", line 1338, in __get__
    obj.__dict__[self.__name__] = result = self.fget(obj)
                                           ~~~~~~~~~^^^^^
  File "E:\my_prog\zqgetdata\.venv\Lib\site-packages\sqlalchemy\orm\mapper.py", line 2733, in _post_inspect
    self._check_configure()
    ~~~~~~~~~~~~~~~~~~~~~^^
  File "E:\my_prog\zqgetdata\.venv\Lib\site-packages\sqlalchemy\orm\mapper.py", line 2410, in _check_configure
    _configure_registries({self.registry}, cascade=True)
    ~~~~~~~~~~~~~~~~~~~~~^^^^^^^^^^^^^^^^^^^^^^^^^^^^^^^
  File "E:\my_prog\zqgetdata\.venv\Lib\site-packages\sqlalchemy\orm\mapper.py", line 4227, in _configure_registries
    _do_configure_registries(registries, cascade)
    ~~~~~~~~~~~~~~~~~~~~~~~~^^^^^^^^^^^^^^^^^^^^^
  File "E:\my_prog\zqgetdata\.venv\Lib\site-packages\sqlalchemy\orm\mapper.py", line 4264, in _do_configure_registries
    raise e
sqlalchemy.exc.InvalidRequestError: One or more mappers failed to initialize - can't proceed with initialization of other mappers. Triggering mapper: 'Mapper[TczqMatch(tczq_match)]'. Original exception was: Could not determine join condition between parent/child tables on relationship TczqMatch.spf - there are no foreign keys linking these tables.  Ensure that referencing columns are associated with a ForeignKey or ForeignKeyConstraint, or specify a 'primaryjoin' expression.

2026-04-03 10:15:53 - tczq_data - ERROR - 处理联赛名称时出错：Traceback (most recent call last):
  File "E:\my_prog\zqgetdata\app\common\_utils.py", line 164, in handle_league_name
    league = localdb.query(League).filter_by(league_name=league_name).first()
             ~~~~~~~~~~~~~^^^^^^^^
  File "E:\my_prog\zqgetdata\app\database\db_core.py", line 135, in query
    raise e
  File "E:\my_prog\zqgetdata\app\database\db_core.py", line 113, in query
    da = self.session.query(obj)
  File "E:\my_prog\zqgetdata\.venv\Lib\site-packages\sqlalchemy\orm\session.py", line 2941, in query
    return self._query_cls(entities, self, **kwargs)
           ~~~~~~~~~~~~~~~^^^^^^^^^^^^^^^^^^^^^^^^^^
  File "E:\my_prog\zqgetdata\.venv\Lib\site-packages\sqlalchemy\orm\query.py", line 276, in __init__
    self._set_entities(entities)
    ~~~~~~~~~~~~~~~~~~^^^^^^^^^^
  File "E:\my_prog\zqgetdata\.venv\Lib\site-packages\sqlalchemy\orm\query.py", line 289, in _set_entities
    coercions.expect(
    ~~~~~~~~~~~~~~~~^
        roles.ColumnsClauseRole,
        ^^^^^^^^^^^^^^^^^^^^^^^^
    ...<2 lines>...
        post_inspect=True,
        ^^^^^^^^^^^^^^^^^^
    )
    ^
  File "E:\my_prog\zqgetdata\.venv\Lib\site-packages\sqlalchemy\sql\coercions.py", line 389, in expect
    insp._post_inspect
  File "E:\my_prog\zqgetdata\.venv\Lib\site-packages\sqlalchemy\util\langhelpers.py", line 1338, in __get__
    obj.__dict__[self.__name__] = result = self.fget(obj)
                                           ~~~~~~~~~^^^^^
  File "E:\my_prog\zqgetdata\.venv\Lib\site-packages\sqlalchemy\orm\mapper.py", line 2733, in _post_inspect
    self._check_configure()
    ~~~~~~~~~~~~~~~~~~~~~^^
  File "E:\my_prog\zqgetdata\.venv\Lib\site-packages\sqlalchemy\orm\mapper.py", line 2410, in _check_configure
    _configure_registries({self.registry}, cascade=True)
    ~~~~~~~~~~~~~~~~~~~~~^^^^^^^^^^^^^^^^^^^^^^^^^^^^^^^
  File "E:\my_prog\zqgetdata\.venv\Lib\site-packages\sqlalchemy\orm\mapper.py", line 4227, in _configure_registries
    _do_configure_registries(registries, cascade)
    ~~~~~~~~~~~~~~~~~~~~~~~~^^^^^^^^^^^^^^^^^^^^^
  File "E:\my_prog\zqgetdata\.venv\Lib\site-packages\sqlalchemy\orm\mapper.py", line 4264, in _do_configure_registries
    raise e
sqlalchemy.exc.InvalidRequestError: One or more mappers failed to initialize - can't proceed with initialization of other mappers. Triggering mapper: 'Mapper[TczqMatch(tczq_match)]'. Original exception was: Could not determine join condition between parent/child tables on relationship TczqMatch.spf - there are no foreign keys linking these tables.  Ensure that referencing columns are associated with a ForeignKey or ForeignKeyConstraint, or specify a 'primaryjoin' expression.

2026-04-03 10:15:53 - tczq_data - ERROR - 处理联赛名称时出错：Traceback (most recent call last):
  File "E:\my_prog\zqgetdata\app\common\_utils.py", line 164, in handle_league_name
    league = localdb.query(League).filter_by(league_name=league_name).first()
             ~~~~~~~~~~~~~^^^^^^^^
  File "E:\my_prog\zqgetdata\app\database\db_core.py", line 135, in query
    raise e
  File "E:\my_prog\zqgetdata\app\database\db_core.py", line 113, in query
    da = self.session.query(obj)
  File "E:\my_prog\zqgetdata\.venv\Lib\site-packages\sqlalchemy\orm\session.py", line 2941, in query
    return self._query_cls(entities, self, **kwargs)
           ~~~~~~~~~~~~~~~^^^^^^^^^^^^^^^^^^^^^^^^^^
  File "E:\my_prog\zqgetdata\.venv\Lib\site-packages\sqlalchemy\orm\query.py", line 276, in __init__
    self._set_entities(entities)
    ~~~~~~~~~~~~~~~~~~^^^^^^^^^^
  File "E:\my_prog\zqgetdata\.venv\Lib\site-packages\sqlalchemy\orm\query.py", line 289, in _set_entities
    coercions.expect(
    ~~~~~~~~~~~~~~~~^
        roles.ColumnsClauseRole,
        ^^^^^^^^^^^^^^^^^^^^^^^^
    ...<2 lines>...
        post_inspect=True,
        ^^^^^^^^^^^^^^^^^^
    )
    ^
  File "E:\my_prog\zqgetdata\.venv\Lib\site-packages\sqlalchemy\sql\coercions.py", line 389, in expect
    insp._post_inspect
  File "E:\my_prog\zqgetdata\.venv\Lib\site-packages\sqlalchemy\util\langhelpers.py", line 1338, in __get__
    obj.__dict__[self.__name__] = result = self.fget(obj)
                                           ~~~~~~~~~^^^^^
  File "E:\my_prog\zqgetdata\.venv\Lib\site-packages\sqlalchemy\orm\mapper.py", line 2733, in _post_inspect
    self._check_configure()
    ~~~~~~~~~~~~~~~~~~~~~^^
  File "E:\my_prog\zqgetdata\.venv\Lib\site-packages\sqlalchemy\orm\mapper.py", line 2410, in _check_configure
    _configure_registries({self.registry}, cascade=True)
    ~~~~~~~~~~~~~~~~~~~~~^^^^^^^^^^^^^^^^^^^^^^^^^^^^^^^
  File "E:\my_prog\zqgetdata\.venv\Lib\site-packages\sqlalchemy\orm\mapper.py", line 4227, in _configure_registries
    _do_configure_registries(registries, cascade)
    ~~~~~~~~~~~~~~~~~~~~~~~~^^^^^^^^^^^^^^^^^^^^^
  File "E:\my_prog\zqgetdata\.venv\Lib\site-packages\sqlalchemy\orm\mapper.py", line 4264, in _do_configure_registries
    raise e
sqlalchemy.exc.InvalidRequestError: One or more mappers failed to initialize - can't proceed with initialization of other mappers. Triggering mapper: 'Mapper[TczqMatch(tczq_match)]'. Original exception was: Could not determine join condition between parent/child tables on relationship TczqMatch.spf - there are no foreign keys linking these tables.  Ensure that referencing columns are associated with a ForeignKey or ForeignKeyConstraint, or specify a 'primaryjoin' expression.

2026-04-03 10:15:53 - tczq_data - ERROR - 处理联赛名称时出错：Traceback (most recent call last):
  File "E:\my_prog\zqgetdata\app\common\_utils.py", line 164, in handle_league_name
    league = localdb.query(League).filter_by(league_name=league_name).first()
             ~~~~~~~~~~~~~^^^^^^^^
  File "E:\my_prog\zqgetdata\app\database\db_core.py", line 135, in query
    raise e
  File "E:\my_prog\zqgetdata\app\database\db_core.py", line 113, in query
    da = self.session.query(obj)
  File "E:\my_prog\zqgetdata\.venv\Lib\site-packages\sqlalchemy\orm\session.py", line 2941, in query
    return self._query_cls(entities, self, **kwargs)
           ~~~~~~~~~~~~~~~^^^^^^^^^^^^^^^^^^^^^^^^^^
  File "E:\my_prog\zqgetdata\.venv\Lib\site-packages\sqlalchemy\orm\query.py", line 276, in __init__
    self._set_entities(entities)
    ~~~~~~~~~~~~~~~~~~^^^^^^^^^^
  File "E:\my_prog\zqgetdata\.venv\Lib\site-packages\sqlalchemy\orm\query.py", line 289, in _set_entities
    coercions.expect(
    ~~~~~~~~~~~~~~~~^
        roles.ColumnsClauseRole,
        ^^^^^^^^^^^^^^^^^^^^^^^^
    ...<2 lines>...
        post_inspect=True,
        ^^^^^^^^^^^^^^^^^^
    )
    ^
  File "E:\my_prog\zqgetdata\.venv\Lib\site-packages\sqlalchemy\sql\coercions.py", line 389, in expect
    insp._post_inspect
  File "E:\my_prog\zqgetdata\.venv\Lib\site-packages\sqlalchemy\util\langhelpers.py", line 1338, in __get__
    obj.__dict__[self.__name__] = result = self.fget(obj)
                                           ~~~~~~~~~^^^^^
  File "E:\my_prog\zqgetdata\.venv\Lib\site-packages\sqlalchemy\orm\mapper.py", line 2733, in _post_inspect
    self._check_configure()
    ~~~~~~~~~~~~~~~~~~~~~^^
  File "E:\my_prog\zqgetdata\.venv\Lib\site-packages\sqlalchemy\orm\mapper.py", line 2410, in _check_configure
    _configure_registries({self.registry}, cascade=True)
    ~~~~~~~~~~~~~~~~~~~~~^^^^^^^^^^^^^^^^^^^^^^^^^^^^^^^
  File "E:\my_prog\zqgetdata\.venv\Lib\site-packages\sqlalchemy\orm\mapper.py", line 4227, in _configure_registries
    _do_configure_registries(registries, cascade)
    ~~~~~~~~~~~~~~~~~~~~~~~~^^^^^^^^^^^^^^^^^^^^^
  File "E:\my_prog\zqgetdata\.venv\Lib\site-packages\sqlalchemy\orm\mapper.py", line 4264, in _do_configure_registries
    raise e
sqlalchemy.exc.InvalidRequestError: One or more mappers failed to initialize - can't proceed with initialization of other mappers. Triggering mapper: 'Mapper[TczqMatch(tczq_match)]'. Original exception was: Could not determine join condition between parent/child tables on relationship TczqMatch.spf - there are no foreign keys linking these tables.  Ensure that referencing columns are associated with a ForeignKey or ForeignKeyConstraint, or specify a 'primaryjoin' expression.

2026-04-03 10:15:53 - tczq_data - ERROR - 处理联赛名称时出错：Traceback (most recent call last):
  File "E:\my_prog\zqgetdata\app\common\_utils.py", line 164, in handle_league_name
    league = localdb.query(League).filter_by(league_name=league_name).first()
             ~~~~~~~~~~~~~^^^^^^^^
  File "E:\my_prog\zqgetdata\app\database\db_core.py", line 135, in query
    raise e
  File "E:\my_prog\zqgetdata\app\database\db_core.py", line 113, in query
    da = self.session.query(obj)
  File "E:\my_prog\zqgetdata\.venv\Lib\site-packages\sqlalchemy\orm\session.py", line 2941, in query
    return self._query_cls(entities, self, **kwargs)
           ~~~~~~~~~~~~~~~^^^^^^^^^^^^^^^^^^^^^^^^^^
  File "E:\my_prog\zqgetdata\.venv\Lib\site-packages\sqlalchemy\orm\query.py", line 276, in __init__
    self._set_entities(entities)
    ~~~~~~~~~~~~~~~~~~^^^^^^^^^^
  File "E:\my_prog\zqgetdata\.venv\Lib\site-packages\sqlalchemy\orm\query.py", line 289, in _set_entities
    coercions.expect(
    ~~~~~~~~~~~~~~~~^
        roles.ColumnsClauseRole,
        ^^^^^^^^^^^^^^^^^^^^^^^^
    ...<2 lines>...
        post_inspect=True,
        ^^^^^^^^^^^^^^^^^^
    )
    ^
  File "E:\my_prog\zqgetdata\.venv\Lib\site-packages\sqlalchemy\sql\coercions.py", line 389, in expect
    insp._post_inspect
  File "E:\my_prog\zqgetdata\.venv\Lib\site-packages\sqlalchemy\util\langhelpers.py", line 1338, in __get__
    obj.__dict__[self.__name__] = result = self.fget(obj)
                                           ~~~~~~~~~^^^^^
  File "E:\my_prog\zqgetdata\.venv\Lib\site-packages\sqlalchemy\orm\mapper.py", line 2733, in _post_inspect
    self._check_configure()
    ~~~~~~~~~~~~~~~~~~~~~^^
  File "E:\my_prog\zqgetdata\.venv\Lib\site-packages\sqlalchemy\orm\mapper.py", line 2410, in _check_configure
    _configure_registries({self.registry}, cascade=True)
    ~~~~~~~~~~~~~~~~~~~~~^^^^^^^^^^^^^^^^^^^^^^^^^^^^^^^
  File "E:\my_prog\zqgetdata\.venv\Lib\site-packages\sqlalchemy\orm\mapper.py", line 4227, in _configure_registries
    _do_configure_registries(registries, cascade)
    ~~~~~~~~~~~~~~~~~~~~~~~~^^^^^^^^^^^^^^^^^^^^^
  File "E:\my_prog\zqgetdata\.venv\Lib\site-packages\sqlalchemy\orm\mapper.py", line 4264, in _do_configure_registries
    raise e
sqlalchemy.exc.InvalidRequestError: One or more mappers failed to initialize - can't proceed with initialization of other mappers. Triggering mapper: 'Mapper[TczqMatch(tczq_match)]'. Original exception was: Could not determine join condition between parent/child tables on relationship TczqMatch.spf - there are no foreign keys linking these tables.  Ensure that referencing columns are associated with a ForeignKey or ForeignKeyConstraint, or specify a 'primaryjoin' expression.

2026-04-03 10:15:53 - tczq_data - ERROR - 处理联赛名称时出错：Traceback (most recent call last):
  File "E:\my_prog\zqgetdata\app\common\_utils.py", line 164, in handle_league_name
    league = localdb.query(League).filter_by(league_name=league_name).first()
             ~~~~~~~~~~~~~^^^^^^^^
  File "E:\my_prog\zqgetdata\app\database\db_core.py", line 135, in query
    raise e
  File "E:\my_prog\zqgetdata\app\database\db_core.py", line 113, in query
    da = self.session.query(obj)
  File "E:\my_prog\zqgetdata\.venv\Lib\site-packages\sqlalchemy\orm\session.py", line 2941, in query
    return self._query_cls(entities, self, **kwargs)
           ~~~~~~~~~~~~~~~^^^^^^^^^^^^^^^^^^^^^^^^^^
  File "E:\my_prog\zqgetdata\.venv\Lib\site-packages\sqlalchemy\orm\query.py", line 276, in __init__
    self._set_entities(entities)
    ~~~~~~~~~~~~~~~~~~^^^^^^^^^^
  File "E:\my_prog\zqgetdata\.venv\Lib\site-packages\sqlalchemy\orm\query.py", line 289, in _set_entities
    coercions.expect(
    ~~~~~~~~~~~~~~~~^
        roles.ColumnsClauseRole,
        ^^^^^^^^^^^^^^^^^^^^^^^^
    ...<2 lines>...
        post_inspect=True,
        ^^^^^^^^^^^^^^^^^^
    )
    ^
  File "E:\my_prog\zqgetdata\.venv\Lib\site-packages\sqlalchemy\sql\coercions.py", line 389, in expect
    insp._post_inspect
  File "E:\my_prog\zqgetdata\.venv\Lib\site-packages\sqlalchemy\util\langhelpers.py", line 1338, in __get__
    obj.__dict__[self.__name__] = result = self.fget(obj)
                                           ~~~~~~~~~^^^^^
  File "E:\my_prog\zqgetdata\.venv\Lib\site-packages\sqlalchemy\orm\mapper.py", line 2733, in _post_inspect
    self._check_configure()
    ~~~~~~~~~~~~~~~~~~~~~^^
  File "E:\my_prog\zqgetdata\.venv\Lib\site-packages\sqlalchemy\orm\mapper.py", line 2410, in _check_configure
    _configure_registries({self.registry}, cascade=True)
    ~~~~~~~~~~~~~~~~~~~~~^^^^^^^^^^^^^^^^^^^^^^^^^^^^^^^
  File "E:\my_prog\zqgetdata\.venv\Lib\site-packages\sqlalchemy\orm\mapper.py", line 4227, in _configure_registries
    _do_configure_registries(registries, cascade)
    ~~~~~~~~~~~~~~~~~~~~~~~~^^^^^^^^^^^^^^^^^^^^^
  File "E:\my_prog\zqgetdata\.venv\Lib\site-packages\sqlalchemy\orm\mapper.py", line 4264, in _do_configure_registries
    raise e
sqlalchemy.exc.InvalidRequestError: One or more mappers failed to initialize - can't proceed with initialization of other mappers. Triggering mapper: 'Mapper[TczqMatch(tczq_match)]'. Original exception was: Could not determine join condition between parent/child tables on relationship TczqMatch.spf - there are no foreign keys linking these tables.  Ensure that referencing columns are associated with a ForeignKey or ForeignKeyConstraint, or specify a 'primaryjoin' expression.

2026-04-03 10:15:53 - tczq_data - ERROR - 处理联赛名称时出错：Traceback (most recent call last):
  File "E:\my_prog\zqgetdata\app\common\_utils.py", line 164, in handle_league_name
    league = localdb.query(League).filter_by(league_name=league_name).first()
             ~~~~~~~~~~~~~^^^^^^^^
  File "E:\my_prog\zqgetdata\app\database\db_core.py", line 135, in query
    raise e
  File "E:\my_prog\zqgetdata\app\database\db_core.py", line 113, in query
    da = self.session.query(obj)
  File "E:\my_prog\zqgetdata\.venv\Lib\site-packages\sqlalchemy\orm\session.py", line 2941, in query
    return self._query_cls(entities, self, **kwargs)
           ~~~~~~~~~~~~~~~^^^^^^^^^^^^^^^^^^^^^^^^^^
  File "E:\my_prog\zqgetdata\.venv\Lib\site-packages\sqlalchemy\orm\query.py", line 276, in __init__
    self._set_entities(entities)
    ~~~~~~~~~~~~~~~~~~^^^^^^^^^^
  File "E:\my_prog\zqgetdata\.venv\Lib\site-packages\sqlalchemy\orm\query.py", line 289, in _set_entities
    coercions.expect(
    ~~~~~~~~~~~~~~~~^
        roles.ColumnsClauseRole,
        ^^^^^^^^^^^^^^^^^^^^^^^^
    ...<2 lines>...
        post_inspect=True,
        ^^^^^^^^^^^^^^^^^^
    )
    ^
  File "E:\my_prog\zqgetdata\.venv\Lib\site-packages\sqlalchemy\sql\coercions.py", line 389, in expect
    insp._post_inspect
  File "E:\my_prog\zqgetdata\.venv\Lib\site-packages\sqlalchemy\util\langhelpers.py", line 1338, in __get__
    obj.__dict__[self.__name__] = result = self.fget(obj)
                                           ~~~~~~~~~^^^^^
  File "E:\my_prog\zqgetdata\.venv\Lib\site-packages\sqlalchemy\orm\mapper.py", line 2733, in _post_inspect
    self._check_configure()
    ~~~~~~~~~~~~~~~~~~~~~^^
  File "E:\my_prog\zqgetdata\.venv\Lib\site-packages\sqlalchemy\orm\mapper.py", line 2410, in _check_configure
    _configure_registries({self.registry}, cascade=True)
    ~~~~~~~~~~~~~~~~~~~~~^^^^^^^^^^^^^^^^^^^^^^^^^^^^^^^
  File "E:\my_prog\zqgetdata\.venv\Lib\site-packages\sqlalchemy\orm\mapper.py", line 4227, in _configure_registries
    _do_configure_registries(registries, cascade)
    ~~~~~~~~~~~~~~~~~~~~~~~~^^^^^^^^^^^^^^^^^^^^^
  File "E:\my_prog\zqgetdata\.venv\Lib\site-packages\sqlalchemy\orm\mapper.py", line 4264, in _do_configure_registries
    raise e
sqlalchemy.exc.InvalidRequestError: One or more mappers failed to initialize - can't proceed with initialization of other mappers. Triggering mapper: 'Mapper[TczqMatch(tczq_match)]'. Original exception was: Could not determine join condition between parent/child tables on relationship TczqMatch.spf - there are no foreign keys linking these tables.  Ensure that referencing columns are associated with a ForeignKey or ForeignKeyConstraint, or specify a 'primaryjoin' expression.

2026-04-03 10:15:53 - tczq_data - ERROR - 处理联赛名称时出错：Traceback (most recent call last):
  File "E:\my_prog\zqgetdata\app\common\_utils.py", line 164, in handle_league_name
    league = localdb.query(League).filter_by(league_name=league_name).first()
             ~~~~~~~~~~~~~^^^^^^^^
  File "E:\my_prog\zqgetdata\app\database\db_core.py", line 135, in query
    raise e
  File "E:\my_prog\zqgetdata\app\database\db_core.py", line 113, in query
    da = self.session.query(obj)
  File "E:\my_prog\zqgetdata\.venv\Lib\site-packages\sqlalchemy\orm\session.py", line 2941, in query
    return self._query_cls(entities, self, **kwargs)
           ~~~~~~~~~~~~~~~^^^^^^^^^^^^^^^^^^^^^^^^^^
  File "E:\my_prog\zqgetdata\.venv\Lib\site-packages\sqlalchemy\orm\query.py", line 276, in __init__
    self._set_entities(entities)
    ~~~~~~~~~~~~~~~~~~^^^^^^^^^^
  File "E:\my_prog\zqgetdata\.venv\Lib\site-packages\sqlalchemy\orm\query.py", line 289, in _set_entities
    coercions.expect(
    ~~~~~~~~~~~~~~~~^
        roles.ColumnsClauseRole,
        ^^^^^^^^^^^^^^^^^^^^^^^^
    ...<2 lines>...
        post_inspect=True,
        ^^^^^^^^^^^^^^^^^^
    )
    ^
  File "E:\my_prog\zqgetdata\.venv\Lib\site-packages\sqlalchemy\sql\coercions.py", line 389, in expect
    insp._post_inspect
  File "E:\my_prog\zqgetdata\.venv\Lib\site-packages\sqlalchemy\util\langhelpers.py", line 1338, in __get__
    obj.__dict__[self.__name__] = result = self.fget(obj)
                                           ~~~~~~~~~^^^^^
  File "E:\my_prog\zqgetdata\.venv\Lib\site-packages\sqlalchemy\orm\mapper.py", line 2733, in _post_inspect
    self._check_configure()
    ~~~~~~~~~~~~~~~~~~~~~^^
  File "E:\my_prog\zqgetdata\.venv\Lib\site-packages\sqlalchemy\orm\mapper.py", line 2410, in _check_configure
    _configure_registries({self.registry}, cascade=True)
    ~~~~~~~~~~~~~~~~~~~~~^^^^^^^^^^^^^^^^^^^^^^^^^^^^^^^
  File "E:\my_prog\zqgetdata\.venv\Lib\site-packages\sqlalchemy\orm\mapper.py", line 4227, in _configure_registries
    _do_configure_registries(registries, cascade)
    ~~~~~~~~~~~~~~~~~~~~~~~~^^^^^^^^^^^^^^^^^^^^^
  File "E:\my_prog\zqgetdata\.venv\Lib\site-packages\sqlalchemy\orm\mapper.py", line 4264, in _do_configure_registries
    raise e
sqlalchemy.exc.InvalidRequestError: One or more mappers failed to initialize - can't proceed with initialization of other mappers. Triggering mapper: 'Mapper[TczqMatch(tczq_match)]'. Original exception was: Could not determine join condition between parent/child tables on relationship TczqMatch.spf - there are no foreign keys linking these tables.  Ensure that referencing columns are associated with a ForeignKey or ForeignKeyConstraint, or specify a 'primaryjoin' expression.

2026-04-03 10:15:53 - tczq_data - ERROR - 处理联赛名称时出错：Traceback (most recent call last):
  File "E:\my_prog\zqgetdata\app\common\_utils.py", line 164, in handle_league_name
    league = localdb.query(League).filter_by(league_name=league_name).first()
             ~~~~~~~~~~~~~^^^^^^^^
  File "E:\my_prog\zqgetdata\app\database\db_core.py", line 135, in query
    raise e
  File "E:\my_prog\zqgetdata\app\database\db_core.py", line 113, in query
    da = self.session.query(obj)
  File "E:\my_prog\zqgetdata\.venv\Lib\site-packages\sqlalchemy\orm\session.py", line 2941, in query
    return self._query_cls(entities, self, **kwargs)
           ~~~~~~~~~~~~~~~^^^^^^^^^^^^^^^^^^^^^^^^^^
  File "E:\my_prog\zqgetdata\.venv\Lib\site-packages\sqlalchemy\orm\query.py", line 276, in __init__
    self._set_entities(entities)
    ~~~~~~~~~~~~~~~~~~^^^^^^^^^^
  File "E:\my_prog\zqgetdata\.venv\Lib\site-packages\sqlalchemy\orm\query.py", line 289, in _set_entities
    coercions.expect(
    ~~~~~~~~~~~~~~~~^
        roles.ColumnsClauseRole,
        ^^^^^^^^^^^^^^^^^^^^^^^^
    ...<2 lines>...
        post_inspect=True,
        ^^^^^^^^^^^^^^^^^^
    )
    ^
  File "E:\my_prog\zqgetdata\.venv\Lib\site-packages\sqlalchemy\sql\coercions.py", line 389, in expect
    insp._post_inspect
  File "E:\my_prog\zqgetdata\.venv\Lib\site-packages\sqlalchemy\util\langhelpers.py", line 1338, in __get__
    obj.__dict__[self.__name__] = result = self.fget(obj)
                                           ~~~~~~~~~^^^^^
  File "E:\my_prog\zqgetdata\.venv\Lib\site-packages\sqlalchemy\orm\mapper.py", line 2733, in _post_inspect
    self._check_configure()
    ~~~~~~~~~~~~~~~~~~~~~^^
  File "E:\my_prog\zqgetdata\.venv\Lib\site-packages\sqlalchemy\orm\mapper.py", line 2410, in _check_configure
    _configure_registries({self.registry}, cascade=True)
    ~~~~~~~~~~~~~~~~~~~~~^^^^^^^^^^^^^^^^^^^^^^^^^^^^^^^
  File "E:\my_prog\zqgetdata\.venv\Lib\site-packages\sqlalchemy\orm\mapper.py", line 4227, in _configure_registries
    _do_configure_registries(registries, cascade)
    ~~~~~~~~~~~~~~~~~~~~~~~~^^^^^^^^^^^^^^^^^^^^^
  File "E:\my_prog\zqgetdata\.venv\Lib\site-packages\sqlalchemy\orm\mapper.py", line 4264, in _do_configure_registries
    raise e
sqlalchemy.exc.InvalidRequestError: One or more mappers failed to initialize - can't proceed with initialization of other mappers. Triggering mapper: 'Mapper[TczqMatch(tczq_match)]'. Original exception was: Could not determine join condition between parent/child tables on relationship TczqMatch.spf - there are no foreign keys linking these tables.  Ensure that referencing columns are associated with a ForeignKey or ForeignKeyConstraint, or specify a 'primaryjoin' expression.

2026-04-03 10:15:53 - tczq_data - ERROR - 处理联赛名称时出错：Traceback (most recent call last):
  File "E:\my_prog\zqgetdata\app\common\_utils.py", line 164, in handle_league_name
    league = localdb.query(League).filter_by(league_name=league_name).first()
             ~~~~~~~~~~~~~^^^^^^^^
  File "E:\my_prog\zqgetdata\app\database\db_core.py", line 135, in query
    raise e
  File "E:\my_prog\zqgetdata\app\database\db_core.py", line 113, in query
    da = self.session.query(obj)
  File "E:\my_prog\zqgetdata\.venv\Lib\site-packages\sqlalchemy\orm\session.py", line 2941, in query
    return self._query_cls(entities, self, **kwargs)
           ~~~~~~~~~~~~~~~^^^^^^^^^^^^^^^^^^^^^^^^^^
  File "E:\my_prog\zqgetdata\.venv\Lib\site-packages\sqlalchemy\orm\query.py", line 276, in __init__
    self._set_entities(entities)
    ~~~~~~~~~~~~~~~~~~^^^^^^^^^^
  File "E:\my_prog\zqgetdata\.venv\Lib\site-packages\sqlalchemy\orm\query.py", line 289, in _set_entities
    coercions.expect(
    ~~~~~~~~~~~~~~~~^
        roles.ColumnsClauseRole,
        ^^^^^^^^^^^^^^^^^^^^^^^^
    ...<2 lines>...
        post_inspect=True,
        ^^^^^^^^^^^^^^^^^^
    )
    ^
  File "E:\my_prog\zqgetdata\.venv\Lib\site-packages\sqlalchemy\sql\coercions.py", line 389, in expect
    insp._post_inspect
  File "E:\my_prog\zqgetdata\.venv\Lib\site-packages\sqlalchemy\util\langhelpers.py", line 1338, in __get__
    obj.__dict__[self.__name__] = result = self.fget(obj)
                                           ~~~~~~~~~^^^^^
  File "E:\my_prog\zqgetdata\.venv\Lib\site-packages\sqlalchemy\orm\mapper.py", line 2733, in _post_inspect
    self._check_configure()
    ~~~~~~~~~~~~~~~~~~~~~^^
  File "E:\my_prog\zqgetdata\.venv\Lib\site-packages\sqlalchemy\orm\mapper.py", line 2410, in _check_configure
    _configure_registries({self.registry}, cascade=True)
    ~~~~~~~~~~~~~~~~~~~~~^^^^^^^^^^^^^^^^^^^^^^^^^^^^^^^
  File "E:\my_prog\zqgetdata\.venv\Lib\site-packages\sqlalchemy\orm\mapper.py", line 4227, in _configure_registries
    _do_configure_registries(registries, cascade)
    ~~~~~~~~~~~~~~~~~~~~~~~~^^^^^^^^^^^^^^^^^^^^^
  File "E:\my_prog\zqgetdata\.venv\Lib\site-packages\sqlalchemy\orm\mapper.py", line 4264, in _do_configure_registries
    raise e
sqlalchemy.exc.InvalidRequestError: One or more mappers failed to initialize - can't proceed with initialization of other mappers. Triggering mapper: 'Mapper[TczqMatch(tczq_match)]'. Original exception was: Could not determine join condition between parent/child tables on relationship TczqMatch.spf - there are no foreign keys linking these tables.  Ensure that referencing columns are associated with a ForeignKey or ForeignKeyConstraint, or specify a 'primaryjoin' expression.

2026-04-03 10:15:53 - tczq_data - ERROR - 处理联赛名称时出错：Traceback (most recent call last):
  File "E:\my_prog\zqgetdata\app\common\_utils.py", line 164, in handle_league_name
    league = localdb.query(League).filter_by(league_name=league_name).first()
             ~~~~~~~~~~~~~^^^^^^^^
  File "E:\my_prog\zqgetdata\app\database\db_core.py", line 135, in query
    raise e
  File "E:\my_prog\zqgetdata\app\database\db_core.py", line 113, in query
    da = self.session.query(obj)
  File "E:\my_prog\zqgetdata\.venv\Lib\site-packages\sqlalchemy\orm\session.py", line 2941, in query
    return self._query_cls(entities, self, **kwargs)
           ~~~~~~~~~~~~~~~^^^^^^^^^^^^^^^^^^^^^^^^^^
  File "E:\my_prog\zqgetdata\.venv\Lib\site-packages\sqlalchemy\orm\query.py", line 276, in __init__
    self._set_entities(entities)
    ~~~~~~~~~~~~~~~~~~^^^^^^^^^^
  File "E:\my_prog\zqgetdata\.venv\Lib\site-packages\sqlalchemy\orm\query.py", line 289, in _set_entities
    coercions.expect(
    ~~~~~~~~~~~~~~~~^
        roles.ColumnsClauseRole,
        ^^^^^^^^^^^^^^^^^^^^^^^^
    ...<2 lines>...
        post_inspect=True,
        ^^^^^^^^^^^^^^^^^^
    )
    ^
  File "E:\my_prog\zqgetdata\.venv\Lib\site-packages\sqlalchemy\sql\coercions.py", line 389, in expect
    insp._post_inspect
  File "E:\my_prog\zqgetdata\.venv\Lib\site-packages\sqlalchemy\util\langhelpers.py", line 1338, in __get__
    obj.__dict__[self.__name__] = result = self.fget(obj)
                                           ~~~~~~~~~^^^^^
  File "E:\my_prog\zqgetdata\.venv\Lib\site-packages\sqlalchemy\orm\mapper.py", line 2733, in _post_inspect
    self._check_configure()
    ~~~~~~~~~~~~~~~~~~~~~^^
  File "E:\my_prog\zqgetdata\.venv\Lib\site-packages\sqlalchemy\orm\mapper.py", line 2410, in _check_configure
    _configure_registries({self.registry}, cascade=True)
    ~~~~~~~~~~~~~~~~~~~~~^^^^^^^^^^^^^^^^^^^^^^^^^^^^^^^
  File "E:\my_prog\zqgetdata\.venv\Lib\site-packages\sqlalchemy\orm\mapper.py", line 4227, in _configure_registries
    _do_configure_registries(registries, cascade)
    ~~~~~~~~~~~~~~~~~~~~~~~~^^^^^^^^^^^^^^^^^^^^^
  File "E:\my_prog\zqgetdata\.venv\Lib\site-packages\sqlalchemy\orm\mapper.py", line 4264, in _do_configure_registries
    raise e
sqlalchemy.exc.InvalidRequestError: One or more mappers failed to initialize - can't proceed with initialization of other mappers. Triggering mapper: 'Mapper[TczqMatch(tczq_match)]'. Original exception was: Could not determine join condition between parent/child tables on relationship TczqMatch.spf - there are no foreign keys linking these tables.  Ensure that referencing columns are associated with a ForeignKey or ForeignKeyConstraint, or specify a 'primaryjoin' expression.

2026-04-03 10:15:53 - tczq_data - ERROR - 处理联赛名称时出错：Traceback (most recent call last):
  File "E:\my_prog\zqgetdata\app\common\_utils.py", line 164, in handle_league_name
    league = localdb.query(League).filter_by(league_name=league_name).first()
             ~~~~~~~~~~~~~^^^^^^^^
  File "E:\my_prog\zqgetdata\app\database\db_core.py", line 135, in query
    raise e
  File "E:\my_prog\zqgetdata\app\database\db_core.py", line 113, in query
    da = self.session.query(obj)
  File "E:\my_prog\zqgetdata\.venv\Lib\site-packages\sqlalchemy\orm\session.py", line 2941, in query
    return self._query_cls(entities, self, **kwargs)
           ~~~~~~~~~~~~~~~^^^^^^^^^^^^^^^^^^^^^^^^^^
  File "E:\my_prog\zqgetdata\.venv\Lib\site-packages\sqlalchemy\orm\query.py", line 276, in __init__
    self._set_entities(entities)
    ~~~~~~~~~~~~~~~~~~^^^^^^^^^^
  File "E:\my_prog\zqgetdata\.venv\Lib\site-packages\sqlalchemy\orm\query.py", line 289, in _set_entities
    coercions.expect(
    ~~~~~~~~~~~~~~~~^
        roles.ColumnsClauseRole,
        ^^^^^^^^^^^^^^^^^^^^^^^^
    ...<2 lines>...
        post_inspect=True,
        ^^^^^^^^^^^^^^^^^^
    )
    ^
  File "E:\my_prog\zqgetdata\.venv\Lib\site-packages\sqlalchemy\sql\coercions.py", line 389, in expect
    insp._post_inspect
  File "E:\my_prog\zqgetdata\.venv\Lib\site-packages\sqlalchemy\util\langhelpers.py", line 1338, in __get__
    obj.__dict__[self.__name__] = result = self.fget(obj)
                                           ~~~~~~~~~^^^^^
  File "E:\my_prog\zqgetdata\.venv\Lib\site-packages\sqlalchemy\orm\mapper.py", line 2733, in _post_inspect
    self._check_configure()
    ~~~~~~~~~~~~~~~~~~~~~^^
  File "E:\my_prog\zqgetdata\.venv\Lib\site-packages\sqlalchemy\orm\mapper.py", line 2410, in _check_configure
    _configure_registries({self.registry}, cascade=True)
    ~~~~~~~~~~~~~~~~~~~~~^^^^^^^^^^^^^^^^^^^^^^^^^^^^^^^
  File "E:\my_prog\zqgetdata\.venv\Lib\site-packages\sqlalchemy\orm\mapper.py", line 4227, in _configure_registries
    _do_configure_registries(registries, cascade)
    ~~~~~~~~~~~~~~~~~~~~~~~~^^^^^^^^^^^^^^^^^^^^^
  File "E:\my_prog\zqgetdata\.venv\Lib\site-packages\sqlalchemy\orm\mapper.py", line 4264, in _do_configure_registries
    raise e
sqlalchemy.exc.InvalidRequestError: One or more mappers failed to initialize - can't proceed with initialization of other mappers. Triggering mapper: 'Mapper[TczqMatch(tczq_match)]'. Original exception was: Could not determine join condition between parent/child tables on relationship TczqMatch.spf - there are no foreign keys linking these tables.  Ensure that referencing columns are associated with a ForeignKey or ForeignKeyConstraint, or specify a 'primaryjoin' expression.

2026-04-03 10:15:53 - tczq_data - ERROR - 处理联赛名称时出错：Traceback (most recent call last):
  File "E:\my_prog\zqgetdata\app\common\_utils.py", line 164, in handle_league_name
    league = localdb.query(League).filter_by(league_name=league_name).first()
             ~~~~~~~~~~~~~^^^^^^^^
  File "E:\my_prog\zqgetdata\app\database\db_core.py", line 135, in query
    raise e
  File "E:\my_prog\zqgetdata\app\database\db_core.py", line 113, in query
    da = self.session.query(obj)
  File "E:\my_prog\zqgetdata\.venv\Lib\site-packages\sqlalchemy\orm\session.py", line 2941, in query
    return self._query_cls(entities, self, **kwargs)
           ~~~~~~~~~~~~~~~^^^^^^^^^^^^^^^^^^^^^^^^^^
  File "E:\my_prog\zqgetdata\.venv\Lib\site-packages\sqlalchemy\orm\query.py", line 276, in __init__
    self._set_entities(entities)
    ~~~~~~~~~~~~~~~~~~^^^^^^^^^^
  File "E:\my_prog\zqgetdata\.venv\Lib\site-packages\sqlalchemy\orm\query.py", line 289, in _set_entities
    coercions.expect(
    ~~~~~~~~~~~~~~~~^
        roles.ColumnsClauseRole,
        ^^^^^^^^^^^^^^^^^^^^^^^^
    ...<2 lines>...
        post_inspect=True,
        ^^^^^^^^^^^^^^^^^^
    )
    ^
  File "E:\my_prog\zqgetdata\.venv\Lib\site-packages\sqlalchemy\sql\coercions.py", line 389, in expect
    insp._post_inspect
  File "E:\my_prog\zqgetdata\.venv\Lib\site-packages\sqlalchemy\util\langhelpers.py", line 1338, in __get__
    obj.__dict__[self.__name__] = result = self.fget(obj)
                                           ~~~~~~~~~^^^^^
  File "E:\my_prog\zqgetdata\.venv\Lib\site-packages\sqlalchemy\orm\mapper.py", line 2733, in _post_inspect
    self._check_configure()
    ~~~~~~~~~~~~~~~~~~~~~^^
  File "E:\my_prog\zqgetdata\.venv\Lib\site-packages\sqlalchemy\orm\mapper.py", line 2410, in _check_configure
    _configure_registries({self.registry}, cascade=True)
    ~~~~~~~~~~~~~~~~~~~~~^^^^^^^^^^^^^^^^^^^^^^^^^^^^^^^
  File "E:\my_prog\zqgetdata\.venv\Lib\site-packages\sqlalchemy\orm\mapper.py", line 4227, in _configure_registries
    _do_configure_registries(registries, cascade)
    ~~~~~~~~~~~~~~~~~~~~~~~~^^^^^^^^^^^^^^^^^^^^^
  File "E:\my_prog\zqgetdata\.venv\Lib\site-packages\sqlalchemy\orm\mapper.py", line 4264, in _do_configure_registries
    raise e
sqlalchemy.exc.InvalidRequestError: One or more mappers failed to initialize - can't proceed with initialization of other mappers. Triggering mapper: 'Mapper[TczqMatch(tczq_match)]'. Original exception was: Could not determine join condition between parent/child tables on relationship TczqMatch.spf - there are no foreign keys linking these tables.  Ensure that referencing columns are associated with a ForeignKey or ForeignKeyConstraint, or specify a 'primaryjoin' expression.

2026-04-03 10:15:53 - tczq_data - ERROR - 处理联赛名称时出错：Traceback (most recent call last):
  File "E:\my_prog\zqgetdata\app\common\_utils.py", line 164, in handle_league_name
    league = localdb.query(League).filter_by(league_name=league_name).first()
             ~~~~~~~~~~~~~^^^^^^^^
  File "E:\my_prog\zqgetdata\app\database\db_core.py", line 135, in query
    raise e
  File "E:\my_prog\zqgetdata\app\database\db_core.py", line 113, in query
    da = self.session.query(obj)
  File "E:\my_prog\zqgetdata\.venv\Lib\site-packages\sqlalchemy\orm\session.py", line 2941, in query
    return self._query_cls(entities, self, **kwargs)
           ~~~~~~~~~~~~~~~^^^^^^^^^^^^^^^^^^^^^^^^^^
  File "E:\my_prog\zqgetdata\.venv\Lib\site-packages\sqlalchemy\orm\query.py", line 276, in __init__
    self._set_entities(entities)
    ~~~~~~~~~~~~~~~~~~^^^^^^^^^^
  File "E:\my_prog\zqgetdata\.venv\Lib\site-packages\sqlalchemy\orm\query.py", line 289, in _set_entities
    coercions.expect(
    ~~~~~~~~~~~~~~~~^
        roles.ColumnsClauseRole,
        ^^^^^^^^^^^^^^^^^^^^^^^^
    ...<2 lines>...
        post_inspect=True,
        ^^^^^^^^^^^^^^^^^^
    )
    ^
  File "E:\my_prog\zqgetdata\.venv\Lib\site-packages\sqlalchemy\sql\coercions.py", line 389, in expect
    insp._post_inspect
  File "E:\my_prog\zqgetdata\.venv\Lib\site-packages\sqlalchemy\util\langhelpers.py", line 1338, in __get__
    obj.__dict__[self.__name__] = result = self.fget(obj)
                                           ~~~~~~~~~^^^^^
  File "E:\my_prog\zqgetdata\.venv\Lib\site-packages\sqlalchemy\orm\mapper.py", line 2733, in _post_inspect
    self._check_configure()
    ~~~~~~~~~~~~~~~~~~~~~^^
  File "E:\my_prog\zqgetdata\.venv\Lib\site-packages\sqlalchemy\orm\mapper.py", line 2410, in _check_configure
    _configure_registries({self.registry}, cascade=True)
    ~~~~~~~~~~~~~~~~~~~~~^^^^^^^^^^^^^^^^^^^^^^^^^^^^^^^
  File "E:\my_prog\zqgetdata\.venv\Lib\site-packages\sqlalchemy\orm\mapper.py", line 4227, in _configure_registries
    _do_configure_registries(registries, cascade)
    ~~~~~~~~~~~~~~~~~~~~~~~~^^^^^^^^^^^^^^^^^^^^^
  File "E:\my_prog\zqgetdata\.venv\Lib\site-packages\sqlalchemy\orm\mapper.py", line 4264, in _do_configure_registries
    raise e
sqlalchemy.exc.InvalidRequestError: One or more mappers failed to initialize - can't proceed with initialization of other mappers. Triggering mapper: 'Mapper[TczqMatch(tczq_match)]'. Original exception was: Could not determine join condition between parent/child tables on relationship TczqMatch.spf - there are no foreign keys linking these tables.  Ensure that referencing columns are associated with a ForeignKey or ForeignKeyConstraint, or specify a 'primaryjoin' expression.

2026-04-03 10:15:53 - tczq_data - ERROR - 处理联赛名称时出错：Traceback (most recent call last):
  File "E:\my_prog\zqgetdata\app\common\_utils.py", line 164, in handle_league_name
    league = localdb.query(League).filter_by(league_name=league_name).first()
             ~~~~~~~~~~~~~^^^^^^^^
  File "E:\my_prog\zqgetdata\app\database\db_core.py", line 135, in query
    raise e
  File "E:\my_prog\zqgetdata\app\database\db_core.py", line 113, in query
    da = self.session.query(obj)
  File "E:\my_prog\zqgetdata\.venv\Lib\site-packages\sqlalchemy\orm\session.py", line 2941, in query
    return self._query_cls(entities, self, **kwargs)
           ~~~~~~~~~~~~~~~^^^^^^^^^^^^^^^^^^^^^^^^^^
  File "E:\my_prog\zqgetdata\.venv\Lib\site-packages\sqlalchemy\orm\query.py", line 276, in __init__
    self._set_entities(entities)
    ~~~~~~~~~~~~~~~~~~^^^^^^^^^^
  File "E:\my_prog\zqgetdata\.venv\Lib\site-packages\sqlalchemy\orm\query.py", line 289, in _set_entities
    coercions.expect(
    ~~~~~~~~~~~~~~~~^
        roles.ColumnsClauseRole,
        ^^^^^^^^^^^^^^^^^^^^^^^^
    ...<2 lines>...
        post_inspect=True,
        ^^^^^^^^^^^^^^^^^^
    )
    ^
  File "E:\my_prog\zqgetdata\.venv\Lib\site-packages\sqlalchemy\sql\coercions.py", line 389, in expect
    insp._post_inspect
  File "E:\my_prog\zqgetdata\.venv\Lib\site-packages\sqlalchemy\util\langhelpers.py", line 1338, in __get__
    obj.__dict__[self.__name__] = result = self.fget(obj)
                                           ~~~~~~~~~^^^^^
  File "E:\my_prog\zqgetdata\.venv\Lib\site-packages\sqlalchemy\orm\mapper.py", line 2733, in _post_inspect
    self._check_configure()
    ~~~~~~~~~~~~~~~~~~~~~^^
  File "E:\my_prog\zqgetdata\.venv\Lib\site-packages\sqlalchemy\orm\mapper.py", line 2410, in _check_configure
    _configure_registries({self.registry}, cascade=True)
    ~~~~~~~~~~~~~~~~~~~~~^^^^^^^^^^^^^^^^^^^^^^^^^^^^^^^
  File "E:\my_prog\zqgetdata\.venv\Lib\site-packages\sqlalchemy\orm\mapper.py", line 4227, in _configure_registries
    _do_configure_registries(registries, cascade)
    ~~~~~~~~~~~~~~~~~~~~~~~~^^^^^^^^^^^^^^^^^^^^^
  File "E:\my_prog\zqgetdata\.venv\Lib\site-packages\sqlalchemy\orm\mapper.py", line 4264, in _do_configure_registries
    raise e
sqlalchemy.exc.InvalidRequestError: One or more mappers failed to initialize - can't proceed with initialization of other mappers. Triggering mapper: 'Mapper[TczqMatch(tczq_match)]'. Original exception was: Could not determine join condition between parent/child tables on relationship TczqMatch.spf - there are no foreign keys linking these tables.  Ensure that referencing columns are associated with a ForeignKey or ForeignKeyConstraint, or specify a 'primaryjoin' expression.

2026-04-03 10:15:53 - tczq_data - ERROR - 处理联赛名称时出错：Traceback (most recent call last):
  File "E:\my_prog\zqgetdata\app\common\_utils.py", line 164, in handle_league_name
    league = localdb.query(League).filter_by(league_name=league_name).first()
             ~~~~~~~~~~~~~^^^^^^^^
  File "E:\my_prog\zqgetdata\app\database\db_core.py", line 135, in query
    raise e
  File "E:\my_prog\zqgetdata\app\database\db_core.py", line 113, in query
    da = self.session.query(obj)
  File "E:\my_prog\zqgetdata\.venv\Lib\site-packages\sqlalchemy\orm\session.py", line 2941, in query
    return self._query_cls(entities, self, **kwargs)
           ~~~~~~~~~~~~~~~^^^^^^^^^^^^^^^^^^^^^^^^^^
  File "E:\my_prog\zqgetdata\.venv\Lib\site-packages\sqlalchemy\orm\query.py", line 276, in __init__
    self._set_entities(entities)
    ~~~~~~~~~~~~~~~~~~^^^^^^^^^^
  File "E:\my_prog\zqgetdata\.venv\Lib\site-packages\sqlalchemy\orm\query.py", line 289, in _set_entities
    coercions.expect(
    ~~~~~~~~~~~~~~~~^
        roles.ColumnsClauseRole,
        ^^^^^^^^^^^^^^^^^^^^^^^^
    ...<2 lines>...
        post_inspect=True,
        ^^^^^^^^^^^^^^^^^^
    )
    ^
  File "E:\my_prog\zqgetdata\.venv\Lib\site-packages\sqlalchemy\sql\coercions.py", line 389, in expect
    insp._post_inspect
  File "E:\my_prog\zqgetdata\.venv\Lib\site-packages\sqlalchemy\util\langhelpers.py", line 1338, in __get__
    obj.__dict__[self.__name__] = result = self.fget(obj)
                                           ~~~~~~~~~^^^^^
  File "E:\my_prog\zqgetdata\.venv\Lib\site-packages\sqlalchemy\orm\mapper.py", line 2733, in _post_inspect
    self._check_configure()
    ~~~~~~~~~~~~~~~~~~~~~^^
  File "E:\my_prog\zqgetdata\.venv\Lib\site-packages\sqlalchemy\orm\mapper.py", line 2410, in _check_configure
    _configure_registries({self.registry}, cascade=True)
    ~~~~~~~~~~~~~~~~~~~~~^^^^^^^^^^^^^^^^^^^^^^^^^^^^^^^
  File "E:\my_prog\zqgetdata\.venv\Lib\site-packages\sqlalchemy\orm\mapper.py", line 4227, in _configure_registries
    _do_configure_registries(registries, cascade)
    ~~~~~~~~~~~~~~~~~~~~~~~~^^^^^^^^^^^^^^^^^^^^^
  File "E:\my_prog\zqgetdata\.venv\Lib\site-packages\sqlalchemy\orm\mapper.py", line 4264, in _do_configure_registries
    raise e
sqlalchemy.exc.InvalidRequestError: One or more mappers failed to initialize - can't proceed with initialization of other mappers. Triggering mapper: 'Mapper[TczqMatch(tczq_match)]'. Original exception was: Could not determine join condition between parent/child tables on relationship TczqMatch.spf - there are no foreign keys linking these tables.  Ensure that referencing columns are associated with a ForeignKey or ForeignKeyConstraint, or specify a 'primaryjoin' expression.

2026-04-03 10:15:53 - tczq_data - ERROR - 处理联赛名称时出错：Traceback (most recent call last):
  File "E:\my_prog\zqgetdata\app\common\_utils.py", line 164, in handle_league_name
    league = localdb.query(League).filter_by(league_name=league_name).first()
             ~~~~~~~~~~~~~^^^^^^^^
  File "E:\my_prog\zqgetdata\app\database\db_core.py", line 135, in query
    raise e
  File "E:\my_prog\zqgetdata\app\database\db_core.py", line 113, in query
    da = self.session.query(obj)
  File "E:\my_prog\zqgetdata\.venv\Lib\site-packages\sqlalchemy\orm\session.py", line 2941, in query
    return self._query_cls(entities, self, **kwargs)
           ~~~~~~~~~~~~~~~^^^^^^^^^^^^^^^^^^^^^^^^^^
  File "E:\my_prog\zqgetdata\.venv\Lib\site-packages\sqlalchemy\orm\query.py", line 276, in __init__
    self._set_entities(entities)
    ~~~~~~~~~~~~~~~~~~^^^^^^^^^^
  File "E:\my_prog\zqgetdata\.venv\Lib\site-packages\sqlalchemy\orm\query.py", line 289, in _set_entities
    coercions.expect(
    ~~~~~~~~~~~~~~~~^
        roles.ColumnsClauseRole,
        ^^^^^^^^^^^^^^^^^^^^^^^^
    ...<2 lines>...
        post_inspect=True,
        ^^^^^^^^^^^^^^^^^^
    )
    ^
  File "E:\my_prog\zqgetdata\.venv\Lib\site-packages\sqlalchemy\sql\coercions.py", line 389, in expect
    insp._post_inspect
  File "E:\my_prog\zqgetdata\.venv\Lib\site-packages\sqlalchemy\util\langhelpers.py", line 1338, in __get__
    obj.__dict__[self.__name__] = result = self.fget(obj)
                                           ~~~~~~~~~^^^^^
  File "E:\my_prog\zqgetdata\.venv\Lib\site-packages\sqlalchemy\orm\mapper.py", line 2733, in _post_inspect
    self._check_configure()
    ~~~~~~~~~~~~~~~~~~~~~^^
  File "E:\my_prog\zqgetdata\.venv\Lib\site-packages\sqlalchemy\orm\mapper.py", line 2410, in _check_configure
    _configure_registries({self.registry}, cascade=True)
    ~~~~~~~~~~~~~~~~~~~~~^^^^^^^^^^^^^^^^^^^^^^^^^^^^^^^
  File "E:\my_prog\zqgetdata\.venv\Lib\site-packages\sqlalchemy\orm\mapper.py", line 4227, in _configure_registries
    _do_configure_registries(registries, cascade)
    ~~~~~~~~~~~~~~~~~~~~~~~~^^^^^^^^^^^^^^^^^^^^^
  File "E:\my_prog\zqgetdata\.venv\Lib\site-packages\sqlalchemy\orm\mapper.py", line 4264, in _do_configure_registries
    raise e
sqlalchemy.exc.InvalidRequestError: One or more mappers failed to initialize - can't proceed with initialization of other mappers. Triggering mapper: 'Mapper[TczqMatch(tczq_match)]'. Original exception was: Could not determine join condition between parent/child tables on relationship TczqMatch.spf - there are no foreign keys linking these tables.  Ensure that referencing columns are associated with a ForeignKey or ForeignKeyConstraint, or specify a 'primaryjoin' expression.

2026-04-03 10:15:53 - tczq_data - ERROR - 处理联赛名称时出错：Traceback (most recent call last):
  File "E:\my_prog\zqgetdata\app\common\_utils.py", line 164, in handle_league_name
    league = localdb.query(League).filter_by(league_name=league_name).first()
             ~~~~~~~~~~~~~^^^^^^^^
  File "E:\my_prog\zqgetdata\app\database\db_core.py", line 135, in query
    raise e
  File "E:\my_prog\zqgetdata\app\database\db_core.py", line 113, in query
    da = self.session.query(obj)
  File "E:\my_prog\zqgetdata\.venv\Lib\site-packages\sqlalchemy\orm\session.py", line 2941, in query
    return self._query_cls(entities, self, **kwargs)
           ~~~~~~~~~~~~~~~^^^^^^^^^^^^^^^^^^^^^^^^^^
  File "E:\my_prog\zqgetdata\.venv\Lib\site-packages\sqlalchemy\orm\query.py", line 276, in __init__
    self._set_entities(entities)
    ~~~~~~~~~~~~~~~~~~^^^^^^^^^^
  File "E:\my_prog\zqgetdata\.venv\Lib\site-packages\sqlalchemy\orm\query.py", line 289, in _set_entities
    coercions.expect(
    ~~~~~~~~~~~~~~~~^
        roles.ColumnsClauseRole,
        ^^^^^^^^^^^^^^^^^^^^^^^^
    ...<2 lines>...
        post_inspect=True,
        ^^^^^^^^^^^^^^^^^^
    )
    ^
  File "E:\my_prog\zqgetdata\.venv\Lib\site-packages\sqlalchemy\sql\coercions.py", line 389, in expect
    insp._post_inspect
  File "E:\my_prog\zqgetdata\.venv\Lib\site-packages\sqlalchemy\util\langhelpers.py", line 1338, in __get__
    obj.__dict__[self.__name__] = result = self.fget(obj)
                                           ~~~~~~~~~^^^^^
  File "E:\my_prog\zqgetdata\.venv\Lib\site-packages\sqlalchemy\orm\mapper.py", line 2733, in _post_inspect
    self._check_configure()
    ~~~~~~~~~~~~~~~~~~~~~^^
  File "E:\my_prog\zqgetdata\.venv\Lib\site-packages\sqlalchemy\orm\mapper.py", line 2410, in _check_configure
    _configure_registries({self.registry}, cascade=True)
    ~~~~~~~~~~~~~~~~~~~~~^^^^^^^^^^^^^^^^^^^^^^^^^^^^^^^
  File "E:\my_prog\zqgetdata\.venv\Lib\site-packages\sqlalchemy\orm\mapper.py", line 4227, in _configure_registries
    _do_configure_registries(registries, cascade)
    ~~~~~~~~~~~~~~~~~~~~~~~~^^^^^^^^^^^^^^^^^^^^^
  File "E:\my_prog\zqgetdata\.venv\Lib\site-packages\sqlalchemy\orm\mapper.py", line 4264, in _do_configure_registries
    raise e
sqlalchemy.exc.InvalidRequestError: One or more mappers failed to initialize - can't proceed with initialization of other mappers. Triggering mapper: 'Mapper[TczqMatch(tczq_match)]'. Original exception was: Could not determine join condition between parent/child tables on relationship TczqMatch.spf - there are no foreign keys linking these tables.  Ensure that referencing columns are associated with a ForeignKey or ForeignKeyConstraint, or specify a 'primaryjoin' expression.

2026-04-03 10:15:53 - tczq_data - ERROR - 处理联赛名称时出错：Traceback (most recent call last):
  File "E:\my_prog\zqgetdata\app\common\_utils.py", line 164, in handle_league_name
    league = localdb.query(League).filter_by(league_name=league_name).first()
             ~~~~~~~~~~~~~^^^^^^^^
  File "E:\my_prog\zqgetdata\app\database\db_core.py", line 135, in query
    raise e
  File "E:\my_prog\zqgetdata\app\database\db_core.py", line 113, in query
    da = self.session.query(obj)
  File "E:\my_prog\zqgetdata\.venv\Lib\site-packages\sqlalchemy\orm\session.py", line 2941, in query
    return self._query_cls(entities, self, **kwargs)
           ~~~~~~~~~~~~~~~^^^^^^^^^^^^^^^^^^^^^^^^^^
  File "E:\my_prog\zqgetdata\.venv\Lib\site-packages\sqlalchemy\orm\query.py", line 276, in __init__
    self._set_entities(entities)
    ~~~~~~~~~~~~~~~~~~^^^^^^^^^^
  File "E:\my_prog\zqgetdata\.venv\Lib\site-packages\sqlalchemy\orm\query.py", line 289, in _set_entities
    coercions.expect(
    ~~~~~~~~~~~~~~~~^
        roles.ColumnsClauseRole,
        ^^^^^^^^^^^^^^^^^^^^^^^^
    ...<2 lines>...
        post_inspect=True,
        ^^^^^^^^^^^^^^^^^^
    )
    ^
  File "E:\my_prog\zqgetdata\.venv\Lib\site-packages\sqlalchemy\sql\coercions.py", line 389, in expect
    insp._post_inspect
  File "E:\my_prog\zqgetdata\.venv\Lib\site-packages\sqlalchemy\util\langhelpers.py", line 1338, in __get__
    obj.__dict__[self.__name__] = result = self.fget(obj)
                                           ~~~~~~~~~^^^^^
  File "E:\my_prog\zqgetdata\.venv\Lib\site-packages\sqlalchemy\orm\mapper.py", line 2733, in _post_inspect
    self._check_configure()
    ~~~~~~~~~~~~~~~~~~~~~^^
  File "E:\my_prog\zqgetdata\.venv\Lib\site-packages\sqlalchemy\orm\mapper.py", line 2410, in _check_configure
    _configure_registries({self.registry}, cascade=True)
    ~~~~~~~~~~~~~~~~~~~~~^^^^^^^^^^^^^^^^^^^^^^^^^^^^^^^
  File "E:\my_prog\zqgetdata\.venv\Lib\site-packages\sqlalchemy\orm\mapper.py", line 4227, in _configure_registries
    _do_configure_registries(registries, cascade)
    ~~~~~~~~~~~~~~~~~~~~~~~~^^^^^^^^^^^^^^^^^^^^^
  File "E:\my_prog\zqgetdata\.venv\Lib\site-packages\sqlalchemy\orm\mapper.py", line 4264, in _do_configure_registries
    raise e
sqlalchemy.exc.InvalidRequestError: One or more mappers failed to initialize - can't proceed with initialization of other mappers. Triggering mapper: 'Mapper[TczqMatch(tczq_match)]'. Original exception was: Could not determine join condition between parent/child tables on relationship TczqMatch.spf - there are no foreign keys linking these tables.  Ensure that referencing columns are associated with a ForeignKey or ForeignKeyConstraint, or specify a 'primaryjoin' expression.

2026-04-03 10:15:53 - tczq_data - ERROR - 处理联赛名称时出错：Traceback (most recent call last):
  File "E:\my_prog\zqgetdata\app\common\_utils.py", line 164, in handle_league_name
    league = localdb.query(League).filter_by(league_name=league_name).first()
             ~~~~~~~~~~~~~^^^^^^^^
  File "E:\my_prog\zqgetdata\app\database\db_core.py", line 135, in query
    raise e
  File "E:\my_prog\zqgetdata\app\database\db_core.py", line 113, in query
    da = self.session.query(obj)
  File "E:\my_prog\zqgetdata\.venv\Lib\site-packages\sqlalchemy\orm\session.py", line 2941, in query
    return self._query_cls(entities, self, **kwargs)
           ~~~~~~~~~~~~~~~^^^^^^^^^^^^^^^^^^^^^^^^^^
  File "E:\my_prog\zqgetdata\.venv\Lib\site-packages\sqlalchemy\orm\query.py", line 276, in __init__
    self._set_entities(entities)
    ~~~~~~~~~~~~~~~~~~^^^^^^^^^^
  File "E:\my_prog\zqgetdata\.venv\Lib\site-packages\sqlalchemy\orm\query.py", line 289, in _set_entities
    coercions.expect(
    ~~~~~~~~~~~~~~~~^
        roles.ColumnsClauseRole,
        ^^^^^^^^^^^^^^^^^^^^^^^^
    ...<2 lines>...
        post_inspect=True,
        ^^^^^^^^^^^^^^^^^^
    )
    ^
  File "E:\my_prog\zqgetdata\.venv\Lib\site-packages\sqlalchemy\sql\coercions.py", line 389, in expect
    insp._post_inspect
  File "E:\my_prog\zqgetdata\.venv\Lib\site-packages\sqlalchemy\util\langhelpers.py", line 1338, in __get__
    obj.__dict__[self.__name__] = result = self.fget(obj)
                                           ~~~~~~~~~^^^^^
  File "E:\my_prog\zqgetdata\.venv\Lib\site-packages\sqlalchemy\orm\mapper.py", line 2733, in _post_inspect
    self._check_configure()
    ~~~~~~~~~~~~~~~~~~~~~^^
  File "E:\my_prog\zqgetdata\.venv\Lib\site-packages\sqlalchemy\orm\mapper.py", line 2410, in _check_configure
    _configure_registries({self.registry}, cascade=True)
    ~~~~~~~~~~~~~~~~~~~~~^^^^^^^^^^^^^^^^^^^^^^^^^^^^^^^
  File "E:\my_prog\zqgetdata\.venv\Lib\site-packages\sqlalchemy\orm\mapper.py", line 4227, in _configure_registries
    _do_configure_registries(registries, cascade)
    ~~~~~~~~~~~~~~~~~~~~~~~~^^^^^^^^^^^^^^^^^^^^^
  File "E:\my_prog\zqgetdata\.venv\Lib\site-packages\sqlalchemy\orm\mapper.py", line 4264, in _do_configure_registries
    raise e
sqlalchemy.exc.InvalidRequestError: One or more mappers failed to initialize - can't proceed with initialization of other mappers. Triggering mapper: 'Mapper[TczqMatch(tczq_match)]'. Original exception was: Could not determine join condition between parent/child tables on relationship TczqMatch.spf - there are no foreign keys linking these tables.  Ensure that referencing columns are associated with a ForeignKey or ForeignKeyConstraint, or specify a 'primaryjoin' expression.

2026-04-03 10:15:53 - tczq_data - ERROR - 处理联赛名称时出错：Traceback (most recent call last):
  File "E:\my_prog\zqgetdata\app\common\_utils.py", line 164, in handle_league_name
    league = localdb.query(League).filter_by(league_name=league_name).first()
             ~~~~~~~~~~~~~^^^^^^^^
  File "E:\my_prog\zqgetdata\app\database\db_core.py", line 135, in query
    raise e
  File "E:\my_prog\zqgetdata\app\database\db_core.py", line 113, in query
    da = self.session.query(obj)
  File "E:\my_prog\zqgetdata\.venv\Lib\site-packages\sqlalchemy\orm\session.py", line 2941, in query
    return self._query_cls(entities, self, **kwargs)
           ~~~~~~~~~~~~~~~^^^^^^^^^^^^^^^^^^^^^^^^^^
  File "E:\my_prog\zqgetdata\.venv\Lib\site-packages\sqlalchemy\orm\query.py", line 276, in __init__
    self._set_entities(entities)
    ~~~~~~~~~~~~~~~~~~^^^^^^^^^^
  File "E:\my_prog\zqgetdata\.venv\Lib\site-packages\sqlalchemy\orm\query.py", line 289, in _set_entities
    coercions.expect(
    ~~~~~~~~~~~~~~~~^
        roles.ColumnsClauseRole,
        ^^^^^^^^^^^^^^^^^^^^^^^^
    ...<2 lines>...
        post_inspect=True,
        ^^^^^^^^^^^^^^^^^^
    )
    ^
  File "E:\my_prog\zqgetdata\.venv\Lib\site-packages\sqlalchemy\sql\coercions.py", line 389, in expect
    insp._post_inspect
  File "E:\my_prog\zqgetdata\.venv\Lib\site-packages\sqlalchemy\util\langhelpers.py", line 1338, in __get__
    obj.__dict__[self.__name__] = result = self.fget(obj)
                                           ~~~~~~~~~^^^^^
  File "E:\my_prog\zqgetdata\.venv\Lib\site-packages\sqlalchemy\orm\mapper.py", line 2733, in _post_inspect
    self._check_configure()
    ~~~~~~~~~~~~~~~~~~~~~^^
  File "E:\my_prog\zqgetdata\.venv\Lib\site-packages\sqlalchemy\orm\mapper.py", line 2410, in _check_configure
    _configure_registries({self.registry}, cascade=True)
    ~~~~~~~~~~~~~~~~~~~~~^^^^^^^^^^^^^^^^^^^^^^^^^^^^^^^
  File "E:\my_prog\zqgetdata\.venv\Lib\site-packages\sqlalchemy\orm\mapper.py", line 4227, in _configure_registries
    _do_configure_registries(registries, cascade)
    ~~~~~~~~~~~~~~~~~~~~~~~~^^^^^^^^^^^^^^^^^^^^^
  File "E:\my_prog\zqgetdata\.venv\Lib\site-packages\sqlalchemy\orm\mapper.py", line 4264, in _do_configure_registries
    raise e
sqlalchemy.exc.InvalidRequestError: One or more mappers failed to initialize - can't proceed with initialization of other mappers. Triggering mapper: 'Mapper[TczqMatch(tczq_match)]'. Original exception was: Could not determine join condition between parent/child tables on relationship TczqMatch.spf - there are no foreign keys linking these tables.  Ensure that referencing columns are associated with a ForeignKey or ForeignKeyConstraint, or specify a 'primaryjoin' expression.

2026-04-03 10:15:53 - tczq_data - ERROR - 处理联赛名称时出错：Traceback (most recent call last):
  File "E:\my_prog\zqgetdata\app\common\_utils.py", line 164, in handle_league_name
    league = localdb.query(League).filter_by(league_name=league_name).first()
             ~~~~~~~~~~~~~^^^^^^^^
  File "E:\my_prog\zqgetdata\app\database\db_core.py", line 135, in query
    raise e
  File "E:\my_prog\zqgetdata\app\database\db_core.py", line 113, in query
    da = self.session.query(obj)
  File "E:\my_prog\zqgetdata\.venv\Lib\site-packages\sqlalchemy\orm\session.py", line 2941, in query
    return self._query_cls(entities, self, **kwargs)
           ~~~~~~~~~~~~~~~^^^^^^^^^^^^^^^^^^^^^^^^^^
  File "E:\my_prog\zqgetdata\.venv\Lib\site-packages\sqlalchemy\orm\query.py", line 276, in __init__
    self._set_entities(entities)
    ~~~~~~~~~~~~~~~~~~^^^^^^^^^^
  File "E:\my_prog\zqgetdata\.venv\Lib\site-packages\sqlalchemy\orm\query.py", line 289, in _set_entities
    coercions.expect(
    ~~~~~~~~~~~~~~~~^
        roles.ColumnsClauseRole,
        ^^^^^^^^^^^^^^^^^^^^^^^^
    ...<2 lines>...
        post_inspect=True,
        ^^^^^^^^^^^^^^^^^^
    )
    ^
  File "E:\my_prog\zqgetdata\.venv\Lib\site-packages\sqlalchemy\sql\coercions.py", line 389, in expect
    insp._post_inspect
  File "E:\my_prog\zqgetdata\.venv\Lib\site-packages\sqlalchemy\util\langhelpers.py", line 1338, in __get__
    obj.__dict__[self.__name__] = result = self.fget(obj)
                                           ~~~~~~~~~^^^^^
  File "E:\my_prog\zqgetdata\.venv\Lib\site-packages\sqlalchemy\orm\mapper.py", line 2733, in _post_inspect
    self._check_configure()
    ~~~~~~~~~~~~~~~~~~~~~^^
  File "E:\my_prog\zqgetdata\.venv\Lib\site-packages\sqlalchemy\orm\mapper.py", line 2410, in _check_configure
    _configure_registries({self.registry}, cascade=True)
    ~~~~~~~~~~~~~~~~~~~~~^^^^^^^^^^^^^^^^^^^^^^^^^^^^^^^
  File "E:\my_prog\zqgetdata\.venv\Lib\site-packages\sqlalchemy\orm\mapper.py", line 4227, in _configure_registries
    _do_configure_registries(registries, cascade)
    ~~~~~~~~~~~~~~~~~~~~~~~~^^^^^^^^^^^^^^^^^^^^^
  File "E:\my_prog\zqgetdata\.venv\Lib\site-packages\sqlalchemy\orm\mapper.py", line 4264, in _do_configure_registries
    raise e
sqlalchemy.exc.InvalidRequestError: One or more mappers failed to initialize - can't proceed with initialization of other mappers. Triggering mapper: 'Mapper[TczqMatch(tczq_match)]'. Original exception was: Could not determine join condition between parent/child tables on relationship TczqMatch.spf - there are no foreign keys linking these tables.  Ensure that referencing columns are associated with a ForeignKey or ForeignKeyConstraint, or specify a 'primaryjoin' expression.

2026-04-03 10:15:53 - tczq_data - ERROR - 处理联赛名称时出错：Traceback (most recent call last):
  File "E:\my_prog\zqgetdata\app\common\_utils.py", line 164, in handle_league_name
    league = localdb.query(League).filter_by(league_name=league_name).first()
             ~~~~~~~~~~~~~^^^^^^^^
  File "E:\my_prog\zqgetdata\app\database\db_core.py", line 135, in query
    raise e
  File "E:\my_prog\zqgetdata\app\database\db_core.py", line 113, in query
    da = self.session.query(obj)
  File "E:\my_prog\zqgetdata\.venv\Lib\site-packages\sqlalchemy\orm\session.py", line 2941, in query
    return self._query_cls(entities, self, **kwargs)
           ~~~~~~~~~~~~~~~^^^^^^^^^^^^^^^^^^^^^^^^^^
  File "E:\my_prog\zqgetdata\.venv\Lib\site-packages\sqlalchemy\orm\query.py", line 276, in __init__
    self._set_entities(entities)
    ~~~~~~~~~~~~~~~~~~^^^^^^^^^^
  File "E:\my_prog\zqgetdata\.venv\Lib\site-packages\sqlalchemy\orm\query.py", line 289, in _set_entities
    coercions.expect(
    ~~~~~~~~~~~~~~~~^
        roles.ColumnsClauseRole,
        ^^^^^^^^^^^^^^^^^^^^^^^^
    ...<2 lines>...
        post_inspect=True,
        ^^^^^^^^^^^^^^^^^^
    )
    ^
  File "E:\my_prog\zqgetdata\.venv\Lib\site-packages\sqlalchemy\sql\coercions.py", line 389, in expect
    insp._post_inspect
  File "E:\my_prog\zqgetdata\.venv\Lib\site-packages\sqlalchemy\util\langhelpers.py", line 1338, in __get__
    obj.__dict__[self.__name__] = result = self.fget(obj)
                                           ~~~~~~~~~^^^^^
  File "E:\my_prog\zqgetdata\.venv\Lib\site-packages\sqlalchemy\orm\mapper.py", line 2733, in _post_inspect
    self._check_configure()
    ~~~~~~~~~~~~~~~~~~~~~^^
  File "E:\my_prog\zqgetdata\.venv\Lib\site-packages\sqlalchemy\orm\mapper.py", line 2410, in _check_configure
    _configure_registries({self.registry}, cascade=True)
    ~~~~~~~~~~~~~~~~~~~~~^^^^^^^^^^^^^^^^^^^^^^^^^^^^^^^
  File "E:\my_prog\zqgetdata\.venv\Lib\site-packages\sqlalchemy\orm\mapper.py", line 4227, in _configure_registries
    _do_configure_registries(registries, cascade)
    ~~~~~~~~~~~~~~~~~~~~~~~~^^^^^^^^^^^^^^^^^^^^^
  File "E:\my_prog\zqgetdata\.venv\Lib\site-packages\sqlalchemy\orm\mapper.py", line 4264, in _do_configure_registries
    raise e
sqlalchemy.exc.InvalidRequestError: One or more mappers failed to initialize - can't proceed with initialization of other mappers. Triggering mapper: 'Mapper[TczqMatch(tczq_match)]'. Original exception was: Could not determine join condition between parent/child tables on relationship TczqMatch.spf - there are no foreign keys linking these tables.  Ensure that referencing columns are associated with a ForeignKey or ForeignKeyConstraint, or specify a 'primaryjoin' expression.

2026-04-03 10:15:53 - tczq_data - ERROR - 处理联赛名称时出错：Traceback (most recent call last):
  File "E:\my_prog\zqgetdata\app\common\_utils.py", line 164, in handle_league_name
    league = localdb.query(League).filter_by(league_name=league_name).first()
             ~~~~~~~~~~~~~^^^^^^^^
  File "E:\my_prog\zqgetdata\app\database\db_core.py", line 135, in query
    raise e
  File "E:\my_prog\zqgetdata\app\database\db_core.py", line 113, in query
    da = self.session.query(obj)
  File "E:\my_prog\zqgetdata\.venv\Lib\site-packages\sqlalchemy\orm\session.py", line 2941, in query
    return self._query_cls(entities, self, **kwargs)
           ~~~~~~~~~~~~~~~^^^^^^^^^^^^^^^^^^^^^^^^^^
  File "E:\my_prog\zqgetdata\.venv\Lib\site-packages\sqlalchemy\orm\query.py", line 276, in __init__
    self._set_entities(entities)
    ~~~~~~~~~~~~~~~~~~^^^^^^^^^^
  File "E:\my_prog\zqgetdata\.venv\Lib\site-packages\sqlalchemy\orm\query.py", line 289, in _set_entities
    coercions.expect(
    ~~~~~~~~~~~~~~~~^
        roles.ColumnsClauseRole,
        ^^^^^^^^^^^^^^^^^^^^^^^^
    ...<2 lines>...
        post_inspect=True,
        ^^^^^^^^^^^^^^^^^^
    )
    ^
  File "E:\my_prog\zqgetdata\.venv\Lib\site-packages\sqlalchemy\sql\coercions.py", line 389, in expect
    insp._post_inspect
  File "E:\my_prog\zqgetdata\.venv\Lib\site-packages\sqlalchemy\util\langhelpers.py", line 1338, in __get__
    obj.__dict__[self.__name__] = result = self.fget(obj)
                                           ~~~~~~~~~^^^^^
  File "E:\my_prog\zqgetdata\.venv\Lib\site-packages\sqlalchemy\orm\mapper.py", line 2733, in _post_inspect
    self._check_configure()
    ~~~~~~~~~~~~~~~~~~~~~^^
  File "E:\my_prog\zqgetdata\.venv\Lib\site-packages\sqlalchemy\orm\mapper.py", line 2410, in _check_configure
    _configure_registries({self.registry}, cascade=True)
    ~~~~~~~~~~~~~~~~~~~~~^^^^^^^^^^^^^^^^^^^^^^^^^^^^^^^
  File "E:\my_prog\zqgetdata\.venv\Lib\site-packages\sqlalchemy\orm\mapper.py", line 4227, in _configure_registries
    _do_configure_registries(registries, cascade)
    ~~~~~~~~~~~~~~~~~~~~~~~~^^^^^^^^^^^^^^^^^^^^^
  File "E:\my_prog\zqgetdata\.venv\Lib\site-packages\sqlalchemy\orm\mapper.py", line 4264, in _do_configure_registries
    raise e
sqlalchemy.exc.InvalidRequestError: One or more mappers failed to initialize - can't proceed with initialization of other mappers. Triggering mapper: 'Mapper[TczqMatch(tczq_match)]'. Original exception was: Could not determine join condition between parent/child tables on relationship TczqMatch.spf - there are no foreign keys linking these tables.  Ensure that referencing columns are associated with a ForeignKey or ForeignKeyConstraint, or specify a 'primaryjoin' expression.

2026-04-03 10:15:53 - tczq_data - ERROR - 处理联赛名称时出错：Traceback (most recent call last):
  File "E:\my_prog\zqgetdata\app\common\_utils.py", line 164, in handle_league_name
    league = localdb.query(League).filter_by(league_name=league_name).first()
             ~~~~~~~~~~~~~^^^^^^^^
  File "E:\my_prog\zqgetdata\app\database\db_core.py", line 135, in query
    raise e
  File "E:\my_prog\zqgetdata\app\database\db_core.py", line 113, in query
    da = self.session.query(obj)
  File "E:\my_prog\zqgetdata\.venv\Lib\site-packages\sqlalchemy\orm\session.py", line 2941, in query
    return self._query_cls(entities, self, **kwargs)
           ~~~~~~~~~~~~~~~^^^^^^^^^^^^^^^^^^^^^^^^^^
  File "E:\my_prog\zqgetdata\.venv\Lib\site-packages\sqlalchemy\orm\query.py", line 276, in __init__
    self._set_entities(entities)
    ~~~~~~~~~~~~~~~~~~^^^^^^^^^^
  File "E:\my_prog\zqgetdata\.venv\Lib\site-packages\sqlalchemy\orm\query.py", line 289, in _set_entities
    coercions.expect(
    ~~~~~~~~~~~~~~~~^
        roles.ColumnsClauseRole,
        ^^^^^^^^^^^^^^^^^^^^^^^^
    ...<2 lines>...
        post_inspect=True,
        ^^^^^^^^^^^^^^^^^^
    )
    ^
  File "E:\my_prog\zqgetdata\.venv\Lib\site-packages\sqlalchemy\sql\coercions.py", line 389, in expect
    insp._post_inspect
  File "E:\my_prog\zqgetdata\.venv\Lib\site-packages\sqlalchemy\util\langhelpers.py", line 1338, in __get__
    obj.__dict__[self.__name__] = result = self.fget(obj)
                                           ~~~~~~~~~^^^^^
  File "E:\my_prog\zqgetdata\.venv\Lib\site-packages\sqlalchemy\orm\mapper.py", line 2733, in _post_inspect
    self._check_configure()
    ~~~~~~~~~~~~~~~~~~~~~^^
  File "E:\my_prog\zqgetdata\.venv\Lib\site-packages\sqlalchemy\orm\mapper.py", line 2410, in _check_configure
    _configure_registries({self.registry}, cascade=True)
    ~~~~~~~~~~~~~~~~~~~~~^^^^^^^^^^^^^^^^^^^^^^^^^^^^^^^
  File "E:\my_prog\zqgetdata\.venv\Lib\site-packages\sqlalchemy\orm\mapper.py", line 4227, in _configure_registries
    _do_configure_registries(registries, cascade)
    ~~~~~~~~~~~~~~~~~~~~~~~~^^^^^^^^^^^^^^^^^^^^^
  File "E:\my_prog\zqgetdata\.venv\Lib\site-packages\sqlalchemy\orm\mapper.py", line 4264, in _do_configure_registries
    raise e
sqlalchemy.exc.InvalidRequestError: One or more mappers failed to initialize - can't proceed with initialization of other mappers. Triggering mapper: 'Mapper[TczqMatch(tczq_match)]'. Original exception was: Could not determine join condition between parent/child tables on relationship TczqMatch.spf - there are no foreign keys linking these tables.  Ensure that referencing columns are associated with a ForeignKey or ForeignKeyConstraint, or specify a 'primaryjoin' expression.

2026-04-03 10:15:53 - tczq_data - ERROR - 处理联赛名称时出错：Traceback (most recent call last):
  File "E:\my_prog\zqgetdata\app\common\_utils.py", line 164, in handle_league_name
    league = localdb.query(League).filter_by(league_name=league_name).first()
             ~~~~~~~~~~~~~^^^^^^^^
  File "E:\my_prog\zqgetdata\app\database\db_core.py", line 135, in query
    raise e
  File "E:\my_prog\zqgetdata\app\database\db_core.py", line 113, in query
    da = self.session.query(obj)
  File "E:\my_prog\zqgetdata\.venv\Lib\site-packages\sqlalchemy\orm\session.py", line 2941, in query
    return self._query_cls(entities, self, **kwargs)
           ~~~~~~~~~~~~~~~^^^^^^^^^^^^^^^^^^^^^^^^^^
  File "E:\my_prog\zqgetdata\.venv\Lib\site-packages\sqlalchemy\orm\query.py", line 276, in __init__
    self._set_entities(entities)
    ~~~~~~~~~~~~~~~~~~^^^^^^^^^^
  File "E:\my_prog\zqgetdata\.venv\Lib\site-packages\sqlalchemy\orm\query.py", line 289, in _set_entities
    coercions.expect(
    ~~~~~~~~~~~~~~~~^
        roles.ColumnsClauseRole,
        ^^^^^^^^^^^^^^^^^^^^^^^^
    ...<2 lines>...
        post_inspect=True,
        ^^^^^^^^^^^^^^^^^^
    )
    ^
  File "E:\my_prog\zqgetdata\.venv\Lib\site-packages\sqlalchemy\sql\coercions.py", line 389, in expect
    insp._post_inspect
  File "E:\my_prog\zqgetdata\.venv\Lib\site-packages\sqlalchemy\util\langhelpers.py", line 1338, in __get__
    obj.__dict__[self.__name__] = result = self.fget(obj)
                                           ~~~~~~~~~^^^^^
  File "E:\my_prog\zqgetdata\.venv\Lib\site-packages\sqlalchemy\orm\mapper.py", line 2733, in _post_inspect
    self._check_configure()
    ~~~~~~~~~~~~~~~~~~~~~^^
  File "E:\my_prog\zqgetdata\.venv\Lib\site-packages\sqlalchemy\orm\mapper.py", line 2410, in _check_configure
    _configure_registries({self.registry}, cascade=True)
    ~~~~~~~~~~~~~~~~~~~~~^^^^^^^^^^^^^^^^^^^^^^^^^^^^^^^
  File "E:\my_prog\zqgetdata\.venv\Lib\site-packages\sqlalchemy\orm\mapper.py", line 4227, in _configure_registries
    _do_configure_registries(registries, cascade)
    ~~~~~~~~~~~~~~~~~~~~~~~~^^^^^^^^^^^^^^^^^^^^^
  File "E:\my_prog\zqgetdata\.venv\Lib\site-packages\sqlalchemy\orm\mapper.py", line 4264, in _do_configure_registries
    raise e
sqlalchemy.exc.InvalidRequestError: One or more mappers failed to initialize - can't proceed with initialization of other mappers. Triggering mapper: 'Mapper[TczqMatch(tczq_match)]'. Original exception was: Could not determine join condition between parent/child tables on relationship TczqMatch.spf - there are no foreign keys linking these tables.  Ensure that referencing columns are associated with a ForeignKey or ForeignKeyConstraint, or specify a 'primaryjoin' expression.

2026-04-03 10:15:53 - tczq_data - ERROR - 处理联赛名称时出错：Traceback (most recent call last):
  File "E:\my_prog\zqgetdata\app\common\_utils.py", line 164, in handle_league_name
    league = localdb.query(League).filter_by(league_name=league_name).first()
             ~~~~~~~~~~~~~^^^^^^^^
  File "E:\my_prog\zqgetdata\app\database\db_core.py", line 135, in query
    raise e
  File "E:\my_prog\zqgetdata\app\database\db_core.py", line 113, in query
    da = self.session.query(obj)
  File "E:\my_prog\zqgetdata\.venv\Lib\site-packages\sqlalchemy\orm\session.py", line 2941, in query
    return self._query_cls(entities, self, **kwargs)
           ~~~~~~~~~~~~~~~^^^^^^^^^^^^^^^^^^^^^^^^^^
  File "E:\my_prog\zqgetdata\.venv\Lib\site-packages\sqlalchemy\orm\query.py", line 276, in __init__
    self._set_entities(entities)
    ~~~~~~~~~~~~~~~~~~^^^^^^^^^^
  File "E:\my_prog\zqgetdata\.venv\Lib\site-packages\sqlalchemy\orm\query.py", line 289, in _set_entities
    coercions.expect(
    ~~~~~~~~~~~~~~~~^
        roles.ColumnsClauseRole,
        ^^^^^^^^^^^^^^^^^^^^^^^^
    ...<2 lines>...
        post_inspect=True,
        ^^^^^^^^^^^^^^^^^^
    )
    ^
  File "E:\my_prog\zqgetdata\.venv\Lib\site-packages\sqlalchemy\sql\coercions.py", line 389, in expect
    insp._post_inspect
  File "E:\my_prog\zqgetdata\.venv\Lib\site-packages\sqlalchemy\util\langhelpers.py", line 1338, in __get__
    obj.__dict__[self.__name__] = result = self.fget(obj)
                                           ~~~~~~~~~^^^^^
  File "E:\my_prog\zqgetdata\.venv\Lib\site-packages\sqlalchemy\orm\mapper.py", line 2733, in _post_inspect
    self._check_configure()
    ~~~~~~~~~~~~~~~~~~~~~^^
  File "E:\my_prog\zqgetdata\.venv\Lib\site-packages\sqlalchemy\orm\mapper.py", line 2410, in _check_configure
    _configure_registries({self.registry}, cascade=True)
    ~~~~~~~~~~~~~~~~~~~~~^^^^^^^^^^^^^^^^^^^^^^^^^^^^^^^
  File "E:\my_prog\zqgetdata\.venv\Lib\site-packages\sqlalchemy\orm\mapper.py", line 4227, in _configure_registries
    _do_configure_registries(registries, cascade)
    ~~~~~~~~~~~~~~~~~~~~~~~~^^^^^^^^^^^^^^^^^^^^^
  File "E:\my_prog\zqgetdata\.venv\Lib\site-packages\sqlalchemy\orm\mapper.py", line 4264, in _do_configure_registries
    raise e
sqlalchemy.exc.InvalidRequestError: One or more mappers failed to initialize - can't proceed with initialization of other mappers. Triggering mapper: 'Mapper[TczqMatch(tczq_match)]'. Original exception was: Could not determine join condition between parent/child tables on relationship TczqMatch.spf - there are no foreign keys linking these tables.  Ensure that referencing columns are associated with a ForeignKey or ForeignKeyConstraint, or specify a 'primaryjoin' expression.

2026-04-03 10:15:53 - tczq_data - ERROR - 处理联赛名称时出错：Traceback (most recent call last):
  File "E:\my_prog\zqgetdata\app\common\_utils.py", line 164, in handle_league_name
    league = localdb.query(League).filter_by(league_name=league_name).first()
             ~~~~~~~~~~~~~^^^^^^^^
  File "E:\my_prog\zqgetdata\app\database\db_core.py", line 135, in query
    raise e
  File "E:\my_prog\zqgetdata\app\database\db_core.py", line 113, in query
    da = self.session.query(obj)
  File "E:\my_prog\zqgetdata\.venv\Lib\site-packages\sqlalchemy\orm\session.py", line 2941, in query
    return self._query_cls(entities, self, **kwargs)
           ~~~~~~~~~~~~~~~^^^^^^^^^^^^^^^^^^^^^^^^^^
  File "E:\my_prog\zqgetdata\.venv\Lib\site-packages\sqlalchemy\orm\query.py", line 276, in __init__
    self._set_entities(entities)
    ~~~~~~~~~~~~~~~~~~^^^^^^^^^^
  File "E:\my_prog\zqgetdata\.venv\Lib\site-packages\sqlalchemy\orm\query.py", line 289, in _set_entities
    coercions.expect(
    ~~~~~~~~~~~~~~~~^
        roles.ColumnsClauseRole,
        ^^^^^^^^^^^^^^^^^^^^^^^^
    ...<2 lines>...
        post_inspect=True,
        ^^^^^^^^^^^^^^^^^^
    )
    ^
  File "E:\my_prog\zqgetdata\.venv\Lib\site-packages\sqlalchemy\sql\coercions.py", line 389, in expect
    insp._post_inspect
  File "E:\my_prog\zqgetdata\.venv\Lib\site-packages\sqlalchemy\util\langhelpers.py", line 1338, in __get__
    obj.__dict__[self.__name__] = result = self.fget(obj)
                                           ~~~~~~~~~^^^^^
  File "E:\my_prog\zqgetdata\.venv\Lib\site-packages\sqlalchemy\orm\mapper.py", line 2733, in _post_inspect
    self._check_configure()
    ~~~~~~~~~~~~~~~~~~~~~^^
  File "E:\my_prog\zqgetdata\.venv\Lib\site-packages\sqlalchemy\orm\mapper.py", line 2410, in _check_configure
    _configure_registries({self.registry}, cascade=True)
    ~~~~~~~~~~~~~~~~~~~~~^^^^^^^^^^^^^^^^^^^^^^^^^^^^^^^
  File "E:\my_prog\zqgetdata\.venv\Lib\site-packages\sqlalchemy\orm\mapper.py", line 4227, in _configure_registries
    _do_configure_registries(registries, cascade)
    ~~~~~~~~~~~~~~~~~~~~~~~~^^^^^^^^^^^^^^^^^^^^^
  File "E:\my_prog\zqgetdata\.venv\Lib\site-packages\sqlalchemy\orm\mapper.py", line 4264, in _do_configure_registries
    raise e
sqlalchemy.exc.InvalidRequestError: One or more mappers failed to initialize - can't proceed with initialization of other mappers. Triggering mapper: 'Mapper[TczqMatch(tczq_match)]'. Original exception was: Could not determine join condition between parent/child tables on relationship TczqMatch.spf - there are no foreign keys linking these tables.  Ensure that referencing columns are associated with a ForeignKey or ForeignKeyConstraint, or specify a 'primaryjoin' expression.

2026-04-03 10:15:53 - tczq_data - ERROR - 处理联赛名称时出错：Traceback (most recent call last):
  File "E:\my_prog\zqgetdata\app\common\_utils.py", line 164, in handle_league_name
    league = localdb.query(League).filter_by(league_name=league_name).first()
             ~~~~~~~~~~~~~^^^^^^^^
  File "E:\my_prog\zqgetdata\app\database\db_core.py", line 135, in query
    raise e
  File "E:\my_prog\zqgetdata\app\database\db_core.py", line 113, in query
    da = self.session.query(obj)
  File "E:\my_prog\zqgetdata\.venv\Lib\site-packages\sqlalchemy\orm\session.py", line 2941, in query
    return self._query_cls(entities, self, **kwargs)
           ~~~~~~~~~~~~~~~^^^^^^^^^^^^^^^^^^^^^^^^^^
  File "E:\my_prog\zqgetdata\.venv\Lib\site-packages\sqlalchemy\orm\query.py", line 276, in __init__
    self._set_entities(entities)
    ~~~~~~~~~~~~~~~~~~^^^^^^^^^^
  File "E:\my_prog\zqgetdata\.venv\Lib\site-packages\sqlalchemy\orm\query.py", line 289, in _set_entities
    coercions.expect(
    ~~~~~~~~~~~~~~~~^
        roles.ColumnsClauseRole,
        ^^^^^^^^^^^^^^^^^^^^^^^^
    ...<2 lines>...
        post_inspect=True,
        ^^^^^^^^^^^^^^^^^^
    )
    ^
  File "E:\my_prog\zqgetdata\.venv\Lib\site-packages\sqlalchemy\sql\coercions.py", line 389, in expect
    insp._post_inspect
  File "E:\my_prog\zqgetdata\.venv\Lib\site-packages\sqlalchemy\util\langhelpers.py", line 1338, in __get__
    obj.__dict__[self.__name__] = result = self.fget(obj)
                                           ~~~~~~~~~^^^^^
  File "E:\my_prog\zqgetdata\.venv\Lib\site-packages\sqlalchemy\orm\mapper.py", line 2733, in _post_inspect
    self._check_configure()
    ~~~~~~~~~~~~~~~~~~~~~^^
  File "E:\my_prog\zqgetdata\.venv\Lib\site-packages\sqlalchemy\orm\mapper.py", line 2410, in _check_configure
    _configure_registries({self.registry}, cascade=True)
    ~~~~~~~~~~~~~~~~~~~~~^^^^^^^^^^^^^^^^^^^^^^^^^^^^^^^
  File "E:\my_prog\zqgetdata\.venv\Lib\site-packages\sqlalchemy\orm\mapper.py", line 4227, in _configure_registries
    _do_configure_registries(registries, cascade)
    ~~~~~~~~~~~~~~~~~~~~~~~~^^^^^^^^^^^^^^^^^^^^^
  File "E:\my_prog\zqgetdata\.venv\Lib\site-packages\sqlalchemy\orm\mapper.py", line 4264, in _do_configure_registries
    raise e
sqlalchemy.exc.InvalidRequestError: One or more mappers failed to initialize - can't proceed with initialization of other mappers. Triggering mapper: 'Mapper[TczqMatch(tczq_match)]'. Original exception was: Could not determine join condition between parent/child tables on relationship TczqMatch.spf - there are no foreign keys linking these tables.  Ensure that referencing columns are associated with a ForeignKey or ForeignKeyConstraint, or specify a 'primaryjoin' expression.

2026-04-03 10:15:53 - tczq_data - ERROR - 处理联赛名称时出错：Traceback (most recent call last):
  File "E:\my_prog\zqgetdata\app\common\_utils.py", line 164, in handle_league_name
    league = localdb.query(League).filter_by(league_name=league_name).first()
             ~~~~~~~~~~~~~^^^^^^^^
  File "E:\my_prog\zqgetdata\app\database\db_core.py", line 135, in query
    raise e
  File "E:\my_prog\zqgetdata\app\database\db_core.py", line 113, in query
    da = self.session.query(obj)
  File "E:\my_prog\zqgetdata\.venv\Lib\site-packages\sqlalchemy\orm\session.py", line 2941, in query
    return self._query_cls(entities, self, **kwargs)
           ~~~~~~~~~~~~~~~^^^^^^^^^^^^^^^^^^^^^^^^^^
  File "E:\my_prog\zqgetdata\.venv\Lib\site-packages\sqlalchemy\orm\query.py", line 276, in __init__
    self._set_entities(entities)
    ~~~~~~~~~~~~~~~~~~^^^^^^^^^^
  File "E:\my_prog\zqgetdata\.venv\Lib\site-packages\sqlalchemy\orm\query.py", line 289, in _set_entities
    coercions.expect(
    ~~~~~~~~~~~~~~~~^
        roles.ColumnsClauseRole,
        ^^^^^^^^^^^^^^^^^^^^^^^^
    ...<2 lines>...
        post_inspect=True,
        ^^^^^^^^^^^^^^^^^^
    )
    ^
  File "E:\my_prog\zqgetdata\.venv\Lib\site-packages\sqlalchemy\sql\coercions.py", line 389, in expect
    insp._post_inspect
  File "E:\my_prog\zqgetdata\.venv\Lib\site-packages\sqlalchemy\util\langhelpers.py", line 1338, in __get__
    obj.__dict__[self.__name__] = result = self.fget(obj)
                                           ~~~~~~~~~^^^^^
  File "E:\my_prog\zqgetdata\.venv\Lib\site-packages\sqlalchemy\orm\mapper.py", line 2733, in _post_inspect
    self._check_configure()
    ~~~~~~~~~~~~~~~~~~~~~^^
  File "E:\my_prog\zqgetdata\.venv\Lib\site-packages\sqlalchemy\orm\mapper.py", line 2410, in _check_configure
    _configure_registries({self.registry}, cascade=True)
    ~~~~~~~~~~~~~~~~~~~~~^^^^^^^^^^^^^^^^^^^^^^^^^^^^^^^
  File "E:\my_prog\zqgetdata\.venv\Lib\site-packages\sqlalchemy\orm\mapper.py", line 4227, in _configure_registries
    _do_configure_registries(registries, cascade)
    ~~~~~~~~~~~~~~~~~~~~~~~~^^^^^^^^^^^^^^^^^^^^^
  File "E:\my_prog\zqgetdata\.venv\Lib\site-packages\sqlalchemy\orm\mapper.py", line 4264, in _do_configure_registries
    raise e
sqlalchemy.exc.InvalidRequestError: One or more mappers failed to initialize - can't proceed with initialization of other mappers. Triggering mapper: 'Mapper[TczqMatch(tczq_match)]'. Original exception was: Could not determine join condition between parent/child tables on relationship TczqMatch.spf - there are no foreign keys linking these tables.  Ensure that referencing columns are associated with a ForeignKey or ForeignKeyConstraint, or specify a 'primaryjoin' expression.

2026-04-03 10:15:53 - tczq_data - ERROR - 处理联赛名称时出错：Traceback (most recent call last):
  File "E:\my_prog\zqgetdata\app\common\_utils.py", line 164, in handle_league_name
    league = localdb.query(League).filter_by(league_name=league_name).first()
             ~~~~~~~~~~~~~^^^^^^^^
  File "E:\my_prog\zqgetdata\app\database\db_core.py", line 135, in query
    raise e
  File "E:\my_prog\zqgetdata\app\database\db_core.py", line 113, in query
    da = self.session.query(obj)
  File "E:\my_prog\zqgetdata\.venv\Lib\site-packages\sqlalchemy\orm\session.py", line 2941, in query
    return self._query_cls(entities, self, **kwargs)
           ~~~~~~~~~~~~~~~^^^^^^^^^^^^^^^^^^^^^^^^^^
  File "E:\my_prog\zqgetdata\.venv\Lib\site-packages\sqlalchemy\orm\query.py", line 276, in __init__
    self._set_entities(entities)
    ~~~~~~~~~~~~~~~~~~^^^^^^^^^^
  File "E:\my_prog\zqgetdata\.venv\Lib\site-packages\sqlalchemy\orm\query.py", line 289, in _set_entities
    coercions.expect(
    ~~~~~~~~~~~~~~~~^
        roles.ColumnsClauseRole,
        ^^^^^^^^^^^^^^^^^^^^^^^^
    ...<2 lines>...
        post_inspect=True,
        ^^^^^^^^^^^^^^^^^^
    )
    ^
  File "E:\my_prog\zqgetdata\.venv\Lib\site-packages\sqlalchemy\sql\coercions.py", line 389, in expect
    insp._post_inspect
  File "E:\my_prog\zqgetdata\.venv\Lib\site-packages\sqlalchemy\util\langhelpers.py", line 1338, in __get__
    obj.__dict__[self.__name__] = result = self.fget(obj)
                                           ~~~~~~~~~^^^^^
  File "E:\my_prog\zqgetdata\.venv\Lib\site-packages\sqlalchemy\orm\mapper.py", line 2733, in _post_inspect
    self._check_configure()
    ~~~~~~~~~~~~~~~~~~~~~^^
  File "E:\my_prog\zqgetdata\.venv\Lib\site-packages\sqlalchemy\orm\mapper.py", line 2410, in _check_configure
    _configure_registries({self.registry}, cascade=True)
    ~~~~~~~~~~~~~~~~~~~~~^^^^^^^^^^^^^^^^^^^^^^^^^^^^^^^
  File "E:\my_prog\zqgetdata\.venv\Lib\site-packages\sqlalchemy\orm\mapper.py", line 4227, in _configure_registries
    _do_configure_registries(registries, cascade)
    ~~~~~~~~~~~~~~~~~~~~~~~~^^^^^^^^^^^^^^^^^^^^^
  File "E:\my_prog\zqgetdata\.venv\Lib\site-packages\sqlalchemy\orm\mapper.py", line 4264, in _do_configure_registries
    raise e
sqlalchemy.exc.InvalidRequestError: One or more mappers failed to initialize - can't proceed with initialization of other mappers. Triggering mapper: 'Mapper[TczqMatch(tczq_match)]'. Original exception was: Could not determine join condition between parent/child tables on relationship TczqMatch.spf - there are no foreign keys linking these tables.  Ensure that referencing columns are associated with a ForeignKey or ForeignKeyConstraint, or specify a 'primaryjoin' expression.

2026-04-03 10:15:53 - tczq_data - ERROR - 处理联赛名称时出错：Traceback (most recent call last):
  File "E:\my_prog\zqgetdata\app\common\_utils.py", line 164, in handle_league_name
    league = localdb.query(League).filter_by(league_name=league_name).first()
             ~~~~~~~~~~~~~^^^^^^^^
  File "E:\my_prog\zqgetdata\app\database\db_core.py", line 135, in query
    raise e
  File "E:\my_prog\zqgetdata\app\database\db_core.py", line 113, in query
    da = self.session.query(obj)
  File "E:\my_prog\zqgetdata\.venv\Lib\site-packages\sqlalchemy\orm\session.py", line 2941, in query
    return self._query_cls(entities, self, **kwargs)
           ~~~~~~~~~~~~~~~^^^^^^^^^^^^^^^^^^^^^^^^^^
  File "E:\my_prog\zqgetdata\.venv\Lib\site-packages\sqlalchemy\orm\query.py", line 276, in __init__
    self._set_entities(entities)
    ~~~~~~~~~~~~~~~~~~^^^^^^^^^^
  File "E:\my_prog\zqgetdata\.venv\Lib\site-packages\sqlalchemy\orm\query.py", line 289, in _set_entities
    coercions.expect(
    ~~~~~~~~~~~~~~~~^
        roles.ColumnsClauseRole,
        ^^^^^^^^^^^^^^^^^^^^^^^^
    ...<2 lines>...
        post_inspect=True,
        ^^^^^^^^^^^^^^^^^^
    )
    ^
  File "E:\my_prog\zqgetdata\.venv\Lib\site-packages\sqlalchemy\sql\coercions.py", line 389, in expect
    insp._post_inspect
  File "E:\my_prog\zqgetdata\.venv\Lib\site-packages\sqlalchemy\util\langhelpers.py", line 1338, in __get__
    obj.__dict__[self.__name__] = result = self.fget(obj)
                                           ~~~~~~~~~^^^^^
  File "E:\my_prog\zqgetdata\.venv\Lib\site-packages\sqlalchemy\orm\mapper.py", line 2733, in _post_inspect
    self._check_configure()
    ~~~~~~~~~~~~~~~~~~~~~^^
  File "E:\my_prog\zqgetdata\.venv\Lib\site-packages\sqlalchemy\orm\mapper.py", line 2410, in _check_configure
    _configure_registries({self.registry}, cascade=True)
    ~~~~~~~~~~~~~~~~~~~~~^^^^^^^^^^^^^^^^^^^^^^^^^^^^^^^
  File "E:\my_prog\zqgetdata\.venv\Lib\site-packages\sqlalchemy\orm\mapper.py", line 4227, in _configure_registries
    _do_configure_registries(registries, cascade)
    ~~~~~~~~~~~~~~~~~~~~~~~~^^^^^^^^^^^^^^^^^^^^^
  File "E:\my_prog\zqgetdata\.venv\Lib\site-packages\sqlalchemy\orm\mapper.py", line 4264, in _do_configure_registries
    raise e
sqlalchemy.exc.InvalidRequestError: One or more mappers failed to initialize - can't proceed with initialization of other mappers. Triggering mapper: 'Mapper[TczqMatch(tczq_match)]'. Original exception was: Could not determine join condition between parent/child tables on relationship TczqMatch.spf - there are no foreign keys linking these tables.  Ensure that referencing columns are associated with a ForeignKey or ForeignKeyConstraint, or specify a 'primaryjoin' expression.

2026-04-03 10:15:53 - tczq_data - ERROR - 处理联赛名称时出错：Traceback (most recent call last):
  File "E:\my_prog\zqgetdata\app\common\_utils.py", line 164, in handle_league_name
    league = localdb.query(League).filter_by(league_name=league_name).first()
             ~~~~~~~~~~~~~^^^^^^^^
  File "E:\my_prog\zqgetdata\app\database\db_core.py", line 135, in query
    raise e
  File "E:\my_prog\zqgetdata\app\database\db_core.py", line 113, in query
    da = self.session.query(obj)
  File "E:\my_prog\zqgetdata\.venv\Lib\site-packages\sqlalchemy\orm\session.py", line 2941, in query
    return self._query_cls(entities, self, **kwargs)
           ~~~~~~~~~~~~~~~^^^^^^^^^^^^^^^^^^^^^^^^^^
  File "E:\my_prog\zqgetdata\.venv\Lib\site-packages\sqlalchemy\orm\query.py", line 276, in __init__
    self._set_entities(entities)
    ~~~~~~~~~~~~~~~~~~^^^^^^^^^^
  File "E:\my_prog\zqgetdata\.venv\Lib\site-packages\sqlalchemy\orm\query.py", line 289, in _set_entities
    coercions.expect(
    ~~~~~~~~~~~~~~~~^
        roles.ColumnsClauseRole,
        ^^^^^^^^^^^^^^^^^^^^^^^^
    ...<2 lines>...
        post_inspect=True,
        ^^^^^^^^^^^^^^^^^^
    )
    ^
  File "E:\my_prog\zqgetdata\.venv\Lib\site-packages\sqlalchemy\sql\coercions.py", line 389, in expect
    insp._post_inspect
  File "E:\my_prog\zqgetdata\.venv\Lib\site-packages\sqlalchemy\util\langhelpers.py", line 1338, in __get__
    obj.__dict__[self.__name__] = result = self.fget(obj)
                                           ~~~~~~~~~^^^^^
  File "E:\my_prog\zqgetdata\.venv\Lib\site-packages\sqlalchemy\orm\mapper.py", line 2733, in _post_inspect
    self._check_configure()
    ~~~~~~~~~~~~~~~~~~~~~^^
  File "E:\my_prog\zqgetdata\.venv\Lib\site-packages\sqlalchemy\orm\mapper.py", line 2410, in _check_configure
    _configure_registries({self.registry}, cascade=True)
    ~~~~~~~~~~~~~~~~~~~~~^^^^^^^^^^^^^^^^^^^^^^^^^^^^^^^
  File "E:\my_prog\zqgetdata\.venv\Lib\site-packages\sqlalchemy\orm\mapper.py", line 4227, in _configure_registries
    _do_configure_registries(registries, cascade)
    ~~~~~~~~~~~~~~~~~~~~~~~~^^^^^^^^^^^^^^^^^^^^^
  File "E:\my_prog\zqgetdata\.venv\Lib\site-packages\sqlalchemy\orm\mapper.py", line 4264, in _do_configure_registries
    raise e
sqlalchemy.exc.InvalidRequestError: One or more mappers failed to initialize - can't proceed with initialization of other mappers. Triggering mapper: 'Mapper[TczqMatch(tczq_match)]'. Original exception was: Could not determine join condition between parent/child tables on relationship TczqMatch.spf - there are no foreign keys linking these tables.  Ensure that referencing columns are associated with a ForeignKey or ForeignKeyConstraint, or specify a 'primaryjoin' expression.

2026-04-03 10:15:53 - tczq_data - ERROR - 处理联赛名称时出错：Traceback (most recent call last):
  File "E:\my_prog\zqgetdata\app\common\_utils.py", line 164, in handle_league_name
    league = localdb.query(League).filter_by(league_name=league_name).first()
             ~~~~~~~~~~~~~^^^^^^^^
  File "E:\my_prog\zqgetdata\app\database\db_core.py", line 135, in query
    raise e
  File "E:\my_prog\zqgetdata\app\database\db_core.py", line 113, in query
    da = self.session.query(obj)
  File "E:\my_prog\zqgetdata\.venv\Lib\site-packages\sqlalchemy\orm\session.py", line 2941, in query
    return self._query_cls(entities, self, **kwargs)
           ~~~~~~~~~~~~~~~^^^^^^^^^^^^^^^^^^^^^^^^^^
  File "E:\my_prog\zqgetdata\.venv\Lib\site-packages\sqlalchemy\orm\query.py", line 276, in __init__
    self._set_entities(entities)
    ~~~~~~~~~~~~~~~~~~^^^^^^^^^^
  File "E:\my_prog\zqgetdata\.venv\Lib\site-packages\sqlalchemy\orm\query.py", line 289, in _set_entities
    coercions.expect(
    ~~~~~~~~~~~~~~~~^
        roles.ColumnsClauseRole,
        ^^^^^^^^^^^^^^^^^^^^^^^^
    ...<2 lines>...
        post_inspect=True,
        ^^^^^^^^^^^^^^^^^^
    )
    ^
  File "E:\my_prog\zqgetdata\.venv\Lib\site-packages\sqlalchemy\sql\coercions.py", line 389, in expect
    insp._post_inspect
  File "E:\my_prog\zqgetdata\.venv\Lib\site-packages\sqlalchemy\util\langhelpers.py", line 1338, in __get__
    obj.__dict__[self.__name__] = result = self.fget(obj)
                                           ~~~~~~~~~^^^^^
  File "E:\my_prog\zqgetdata\.venv\Lib\site-packages\sqlalchemy\orm\mapper.py", line 2733, in _post_inspect
    self._check_configure()
    ~~~~~~~~~~~~~~~~~~~~~^^
  File "E:\my_prog\zqgetdata\.venv\Lib\site-packages\sqlalchemy\orm\mapper.py", line 2410, in _check_configure
    _configure_registries({self.registry}, cascade=True)
    ~~~~~~~~~~~~~~~~~~~~~^^^^^^^^^^^^^^^^^^^^^^^^^^^^^^^
  File "E:\my_prog\zqgetdata\.venv\Lib\site-packages\sqlalchemy\orm\mapper.py", line 4227, in _configure_registries
    _do_configure_registries(registries, cascade)
    ~~~~~~~~~~~~~~~~~~~~~~~~^^^^^^^^^^^^^^^^^^^^^
  File "E:\my_prog\zqgetdata\.venv\Lib\site-packages\sqlalchemy\orm\mapper.py", line 4264, in _do_configure_registries
    raise e
sqlalchemy.exc.InvalidRequestError: One or more mappers failed to initialize - can't proceed with initialization of other mappers. Triggering mapper: 'Mapper[TczqMatch(tczq_match)]'. Original exception was: Could not determine join condition between parent/child tables on relationship TczqMatch.spf - there are no foreign keys linking these tables.  Ensure that referencing columns are associated with a ForeignKey or ForeignKeyConstraint, or specify a 'primaryjoin' expression.

2026-04-03 10:15:53 - tczq_data - ERROR - 处理联赛名称时出错：Traceback (most recent call last):
  File "E:\my_prog\zqgetdata\app\common\_utils.py", line 164, in handle_league_name
    league = localdb.query(League).filter_by(league_name=league_name).first()
             ~~~~~~~~~~~~~^^^^^^^^
  File "E:\my_prog\zqgetdata\app\database\db_core.py", line 135, in query
    raise e
  File "E:\my_prog\zqgetdata\app\database\db_core.py", line 113, in query
    da = self.session.query(obj)
  File "E:\my_prog\zqgetdata\.venv\Lib\site-packages\sqlalchemy\orm\session.py", line 2941, in query
    return self._query_cls(entities, self, **kwargs)
           ~~~~~~~~~~~~~~~^^^^^^^^^^^^^^^^^^^^^^^^^^
  File "E:\my_prog\zqgetdata\.venv\Lib\site-packages\sqlalchemy\orm\query.py", line 276, in __init__
    self._set_entities(entities)
    ~~~~~~~~~~~~~~~~~~^^^^^^^^^^
  File "E:\my_prog\zqgetdata\.venv\Lib\site-packages\sqlalchemy\orm\query.py", line 289, in _set_entities
    coercions.expect(
    ~~~~~~~~~~~~~~~~^
        roles.ColumnsClauseRole,
        ^^^^^^^^^^^^^^^^^^^^^^^^
    ...<2 lines>...
        post_inspect=True,
        ^^^^^^^^^^^^^^^^^^
    )
    ^
  File "E:\my_prog\zqgetdata\.venv\Lib\site-packages\sqlalchemy\sql\coercions.py", line 389, in expect
    insp._post_inspect
  File "E:\my_prog\zqgetdata\.venv\Lib\site-packages\sqlalchemy\util\langhelpers.py", line 1338, in __get__
    obj.__dict__[self.__name__] = result = self.fget(obj)
                                           ~~~~~~~~~^^^^^
  File "E:\my_prog\zqgetdata\.venv\Lib\site-packages\sqlalchemy\orm\mapper.py", line 2733, in _post_inspect
    self._check_configure()
    ~~~~~~~~~~~~~~~~~~~~~^^
  File "E:\my_prog\zqgetdata\.venv\Lib\site-packages\sqlalchemy\orm\mapper.py", line 2410, in _check_configure
    _configure_registries({self.registry}, cascade=True)
    ~~~~~~~~~~~~~~~~~~~~~^^^^^^^^^^^^^^^^^^^^^^^^^^^^^^^
  File "E:\my_prog\zqgetdata\.venv\Lib\site-packages\sqlalchemy\orm\mapper.py", line 4227, in _configure_registries
    _do_configure_registries(registries, cascade)
    ~~~~~~~~~~~~~~~~~~~~~~~~^^^^^^^^^^^^^^^^^^^^^
  File "E:\my_prog\zqgetdata\.venv\Lib\site-packages\sqlalchemy\orm\mapper.py", line 4264, in _do_configure_registries
    raise e
sqlalchemy.exc.InvalidRequestError: One or more mappers failed to initialize - can't proceed with initialization of other mappers. Triggering mapper: 'Mapper[TczqMatch(tczq_match)]'. Original exception was: Could not determine join condition between parent/child tables on relationship TczqMatch.spf - there are no foreign keys linking these tables.  Ensure that referencing columns are associated with a ForeignKey or ForeignKeyConstraint, or specify a 'primaryjoin' expression.

2026-04-03 10:15:53 - tczq_data - ERROR - 处理联赛名称时出错：Traceback (most recent call last):
  File "E:\my_prog\zqgetdata\app\common\_utils.py", line 164, in handle_league_name
    league = localdb.query(League).filter_by(league_name=league_name).first()
             ~~~~~~~~~~~~~^^^^^^^^
  File "E:\my_prog\zqgetdata\app\database\db_core.py", line 135, in query
    raise e
  File "E:\my_prog\zqgetdata\app\database\db_core.py", line 113, in query
    da = self.session.query(obj)
  File "E:\my_prog\zqgetdata\.venv\Lib\site-packages\sqlalchemy\orm\session.py", line 2941, in query
    return self._query_cls(entities, self, **kwargs)
           ~~~~~~~~~~~~~~~^^^^^^^^^^^^^^^^^^^^^^^^^^
  File "E:\my_prog\zqgetdata\.venv\Lib\site-packages\sqlalchemy\orm\query.py", line 276, in __init__
    self._set_entities(entities)
    ~~~~~~~~~~~~~~~~~~^^^^^^^^^^
  File "E:\my_prog\zqgetdata\.venv\Lib\site-packages\sqlalchemy\orm\query.py", line 289, in _set_entities
    coercions.expect(
    ~~~~~~~~~~~~~~~~^
        roles.ColumnsClauseRole,
        ^^^^^^^^^^^^^^^^^^^^^^^^
    ...<2 lines>...
        post_inspect=True,
        ^^^^^^^^^^^^^^^^^^
    )
    ^
  File "E:\my_prog\zqgetdata\.venv\Lib\site-packages\sqlalchemy\sql\coercions.py", line 389, in expect
    insp._post_inspect
  File "E:\my_prog\zqgetdata\.venv\Lib\site-packages\sqlalchemy\util\langhelpers.py", line 1338, in __get__
    obj.__dict__[self.__name__] = result = self.fget(obj)
                                           ~~~~~~~~~^^^^^
  File "E:\my_prog\zqgetdata\.venv\Lib\site-packages\sqlalchemy\orm\mapper.py", line 2733, in _post_inspect
    self._check_configure()
    ~~~~~~~~~~~~~~~~~~~~~^^
  File "E:\my_prog\zqgetdata\.venv\Lib\site-packages\sqlalchemy\orm\mapper.py", line 2410, in _check_configure
    _configure_registries({self.registry}, cascade=True)
    ~~~~~~~~~~~~~~~~~~~~~^^^^^^^^^^^^^^^^^^^^^^^^^^^^^^^
  File "E:\my_prog\zqgetdata\.venv\Lib\site-packages\sqlalchemy\orm\mapper.py", line 4227, in _configure_registries
    _do_configure_registries(registries, cascade)
    ~~~~~~~~~~~~~~~~~~~~~~~~^^^^^^^^^^^^^^^^^^^^^
  File "E:\my_prog\zqgetdata\.venv\Lib\site-packages\sqlalchemy\orm\mapper.py", line 4264, in _do_configure_registries
    raise e
sqlalchemy.exc.InvalidRequestError: One or more mappers failed to initialize - can't proceed with initialization of other mappers. Triggering mapper: 'Mapper[TczqMatch(tczq_match)]'. Original exception was: Could not determine join condition between parent/child tables on relationship TczqMatch.spf - there are no foreign keys linking these tables.  Ensure that referencing columns are associated with a ForeignKey or ForeignKeyConstraint, or specify a 'primaryjoin' expression.

2026-04-03 10:15:53 - tczq_data - ERROR - 处理联赛名称时出错：Traceback (most recent call last):
  File "E:\my_prog\zqgetdata\app\common\_utils.py", line 164, in handle_league_name
    league = localdb.query(League).filter_by(league_name=league_name).first()
             ~~~~~~~~~~~~~^^^^^^^^
  File "E:\my_prog\zqgetdata\app\database\db_core.py", line 135, in query
    raise e
  File "E:\my_prog\zqgetdata\app\database\db_core.py", line 113, in query
    da = self.session.query(obj)
  File "E:\my_prog\zqgetdata\.venv\Lib\site-packages\sqlalchemy\orm\session.py", line 2941, in query
    return self._query_cls(entities, self, **kwargs)
           ~~~~~~~~~~~~~~~^^^^^^^^^^^^^^^^^^^^^^^^^^
  File "E:\my_prog\zqgetdata\.venv\Lib\site-packages\sqlalchemy\orm\query.py", line 276, in __init__
    self._set_entities(entities)
    ~~~~~~~~~~~~~~~~~~^^^^^^^^^^
  File "E:\my_prog\zqgetdata\.venv\Lib\site-packages\sqlalchemy\orm\query.py", line 289, in _set_entities
    coercions.expect(
    ~~~~~~~~~~~~~~~~^
        roles.ColumnsClauseRole,
        ^^^^^^^^^^^^^^^^^^^^^^^^
    ...<2 lines>...
        post_inspect=True,
        ^^^^^^^^^^^^^^^^^^
    )
    ^
  File "E:\my_prog\zqgetdata\.venv\Lib\site-packages\sqlalchemy\sql\coercions.py", line 389, in expect
    insp._post_inspect
  File "E:\my_prog\zqgetdata\.venv\Lib\site-packages\sqlalchemy\util\langhelpers.py", line 1338, in __get__
    obj.__dict__[self.__name__] = result = self.fget(obj)
                                           ~~~~~~~~~^^^^^
  File "E:\my_prog\zqgetdata\.venv\Lib\site-packages\sqlalchemy\orm\mapper.py", line 2733, in _post_inspect
    self._check_configure()
    ~~~~~~~~~~~~~~~~~~~~~^^
  File "E:\my_prog\zqgetdata\.venv\Lib\site-packages\sqlalchemy\orm\mapper.py", line 2410, in _check_configure
    _configure_registries({self.registry}, cascade=True)
    ~~~~~~~~~~~~~~~~~~~~~^^^^^^^^^^^^^^^^^^^^^^^^^^^^^^^
  File "E:\my_prog\zqgetdata\.venv\Lib\site-packages\sqlalchemy\orm\mapper.py", line 4227, in _configure_registries
    _do_configure_registries(registries, cascade)
    ~~~~~~~~~~~~~~~~~~~~~~~~^^^^^^^^^^^^^^^^^^^^^
  File "E:\my_prog\zqgetdata\.venv\Lib\site-packages\sqlalchemy\orm\mapper.py", line 4264, in _do_configure_registries
    raise e
sqlalchemy.exc.InvalidRequestError: One or more mappers failed to initialize - can't proceed with initialization of other mappers. Triggering mapper: 'Mapper[TczqMatch(tczq_match)]'. Original exception was: Could not determine join condition between parent/child tables on relationship TczqMatch.spf - there are no foreign keys linking these tables.  Ensure that referencing columns are associated with a ForeignKey or ForeignKeyConstraint, or specify a 'primaryjoin' expression.

2026-04-03 10:15:53 - tczq_data - ERROR - 处理联赛名称时出错：Traceback (most recent call last):
  File "E:\my_prog\zqgetdata\app\common\_utils.py", line 164, in handle_league_name
    league = localdb.query(League).filter_by(league_name=league_name).first()
             ~~~~~~~~~~~~~^^^^^^^^
  File "E:\my_prog\zqgetdata\app\database\db_core.py", line 135, in query
    raise e
  File "E:\my_prog\zqgetdata\app\database\db_core.py", line 113, in query
    da = self.session.query(obj)
  File "E:\my_prog\zqgetdata\.venv\Lib\site-packages\sqlalchemy\orm\session.py", line 2941, in query
    return self._query_cls(entities, self, **kwargs)
           ~~~~~~~~~~~~~~~^^^^^^^^^^^^^^^^^^^^^^^^^^
  File "E:\my_prog\zqgetdata\.venv\Lib\site-packages\sqlalchemy\orm\query.py", line 276, in __init__
    self._set_entities(entities)
    ~~~~~~~~~~~~~~~~~~^^^^^^^^^^
  File "E:\my_prog\zqgetdata\.venv\Lib\site-packages\sqlalchemy\orm\query.py", line 289, in _set_entities
    coercions.expect(
    ~~~~~~~~~~~~~~~~^
        roles.ColumnsClauseRole,
        ^^^^^^^^^^^^^^^^^^^^^^^^
    ...<2 lines>...
        post_inspect=True,
        ^^^^^^^^^^^^^^^^^^
    )
    ^
  File "E:\my_prog\zqgetdata\.venv\Lib\site-packages\sqlalchemy\sql\coercions.py", line 389, in expect
    insp._post_inspect
  File "E:\my_prog\zqgetdata\.venv\Lib\site-packages\sqlalchemy\util\langhelpers.py", line 1338, in __get__
    obj.__dict__[self.__name__] = result = self.fget(obj)
                                           ~~~~~~~~~^^^^^
  File "E:\my_prog\zqgetdata\.venv\Lib\site-packages\sqlalchemy\orm\mapper.py", line 2733, in _post_inspect
    self._check_configure()
    ~~~~~~~~~~~~~~~~~~~~~^^
  File "E:\my_prog\zqgetdata\.venv\Lib\site-packages\sqlalchemy\orm\mapper.py", line 2410, in _check_configure
    _configure_registries({self.registry}, cascade=True)
    ~~~~~~~~~~~~~~~~~~~~~^^^^^^^^^^^^^^^^^^^^^^^^^^^^^^^
  File "E:\my_prog\zqgetdata\.venv\Lib\site-packages\sqlalchemy\orm\mapper.py", line 4227, in _configure_registries
    _do_configure_registries(registries, cascade)
    ~~~~~~~~~~~~~~~~~~~~~~~~^^^^^^^^^^^^^^^^^^^^^
  File "E:\my_prog\zqgetdata\.venv\Lib\site-packages\sqlalchemy\orm\mapper.py", line 4264, in _do_configure_registries
    raise e
sqlalchemy.exc.InvalidRequestError: One or more mappers failed to initialize - can't proceed with initialization of other mappers. Triggering mapper: 'Mapper[TczqMatch(tczq_match)]'. Original exception was: Could not determine join condition between parent/child tables on relationship TczqMatch.spf - there are no foreign keys linking these tables.  Ensure that referencing columns are associated with a ForeignKey or ForeignKeyConstraint, or specify a 'primaryjoin' expression.

2026-04-03 10:15:53 - tczq_data - ERROR - 处理联赛名称时出错：Traceback (most recent call last):
  File "E:\my_prog\zqgetdata\app\common\_utils.py", line 164, in handle_league_name
    league = localdb.query(League).filter_by(league_name=league_name).first()
             ~~~~~~~~~~~~~^^^^^^^^
  File "E:\my_prog\zqgetdata\app\database\db_core.py", line 135, in query
    raise e
  File "E:\my_prog\zqgetdata\app\database\db_core.py", line 113, in query
    da = self.session.query(obj)
  File "E:\my_prog\zqgetdata\.venv\Lib\site-packages\sqlalchemy\orm\session.py", line 2941, in query
    return self._query_cls(entities, self, **kwargs)
           ~~~~~~~~~~~~~~~^^^^^^^^^^^^^^^^^^^^^^^^^^
  File "E:\my_prog\zqgetdata\.venv\Lib\site-packages\sqlalchemy\orm\query.py", line 276, in __init__
    self._set_entities(entities)
    ~~~~~~~~~~~~~~~~~~^^^^^^^^^^
  File "E:\my_prog\zqgetdata\.venv\Lib\site-packages\sqlalchemy\orm\query.py", line 289, in _set_entities
    coercions.expect(
    ~~~~~~~~~~~~~~~~^
        roles.ColumnsClauseRole,
        ^^^^^^^^^^^^^^^^^^^^^^^^
    ...<2 lines>...
        post_inspect=True,
        ^^^^^^^^^^^^^^^^^^
    )
    ^
  File "E:\my_prog\zqgetdata\.venv\Lib\site-packages\sqlalchemy\sql\coercions.py", line 389, in expect
    insp._post_inspect
  File "E:\my_prog\zqgetdata\.venv\Lib\site-packages\sqlalchemy\util\langhelpers.py", line 1338, in __get__
    obj.__dict__[self.__name__] = result = self.fget(obj)
                                           ~~~~~~~~~^^^^^
  File "E:\my_prog\zqgetdata\.venv\Lib\site-packages\sqlalchemy\orm\mapper.py", line 2733, in _post_inspect
    self._check_configure()
    ~~~~~~~~~~~~~~~~~~~~~^^
  File "E:\my_prog\zqgetdata\.venv\Lib\site-packages\sqlalchemy\orm\mapper.py", line 2410, in _check_configure
    _configure_registries({self.registry}, cascade=True)
    ~~~~~~~~~~~~~~~~~~~~~^^^^^^^^^^^^^^^^^^^^^^^^^^^^^^^
  File "E:\my_prog\zqgetdata\.venv\Lib\site-packages\sqlalchemy\orm\mapper.py", line 4227, in _configure_registries
    _do_configure_registries(registries, cascade)
    ~~~~~~~~~~~~~~~~~~~~~~~~^^^^^^^^^^^^^^^^^^^^^
  File "E:\my_prog\zqgetdata\.venv\Lib\site-packages\sqlalchemy\orm\mapper.py", line 4264, in _do_configure_registries
    raise e
sqlalchemy.exc.InvalidRequestError: One or more mappers failed to initialize - can't proceed with initialization of other mappers. Triggering mapper: 'Mapper[TczqMatch(tczq_match)]'. Original exception was: Could not determine join condition between parent/child tables on relationship TczqMatch.spf - there are no foreign keys linking these tables.  Ensure that referencing columns are associated with a ForeignKey or ForeignKeyConstraint, or specify a 'primaryjoin' expression.

2026-04-03 10:15:53 - tczq_data - ERROR - 处理联赛名称时出错：Traceback (most recent call last):
  File "E:\my_prog\zqgetdata\app\common\_utils.py", line 164, in handle_league_name
    league = localdb.query(League).filter_by(league_name=league_name).first()
             ~~~~~~~~~~~~~^^^^^^^^
  File "E:\my_prog\zqgetdata\app\database\db_core.py", line 135, in query
    raise e
  File "E:\my_prog\zqgetdata\app\database\db_core.py", line 113, in query
    da = self.session.query(obj)
  File "E:\my_prog\zqgetdata\.venv\Lib\site-packages\sqlalchemy\orm\session.py", line 2941, in query
    return self._query_cls(entities, self, **kwargs)
           ~~~~~~~~~~~~~~~^^^^^^^^^^^^^^^^^^^^^^^^^^
  File "E:\my_prog\zqgetdata\.venv\Lib\site-packages\sqlalchemy\orm\query.py", line 276, in __init__
    self._set_entities(entities)
    ~~~~~~~~~~~~~~~~~~^^^^^^^^^^
  File "E:\my_prog\zqgetdata\.venv\Lib\site-packages\sqlalchemy\orm\query.py", line 289, in _set_entities
    coercions.expect(
    ~~~~~~~~~~~~~~~~^
        roles.ColumnsClauseRole,
        ^^^^^^^^^^^^^^^^^^^^^^^^
    ...<2 lines>...
        post_inspect=True,
        ^^^^^^^^^^^^^^^^^^
    )
    ^
  File "E:\my_prog\zqgetdata\.venv\Lib\site-packages\sqlalchemy\sql\coercions.py", line 389, in expect
    insp._post_inspect
  File "E:\my_prog\zqgetdata\.venv\Lib\site-packages\sqlalchemy\util\langhelpers.py", line 1338, in __get__
    obj.__dict__[self.__name__] = result = self.fget(obj)
                                           ~~~~~~~~~^^^^^
  File "E:\my_prog\zqgetdata\.venv\Lib\site-packages\sqlalchemy\orm\mapper.py", line 2733, in _post_inspect
    self._check_configure()
    ~~~~~~~~~~~~~~~~~~~~~^^
  File "E:\my_prog\zqgetdata\.venv\Lib\site-packages\sqlalchemy\orm\mapper.py", line 2410, in _check_configure
    _configure_registries({self.registry}, cascade=True)
    ~~~~~~~~~~~~~~~~~~~~~^^^^^^^^^^^^^^^^^^^^^^^^^^^^^^^
  File "E:\my_prog\zqgetdata\.venv\Lib\site-packages\sqlalchemy\orm\mapper.py", line 4227, in _configure_registries
    _do_configure_registries(registries, cascade)
    ~~~~~~~~~~~~~~~~~~~~~~~~^^^^^^^^^^^^^^^^^^^^^
  File "E:\my_prog\zqgetdata\.venv\Lib\site-packages\sqlalchemy\orm\mapper.py", line 4264, in _do_configure_registries
    raise e
sqlalchemy.exc.InvalidRequestError: One or more mappers failed to initialize - can't proceed with initialization of other mappers. Triggering mapper: 'Mapper[TczqMatch(tczq_match)]'. Original exception was: Could not determine join condition between parent/child tables on relationship TczqMatch.spf - there are no foreign keys linking these tables.  Ensure that referencing columns are associated with a ForeignKey or ForeignKeyConstraint, or specify a 'primaryjoin' expression.

2026-04-03 10:15:53 - tczq_data - ERROR - 处理联赛名称时出错：Traceback (most recent call last):
  File "E:\my_prog\zqgetdata\app\common\_utils.py", line 164, in handle_league_name
    league = localdb.query(League).filter_by(league_name=league_name).first()
             ~~~~~~~~~~~~~^^^^^^^^
  File "E:\my_prog\zqgetdata\app\database\db_core.py", line 135, in query
    raise e
  File "E:\my_prog\zqgetdata\app\database\db_core.py", line 113, in query
    da = self.session.query(obj)
  File "E:\my_prog\zqgetdata\.venv\Lib\site-packages\sqlalchemy\orm\session.py", line 2941, in query
    return self._query_cls(entities, self, **kwargs)
           ~~~~~~~~~~~~~~~^^^^^^^^^^^^^^^^^^^^^^^^^^
  File "E:\my_prog\zqgetdata\.venv\Lib\site-packages\sqlalchemy\orm\query.py", line 276, in __init__
    self._set_entities(entities)
    ~~~~~~~~~~~~~~~~~~^^^^^^^^^^
  File "E:\my_prog\zqgetdata\.venv\Lib\site-packages\sqlalchemy\orm\query.py", line 289, in _set_entities
    coercions.expect(
    ~~~~~~~~~~~~~~~~^
        roles.ColumnsClauseRole,
        ^^^^^^^^^^^^^^^^^^^^^^^^
    ...<2 lines>...
        post_inspect=True,
        ^^^^^^^^^^^^^^^^^^
    )
    ^
  File "E:\my_prog\zqgetdata\.venv\Lib\site-packages\sqlalchemy\sql\coercions.py", line 389, in expect
    insp._post_inspect
  File "E:\my_prog\zqgetdata\.venv\Lib\site-packages\sqlalchemy\util\langhelpers.py", line 1338, in __get__
    obj.__dict__[self.__name__] = result = self.fget(obj)
                                           ~~~~~~~~~^^^^^
  File "E:\my_prog\zqgetdata\.venv\Lib\site-packages\sqlalchemy\orm\mapper.py", line 2733, in _post_inspect
    self._check_configure()
    ~~~~~~~~~~~~~~~~~~~~~^^
  File "E:\my_prog\zqgetdata\.venv\Lib\site-packages\sqlalchemy\orm\mapper.py", line 2410, in _check_configure
    _configure_registries({self.registry}, cascade=True)
    ~~~~~~~~~~~~~~~~~~~~~^^^^^^^^^^^^^^^^^^^^^^^^^^^^^^^
  File "E:\my_prog\zqgetdata\.venv\Lib\site-packages\sqlalchemy\orm\mapper.py", line 4227, in _configure_registries
    _do_configure_registries(registries, cascade)
    ~~~~~~~~~~~~~~~~~~~~~~~~^^^^^^^^^^^^^^^^^^^^^
  File "E:\my_prog\zqgetdata\.venv\Lib\site-packages\sqlalchemy\orm\mapper.py", line 4264, in _do_configure_registries
    raise e
sqlalchemy.exc.InvalidRequestError: One or more mappers failed to initialize - can't proceed with initialization of other mappers. Triggering mapper: 'Mapper[TczqMatch(tczq_match)]'. Original exception was: Could not determine join condition between parent/child tables on relationship TczqMatch.spf - there are no foreign keys linking these tables.  Ensure that referencing columns are associated with a ForeignKey or ForeignKeyConstraint, or specify a 'primaryjoin' expression.

2026-04-03 10:15:53 - tczq_data - ERROR - 处理联赛名称时出错：Traceback (most recent call last):
  File "E:\my_prog\zqgetdata\app\common\_utils.py", line 164, in handle_league_name
    league = localdb.query(League).filter_by(league_name=league_name).first()
             ~~~~~~~~~~~~~^^^^^^^^
  File "E:\my_prog\zqgetdata\app\database\db_core.py", line 135, in query
    raise e
  File "E:\my_prog\zqgetdata\app\database\db_core.py", line 113, in query
    da = self.session.query(obj)
  File "E:\my_prog\zqgetdata\.venv\Lib\site-packages\sqlalchemy\orm\session.py", line 2941, in query
    return self._query_cls(entities, self, **kwargs)
           ~~~~~~~~~~~~~~~^^^^^^^^^^^^^^^^^^^^^^^^^^
  File "E:\my_prog\zqgetdata\.venv\Lib\site-packages\sqlalchemy\orm\query.py", line 276, in __init__
    self._set_entities(entities)
    ~~~~~~~~~~~~~~~~~~^^^^^^^^^^
  File "E:\my_prog\zqgetdata\.venv\Lib\site-packages\sqlalchemy\orm\query.py", line 289, in _set_entities
    coercions.expect(
    ~~~~~~~~~~~~~~~~^
        roles.ColumnsClauseRole,
        ^^^^^^^^^^^^^^^^^^^^^^^^
    ...<2 lines>...
        post_inspect=True,
        ^^^^^^^^^^^^^^^^^^
    )
    ^
  File "E:\my_prog\zqgetdata\.venv\Lib\site-packages\sqlalchemy\sql\coercions.py", line 389, in expect
    insp._post_inspect
  File "E:\my_prog\zqgetdata\.venv\Lib\site-packages\sqlalchemy\util\langhelpers.py", line 1338, in __get__
    obj.__dict__[self.__name__] = result = self.fget(obj)
                                           ~~~~~~~~~^^^^^
  File "E:\my_prog\zqgetdata\.venv\Lib\site-packages\sqlalchemy\orm\mapper.py", line 2733, in _post_inspect
    self._check_configure()
    ~~~~~~~~~~~~~~~~~~~~~^^
  File "E:\my_prog\zqgetdata\.venv\Lib\site-packages\sqlalchemy\orm\mapper.py", line 2410, in _check_configure
    _configure_registries({self.registry}, cascade=True)
    ~~~~~~~~~~~~~~~~~~~~~^^^^^^^^^^^^^^^^^^^^^^^^^^^^^^^
  File "E:\my_prog\zqgetdata\.venv\Lib\site-packages\sqlalchemy\orm\mapper.py", line 4227, in _configure_registries
    _do_configure_registries(registries, cascade)
    ~~~~~~~~~~~~~~~~~~~~~~~~^^^^^^^^^^^^^^^^^^^^^
  File "E:\my_prog\zqgetdata\.venv\Lib\site-packages\sqlalchemy\orm\mapper.py", line 4264, in _do_configure_registries
    raise e
sqlalchemy.exc.InvalidRequestError: One or more mappers failed to initialize - can't proceed with initialization of other mappers. Triggering mapper: 'Mapper[TczqMatch(tczq_match)]'. Original exception was: Could not determine join condition between parent/child tables on relationship TczqMatch.spf - there are no foreign keys linking these tables.  Ensure that referencing columns are associated with a ForeignKey or ForeignKeyConstraint, or specify a 'primaryjoin' expression.

2026-04-03 10:15:53 - tczq_data - ERROR - 处理联赛名称时出错：Traceback (most recent call last):
  File "E:\my_prog\zqgetdata\app\common\_utils.py", line 164, in handle_league_name
    league = localdb.query(League).filter_by(league_name=league_name).first()
             ~~~~~~~~~~~~~^^^^^^^^
  File "E:\my_prog\zqgetdata\app\database\db_core.py", line 135, in query
    raise e
  File "E:\my_prog\zqgetdata\app\database\db_core.py", line 113, in query
    da = self.session.query(obj)
  File "E:\my_prog\zqgetdata\.venv\Lib\site-packages\sqlalchemy\orm\session.py", line 2941, in query
    return self._query_cls(entities, self, **kwargs)
           ~~~~~~~~~~~~~~~^^^^^^^^^^^^^^^^^^^^^^^^^^
  File "E:\my_prog\zqgetdata\.venv\Lib\site-packages\sqlalchemy\orm\query.py", line 276, in __init__
    self._set_entities(entities)
    ~~~~~~~~~~~~~~~~~~^^^^^^^^^^
  File "E:\my_prog\zqgetdata\.venv\Lib\site-packages\sqlalchemy\orm\query.py", line 289, in _set_entities
    coercions.expect(
    ~~~~~~~~~~~~~~~~^
        roles.ColumnsClauseRole,
        ^^^^^^^^^^^^^^^^^^^^^^^^
    ...<2 lines>...
        post_inspect=True,
        ^^^^^^^^^^^^^^^^^^
    )
    ^
  File "E:\my_prog\zqgetdata\.venv\Lib\site-packages\sqlalchemy\sql\coercions.py", line 389, in expect
    insp._post_inspect
  File "E:\my_prog\zqgetdata\.venv\Lib\site-packages\sqlalchemy\util\langhelpers.py", line 1338, in __get__
    obj.__dict__[self.__name__] = result = self.fget(obj)
                                           ~~~~~~~~~^^^^^
  File "E:\my_prog\zqgetdata\.venv\Lib\site-packages\sqlalchemy\orm\mapper.py", line 2733, in _post_inspect
    self._check_configure()
    ~~~~~~~~~~~~~~~~~~~~~^^
  File "E:\my_prog\zqgetdata\.venv\Lib\site-packages\sqlalchemy\orm\mapper.py", line 2410, in _check_configure
    _configure_registries({self.registry}, cascade=True)
    ~~~~~~~~~~~~~~~~~~~~~^^^^^^^^^^^^^^^^^^^^^^^^^^^^^^^
  File "E:\my_prog\zqgetdata\.venv\Lib\site-packages\sqlalchemy\orm\mapper.py", line 4227, in _configure_registries
    _do_configure_registries(registries, cascade)
    ~~~~~~~~~~~~~~~~~~~~~~~~^^^^^^^^^^^^^^^^^^^^^
  File "E:\my_prog\zqgetdata\.venv\Lib\site-packages\sqlalchemy\orm\mapper.py", line 4264, in _do_configure_registries
    raise e
sqlalchemy.exc.InvalidRequestError: One or more mappers failed to initialize - can't proceed with initialization of other mappers. Triggering mapper: 'Mapper[TczqMatch(tczq_match)]'. Original exception was: Could not determine join condition between parent/child tables on relationship TczqMatch.spf - there are no foreign keys linking these tables.  Ensure that referencing columns are associated with a ForeignKey or ForeignKeyConstraint, or specify a 'primaryjoin' expression.

2026-04-03 10:15:53 - tczq_data - ERROR - 处理联赛名称时出错：Traceback (most recent call last):
  File "E:\my_prog\zqgetdata\app\common\_utils.py", line 164, in handle_league_name
    league = localdb.query(League).filter_by(league_name=league_name).first()
             ~~~~~~~~~~~~~^^^^^^^^
  File "E:\my_prog\zqgetdata\app\database\db_core.py", line 135, in query
    raise e
  File "E:\my_prog\zqgetdata\app\database\db_core.py", line 113, in query
    da = self.session.query(obj)
  File "E:\my_prog\zqgetdata\.venv\Lib\site-packages\sqlalchemy\orm\session.py", line 2941, in query
    return self._query_cls(entities, self, **kwargs)
           ~~~~~~~~~~~~~~~^^^^^^^^^^^^^^^^^^^^^^^^^^
  File "E:\my_prog\zqgetdata\.venv\Lib\site-packages\sqlalchemy\orm\query.py", line 276, in __init__
    self._set_entities(entities)
    ~~~~~~~~~~~~~~~~~~^^^^^^^^^^
  File "E:\my_prog\zqgetdata\.venv\Lib\site-packages\sqlalchemy\orm\query.py", line 289, in _set_entities
    coercions.expect(
    ~~~~~~~~~~~~~~~~^
        roles.ColumnsClauseRole,
        ^^^^^^^^^^^^^^^^^^^^^^^^
    ...<2 lines>...
        post_inspect=True,
        ^^^^^^^^^^^^^^^^^^
    )
    ^
  File "E:\my_prog\zqgetdata\.venv\Lib\site-packages\sqlalchemy\sql\coercions.py", line 389, in expect
    insp._post_inspect
  File "E:\my_prog\zqgetdata\.venv\Lib\site-packages\sqlalchemy\util\langhelpers.py", line 1338, in __get__
    obj.__dict__[self.__name__] = result = self.fget(obj)
                                           ~~~~~~~~~^^^^^
  File "E:\my_prog\zqgetdata\.venv\Lib\site-packages\sqlalchemy\orm\mapper.py", line 2733, in _post_inspect
    self._check_configure()
    ~~~~~~~~~~~~~~~~~~~~~^^
  File "E:\my_prog\zqgetdata\.venv\Lib\site-packages\sqlalchemy\orm\mapper.py", line 2410, in _check_configure
    _configure_registries({self.registry}, cascade=True)
    ~~~~~~~~~~~~~~~~~~~~~^^^^^^^^^^^^^^^^^^^^^^^^^^^^^^^
  File "E:\my_prog\zqgetdata\.venv\Lib\site-packages\sqlalchemy\orm\mapper.py", line 4227, in _configure_registries
    _do_configure_registries(registries, cascade)
    ~~~~~~~~~~~~~~~~~~~~~~~~^^^^^^^^^^^^^^^^^^^^^
  File "E:\my_prog\zqgetdata\.venv\Lib\site-packages\sqlalchemy\orm\mapper.py", line 4264, in _do_configure_registries
    raise e
sqlalchemy.exc.InvalidRequestError: One or more mappers failed to initialize - can't proceed with initialization of other mappers. Triggering mapper: 'Mapper[TczqMatch(tczq_match)]'. Original exception was: Could not determine join condition between parent/child tables on relationship TczqMatch.spf - there are no foreign keys linking these tables.  Ensure that referencing columns are associated with a ForeignKey or ForeignKeyConstraint, or specify a 'primaryjoin' expression.

2026-04-03 10:15:53 - tczq_data - ERROR - 处理联赛名称时出错：Traceback (most recent call last):
  File "E:\my_prog\zqgetdata\app\common\_utils.py", line 164, in handle_league_name
    league = localdb.query(League).filter_by(league_name=league_name).first()
             ~~~~~~~~~~~~~^^^^^^^^
  File "E:\my_prog\zqgetdata\app\database\db_core.py", line 135, in query
    raise e
  File "E:\my_prog\zqgetdata\app\database\db_core.py", line 113, in query
    da = self.session.query(obj)
  File "E:\my_prog\zqgetdata\.venv\Lib\site-packages\sqlalchemy\orm\session.py", line 2941, in query
    return self._query_cls(entities, self, **kwargs)
           ~~~~~~~~~~~~~~~^^^^^^^^^^^^^^^^^^^^^^^^^^
  File "E:\my_prog\zqgetdata\.venv\Lib\site-packages\sqlalchemy\orm\query.py", line 276, in __init__
    self._set_entities(entities)
    ~~~~~~~~~~~~~~~~~~^^^^^^^^^^
  File "E:\my_prog\zqgetdata\.venv\Lib\site-packages\sqlalchemy\orm\query.py", line 289, in _set_entities
    coercions.expect(
    ~~~~~~~~~~~~~~~~^
        roles.ColumnsClauseRole,
        ^^^^^^^^^^^^^^^^^^^^^^^^
    ...<2 lines>...
        post_inspect=True,
        ^^^^^^^^^^^^^^^^^^
    )
    ^
  File "E:\my_prog\zqgetdata\.venv\Lib\site-packages\sqlalchemy\sql\coercions.py", line 389, in expect
    insp._post_inspect
  File "E:\my_prog\zqgetdata\.venv\Lib\site-packages\sqlalchemy\util\langhelpers.py", line 1338, in __get__
    obj.__dict__[self.__name__] = result = self.fget(obj)
                                           ~~~~~~~~~^^^^^
  File "E:\my_prog\zqgetdata\.venv\Lib\site-packages\sqlalchemy\orm\mapper.py", line 2733, in _post_inspect
    self._check_configure()
    ~~~~~~~~~~~~~~~~~~~~~^^
  File "E:\my_prog\zqgetdata\.venv\Lib\site-packages\sqlalchemy\orm\mapper.py", line 2410, in _check_configure
    _configure_registries({self.registry}, cascade=True)
    ~~~~~~~~~~~~~~~~~~~~~^^^^^^^^^^^^^^^^^^^^^^^^^^^^^^^
  File "E:\my_prog\zqgetdata\.venv\Lib\site-packages\sqlalchemy\orm\mapper.py", line 4227, in _configure_registries
    _do_configure_registries(registries, cascade)
    ~~~~~~~~~~~~~~~~~~~~~~~~^^^^^^^^^^^^^^^^^^^^^
  File "E:\my_prog\zqgetdata\.venv\Lib\site-packages\sqlalchemy\orm\mapper.py", line 4264, in _do_configure_registries
    raise e
sqlalchemy.exc.InvalidRequestError: One or more mappers failed to initialize - can't proceed with initialization of other mappers. Triggering mapper: 'Mapper[TczqMatch(tczq_match)]'. Original exception was: Could not determine join condition between parent/child tables on relationship TczqMatch.spf - there are no foreign keys linking these tables.  Ensure that referencing columns are associated with a ForeignKey or ForeignKeyConstraint, or specify a 'primaryjoin' expression.

2026-04-03 10:15:53 - tczq_data - ERROR - 处理联赛名称时出错：Traceback (most recent call last):
  File "E:\my_prog\zqgetdata\app\common\_utils.py", line 164, in handle_league_name
    league = localdb.query(League).filter_by(league_name=league_name).first()
             ~~~~~~~~~~~~~^^^^^^^^
  File "E:\my_prog\zqgetdata\app\database\db_core.py", line 135, in query
    raise e
  File "E:\my_prog\zqgetdata\app\database\db_core.py", line 113, in query
    da = self.session.query(obj)
  File "E:\my_prog\zqgetdata\.venv\Lib\site-packages\sqlalchemy\orm\session.py", line 2941, in query
    return self._query_cls(entities, self, **kwargs)
           ~~~~~~~~~~~~~~~^^^^^^^^^^^^^^^^^^^^^^^^^^
  File "E:\my_prog\zqgetdata\.venv\Lib\site-packages\sqlalchemy\orm\query.py", line 276, in __init__
    self._set_entities(entities)
    ~~~~~~~~~~~~~~~~~~^^^^^^^^^^
  File "E:\my_prog\zqgetdata\.venv\Lib\site-packages\sqlalchemy\orm\query.py", line 289, in _set_entities
    coercions.expect(
    ~~~~~~~~~~~~~~~~^
        roles.ColumnsClauseRole,
        ^^^^^^^^^^^^^^^^^^^^^^^^
    ...<2 lines>...
        post_inspect=True,
        ^^^^^^^^^^^^^^^^^^
    )
    ^
  File "E:\my_prog\zqgetdata\.venv\Lib\site-packages\sqlalchemy\sql\coercions.py", line 389, in expect
    insp._post_inspect
  File "E:\my_prog\zqgetdata\.venv\Lib\site-packages\sqlalchemy\util\langhelpers.py", line 1338, in __get__
    obj.__dict__[self.__name__] = result = self.fget(obj)
                                           ~~~~~~~~~^^^^^
  File "E:\my_prog\zqgetdata\.venv\Lib\site-packages\sqlalchemy\orm\mapper.py", line 2733, in _post_inspect
    self._check_configure()
    ~~~~~~~~~~~~~~~~~~~~~^^
  File "E:\my_prog\zqgetdata\.venv\Lib\site-packages\sqlalchemy\orm\mapper.py", line 2410, in _check_configure
    _configure_registries({self.registry}, cascade=True)
    ~~~~~~~~~~~~~~~~~~~~~^^^^^^^^^^^^^^^^^^^^^^^^^^^^^^^
  File "E:\my_prog\zqgetdata\.venv\Lib\site-packages\sqlalchemy\orm\mapper.py", line 4227, in _configure_registries
    _do_configure_registries(registries, cascade)
    ~~~~~~~~~~~~~~~~~~~~~~~~^^^^^^^^^^^^^^^^^^^^^
  File "E:\my_prog\zqgetdata\.venv\Lib\site-packages\sqlalchemy\orm\mapper.py", line 4264, in _do_configure_registries
    raise e
sqlalchemy.exc.InvalidRequestError: One or more mappers failed to initialize - can't proceed with initialization of other mappers. Triggering mapper: 'Mapper[TczqMatch(tczq_match)]'. Original exception was: Could not determine join condition between parent/child tables on relationship TczqMatch.spf - there are no foreign keys linking these tables.  Ensure that referencing columns are associated with a ForeignKey or ForeignKeyConstraint, or specify a 'primaryjoin' expression.

2026-04-03 10:15:53 - tczq_data - ERROR - 处理联赛名称时出错：Traceback (most recent call last):
  File "E:\my_prog\zqgetdata\app\common\_utils.py", line 164, in handle_league_name
    league = localdb.query(League).filter_by(league_name=league_name).first()
             ~~~~~~~~~~~~~^^^^^^^^
  File "E:\my_prog\zqgetdata\app\database\db_core.py", line 135, in query
    raise e
  File "E:\my_prog\zqgetdata\app\database\db_core.py", line 113, in query
    da = self.session.query(obj)
  File "E:\my_prog\zqgetdata\.venv\Lib\site-packages\sqlalchemy\orm\session.py", line 2941, in query
    return self._query_cls(entities, self, **kwargs)
           ~~~~~~~~~~~~~~~^^^^^^^^^^^^^^^^^^^^^^^^^^
  File "E:\my_prog\zqgetdata\.venv\Lib\site-packages\sqlalchemy\orm\query.py", line 276, in __init__
    self._set_entities(entities)
    ~~~~~~~~~~~~~~~~~~^^^^^^^^^^
  File "E:\my_prog\zqgetdata\.venv\Lib\site-packages\sqlalchemy\orm\query.py", line 289, in _set_entities
    coercions.expect(
    ~~~~~~~~~~~~~~~~^
        roles.ColumnsClauseRole,
        ^^^^^^^^^^^^^^^^^^^^^^^^
    ...<2 lines>...
        post_inspect=True,
        ^^^^^^^^^^^^^^^^^^
    )
    ^
  File "E:\my_prog\zqgetdata\.venv\Lib\site-packages\sqlalchemy\sql\coercions.py", line 389, in expect
    insp._post_inspect
  File "E:\my_prog\zqgetdata\.venv\Lib\site-packages\sqlalchemy\util\langhelpers.py", line 1338, in __get__
    obj.__dict__[self.__name__] = result = self.fget(obj)
                                           ~~~~~~~~~^^^^^
  File "E:\my_prog\zqgetdata\.venv\Lib\site-packages\sqlalchemy\orm\mapper.py", line 2733, in _post_inspect
    self._check_configure()
    ~~~~~~~~~~~~~~~~~~~~~^^
  File "E:\my_prog\zqgetdata\.venv\Lib\site-packages\sqlalchemy\orm\mapper.py", line 2410, in _check_configure
    _configure_registries({self.registry}, cascade=True)
    ~~~~~~~~~~~~~~~~~~~~~^^^^^^^^^^^^^^^^^^^^^^^^^^^^^^^
  File "E:\my_prog\zqgetdata\.venv\Lib\site-packages\sqlalchemy\orm\mapper.py", line 4227, in _configure_registries
    _do_configure_registries(registries, cascade)
    ~~~~~~~~~~~~~~~~~~~~~~~~^^^^^^^^^^^^^^^^^^^^^
  File "E:\my_prog\zqgetdata\.venv\Lib\site-packages\sqlalchemy\orm\mapper.py", line 4264, in _do_configure_registries
    raise e
sqlalchemy.exc.InvalidRequestError: One or more mappers failed to initialize - can't proceed with initialization of other mappers. Triggering mapper: 'Mapper[TczqMatch(tczq_match)]'. Original exception was: Could not determine join condition between parent/child tables on relationship TczqMatch.spf - there are no foreign keys linking these tables.  Ensure that referencing columns are associated with a ForeignKey or ForeignKeyConstraint, or specify a 'primaryjoin' expression.

2026-04-03 10:15:53 - tczq_data - ERROR - 处理联赛名称时出错：Traceback (most recent call last):
  File "E:\my_prog\zqgetdata\app\common\_utils.py", line 164, in handle_league_name
    league = localdb.query(League).filter_by(league_name=league_name).first()
             ~~~~~~~~~~~~~^^^^^^^^
  File "E:\my_prog\zqgetdata\app\database\db_core.py", line 135, in query
    raise e
  File "E:\my_prog\zqgetdata\app\database\db_core.py", line 113, in query
    da = self.session.query(obj)
  File "E:\my_prog\zqgetdata\.venv\Lib\site-packages\sqlalchemy\orm\session.py", line 2941, in query
    return self._query_cls(entities, self, **kwargs)
           ~~~~~~~~~~~~~~~^^^^^^^^^^^^^^^^^^^^^^^^^^
  File "E:\my_prog\zqgetdata\.venv\Lib\site-packages\sqlalchemy\orm\query.py", line 276, in __init__
    self._set_entities(entities)
    ~~~~~~~~~~~~~~~~~~^^^^^^^^^^
  File "E:\my_prog\zqgetdata\.venv\Lib\site-packages\sqlalchemy\orm\query.py", line 289, in _set_entities
    coercions.expect(
    ~~~~~~~~~~~~~~~~^
        roles.ColumnsClauseRole,
        ^^^^^^^^^^^^^^^^^^^^^^^^
    ...<2 lines>...
        post_inspect=True,
        ^^^^^^^^^^^^^^^^^^
    )
    ^
  File "E:\my_prog\zqgetdata\.venv\Lib\site-packages\sqlalchemy\sql\coercions.py", line 389, in expect
    insp._post_inspect
  File "E:\my_prog\zqgetdata\.venv\Lib\site-packages\sqlalchemy\util\langhelpers.py", line 1338, in __get__
    obj.__dict__[self.__name__] = result = self.fget(obj)
                                           ~~~~~~~~~^^^^^
  File "E:\my_prog\zqgetdata\.venv\Lib\site-packages\sqlalchemy\orm\mapper.py", line 2733, in _post_inspect
    self._check_configure()
    ~~~~~~~~~~~~~~~~~~~~~^^
  File "E:\my_prog\zqgetdata\.venv\Lib\site-packages\sqlalchemy\orm\mapper.py", line 2410, in _check_configure
    _configure_registries({self.registry}, cascade=True)
    ~~~~~~~~~~~~~~~~~~~~~^^^^^^^^^^^^^^^^^^^^^^^^^^^^^^^
  File "E:\my_prog\zqgetdata\.venv\Lib\site-packages\sqlalchemy\orm\mapper.py", line 4227, in _configure_registries
    _do_configure_registries(registries, cascade)
    ~~~~~~~~~~~~~~~~~~~~~~~~^^^^^^^^^^^^^^^^^^^^^
  File "E:\my_prog\zqgetdata\.venv\Lib\site-packages\sqlalchemy\orm\mapper.py", line 4264, in _do_configure_registries
    raise e
sqlalchemy.exc.InvalidRequestError: One or more mappers failed to initialize - can't proceed with initialization of other mappers. Triggering mapper: 'Mapper[TczqMatch(tczq_match)]'. Original exception was: Could not determine join condition between parent/child tables on relationship TczqMatch.spf - there are no foreign keys linking these tables.  Ensure that referencing columns are associated with a ForeignKey or ForeignKeyConstraint, or specify a 'primaryjoin' expression.

2026-04-03 10:15:53 - tczq_data - ERROR - 处理联赛名称时出错：Traceback (most recent call last):
  File "E:\my_prog\zqgetdata\app\common\_utils.py", line 164, in handle_league_name
    league = localdb.query(League).filter_by(league_name=league_name).first()
             ~~~~~~~~~~~~~^^^^^^^^
  File "E:\my_prog\zqgetdata\app\database\db_core.py", line 135, in query
    raise e
  File "E:\my_prog\zqgetdata\app\database\db_core.py", line 113, in query
    da = self.session.query(obj)
  File "E:\my_prog\zqgetdata\.venv\Lib\site-packages\sqlalchemy\orm\session.py", line 2941, in query
    return self._query_cls(entities, self, **kwargs)
           ~~~~~~~~~~~~~~~^^^^^^^^^^^^^^^^^^^^^^^^^^
  File "E:\my_prog\zqgetdata\.venv\Lib\site-packages\sqlalchemy\orm\query.py", line 276, in __init__
    self._set_entities(entities)
    ~~~~~~~~~~~~~~~~~~^^^^^^^^^^
  File "E:\my_prog\zqgetdata\.venv\Lib\site-packages\sqlalchemy\orm\query.py", line 289, in _set_entities
    coercions.expect(
    ~~~~~~~~~~~~~~~~^
        roles.ColumnsClauseRole,
        ^^^^^^^^^^^^^^^^^^^^^^^^
    ...<2 lines>...
        post_inspect=True,
        ^^^^^^^^^^^^^^^^^^
    )
    ^
  File "E:\my_prog\zqgetdata\.venv\Lib\site-packages\sqlalchemy\sql\coercions.py", line 389, in expect
    insp._post_inspect
  File "E:\my_prog\zqgetdata\.venv\Lib\site-packages\sqlalchemy\util\langhelpers.py", line 1338, in __get__
    obj.__dict__[self.__name__] = result = self.fget(obj)
                                           ~~~~~~~~~^^^^^
  File "E:\my_prog\zqgetdata\.venv\Lib\site-packages\sqlalchemy\orm\mapper.py", line 2733, in _post_inspect
    self._check_configure()
    ~~~~~~~~~~~~~~~~~~~~~^^
  File "E:\my_prog\zqgetdata\.venv\Lib\site-packages\sqlalchemy\orm\mapper.py", line 2410, in _check_configure
    _configure_registries({self.registry}, cascade=True)
    ~~~~~~~~~~~~~~~~~~~~~^^^^^^^^^^^^^^^^^^^^^^^^^^^^^^^
  File "E:\my_prog\zqgetdata\.venv\Lib\site-packages\sqlalchemy\orm\mapper.py", line 4227, in _configure_registries
    _do_configure_registries(registries, cascade)
    ~~~~~~~~~~~~~~~~~~~~~~~~^^^^^^^^^^^^^^^^^^^^^
  File "E:\my_prog\zqgetdata\.venv\Lib\site-packages\sqlalchemy\orm\mapper.py", line 4264, in _do_configure_registries
    raise e
sqlalchemy.exc.InvalidRequestError: One or more mappers failed to initialize - can't proceed with initialization of other mappers. Triggering mapper: 'Mapper[TczqMatch(tczq_match)]'. Original exception was: Could not determine join condition between parent/child tables on relationship TczqMatch.spf - there are no foreign keys linking these tables.  Ensure that referencing columns are associated with a ForeignKey or ForeignKeyConstraint, or specify a 'primaryjoin' expression.

2026-04-03 10:15:53 - tczq_data - ERROR - 处理联赛名称时出错：Traceback (most recent call last):
  File "E:\my_prog\zqgetdata\app\common\_utils.py", line 164, in handle_league_name
    league = localdb.query(League).filter_by(league_name=league_name).first()
             ~~~~~~~~~~~~~^^^^^^^^
  File "E:\my_prog\zqgetdata\app\database\db_core.py", line 135, in query
    raise e
  File "E:\my_prog\zqgetdata\app\database\db_core.py", line 113, in query
    da = self.session.query(obj)
  File "E:\my_prog\zqgetdata\.venv\Lib\site-packages\sqlalchemy\orm\session.py", line 2941, in query
    return self._query_cls(entities, self, **kwargs)
           ~~~~~~~~~~~~~~~^^^^^^^^^^^^^^^^^^^^^^^^^^
  File "E:\my_prog\zqgetdata\.venv\Lib\site-packages\sqlalchemy\orm\query.py", line 276, in __init__
    self._set_entities(entities)
    ~~~~~~~~~~~~~~~~~~^^^^^^^^^^
  File "E:\my_prog\zqgetdata\.venv\Lib\site-packages\sqlalchemy\orm\query.py", line 289, in _set_entities
    coercions.expect(
    ~~~~~~~~~~~~~~~~^
        roles.ColumnsClauseRole,
        ^^^^^^^^^^^^^^^^^^^^^^^^
    ...<2 lines>...
        post_inspect=True,
        ^^^^^^^^^^^^^^^^^^
    )
    ^
  File "E:\my_prog\zqgetdata\.venv\Lib\site-packages\sqlalchemy\sql\coercions.py", line 389, in expect
    insp._post_inspect
  File "E:\my_prog\zqgetdata\.venv\Lib\site-packages\sqlalchemy\util\langhelpers.py", line 1338, in __get__
    obj.__dict__[self.__name__] = result = self.fget(obj)
                                           ~~~~~~~~~^^^^^
  File "E:\my_prog\zqgetdata\.venv\Lib\site-packages\sqlalchemy\orm\mapper.py", line 2733, in _post_inspect
    self._check_configure()
    ~~~~~~~~~~~~~~~~~~~~~^^
  File "E:\my_prog\zqgetdata\.venv\Lib\site-packages\sqlalchemy\orm\mapper.py", line 2410, in _check_configure
    _configure_registries({self.registry}, cascade=True)
    ~~~~~~~~~~~~~~~~~~~~~^^^^^^^^^^^^^^^^^^^^^^^^^^^^^^^
  File "E:\my_prog\zqgetdata\.venv\Lib\site-packages\sqlalchemy\orm\mapper.py", line 4227, in _configure_registries
    _do_configure_registries(registries, cascade)
    ~~~~~~~~~~~~~~~~~~~~~~~~^^^^^^^^^^^^^^^^^^^^^
  File "E:\my_prog\zqgetdata\.venv\Lib\site-packages\sqlalchemy\orm\mapper.py", line 4264, in _do_configure_registries
    raise e
sqlalchemy.exc.InvalidRequestError: One or more mappers failed to initialize - can't proceed with initialization of other mappers. Triggering mapper: 'Mapper[TczqMatch(tczq_match)]'. Original exception was: Could not determine join condition between parent/child tables on relationship TczqMatch.spf - there are no foreign keys linking these tables.  Ensure that referencing columns are associated with a ForeignKey or ForeignKeyConstraint, or specify a 'primaryjoin' expression.

2026-04-03 10:15:53 - tczq_data - ERROR - 处理联赛名称时出错：Traceback (most recent call last):
  File "E:\my_prog\zqgetdata\app\common\_utils.py", line 164, in handle_league_name
    league = localdb.query(League).filter_by(league_name=league_name).first()
             ~~~~~~~~~~~~~^^^^^^^^
  File "E:\my_prog\zqgetdata\app\database\db_core.py", line 135, in query
    raise e
  File "E:\my_prog\zqgetdata\app\database\db_core.py", line 113, in query
    da = self.session.query(obj)
  File "E:\my_prog\zqgetdata\.venv\Lib\site-packages\sqlalchemy\orm\session.py", line 2941, in query
    return self._query_cls(entities, self, **kwargs)
           ~~~~~~~~~~~~~~~^^^^^^^^^^^^^^^^^^^^^^^^^^
  File "E:\my_prog\zqgetdata\.venv\Lib\site-packages\sqlalchemy\orm\query.py", line 276, in __init__
    self._set_entities(entities)
    ~~~~~~~~~~~~~~~~~~^^^^^^^^^^
  File "E:\my_prog\zqgetdata\.venv\Lib\site-packages\sqlalchemy\orm\query.py", line 289, in _set_entities
    coercions.expect(
    ~~~~~~~~~~~~~~~~^
        roles.ColumnsClauseRole,
        ^^^^^^^^^^^^^^^^^^^^^^^^
    ...<2 lines>...
        post_inspect=True,
        ^^^^^^^^^^^^^^^^^^
    )
    ^
  File "E:\my_prog\zqgetdata\.venv\Lib\site-packages\sqlalchemy\sql\coercions.py", line 389, in expect
    insp._post_inspect
  File "E:\my_prog\zqgetdata\.venv\Lib\site-packages\sqlalchemy\util\langhelpers.py", line 1338, in __get__
    obj.__dict__[self.__name__] = result = self.fget(obj)
                                           ~~~~~~~~~^^^^^
  File "E:\my_prog\zqgetdata\.venv\Lib\site-packages\sqlalchemy\orm\mapper.py", line 2733, in _post_inspect
    self._check_configure()
    ~~~~~~~~~~~~~~~~~~~~~^^
  File "E:\my_prog\zqgetdata\.venv\Lib\site-packages\sqlalchemy\orm\mapper.py", line 2410, in _check_configure
    _configure_registries({self.registry}, cascade=True)
    ~~~~~~~~~~~~~~~~~~~~~^^^^^^^^^^^^^^^^^^^^^^^^^^^^^^^
  File "E:\my_prog\zqgetdata\.venv\Lib\site-packages\sqlalchemy\orm\mapper.py", line 4227, in _configure_registries
    _do_configure_registries(registries, cascade)
    ~~~~~~~~~~~~~~~~~~~~~~~~^^^^^^^^^^^^^^^^^^^^^
  File "E:\my_prog\zqgetdata\.venv\Lib\site-packages\sqlalchemy\orm\mapper.py", line 4264, in _do_configure_registries
    raise e
sqlalchemy.exc.InvalidRequestError: One or more mappers failed to initialize - can't proceed with initialization of other mappers. Triggering mapper: 'Mapper[TczqMatch(tczq_match)]'. Original exception was: Could not determine join condition between parent/child tables on relationship TczqMatch.spf - there are no foreign keys linking these tables.  Ensure that referencing columns are associated with a ForeignKey or ForeignKeyConstraint, or specify a 'primaryjoin' expression.

2026-04-03 10:15:53 - tczq_data - ERROR - 处理联赛名称时出错：Traceback (most recent call last):
  File "E:\my_prog\zqgetdata\app\common\_utils.py", line 164, in handle_league_name
    league = localdb.query(League).filter_by(league_name=league_name).first()
             ~~~~~~~~~~~~~^^^^^^^^
  File "E:\my_prog\zqgetdata\app\database\db_core.py", line 135, in query
    raise e
  File "E:\my_prog\zqgetdata\app\database\db_core.py", line 113, in query
    da = self.session.query(obj)
  File "E:\my_prog\zqgetdata\.venv\Lib\site-packages\sqlalchemy\orm\session.py", line 2941, in query
    return self._query_cls(entities, self, **kwargs)
           ~~~~~~~~~~~~~~~^^^^^^^^^^^^^^^^^^^^^^^^^^
  File "E:\my_prog\zqgetdata\.venv\Lib\site-packages\sqlalchemy\orm\query.py", line 276, in __init__
    self._set_entities(entities)
    ~~~~~~~~~~~~~~~~~~^^^^^^^^^^
  File "E:\my_prog\zqgetdata\.venv\Lib\site-packages\sqlalchemy\orm\query.py", line 289, in _set_entities
    coercions.expect(
    ~~~~~~~~~~~~~~~~^
        roles.ColumnsClauseRole,
        ^^^^^^^^^^^^^^^^^^^^^^^^
    ...<2 lines>...
        post_inspect=True,
        ^^^^^^^^^^^^^^^^^^
    )
    ^
  File "E:\my_prog\zqgetdata\.venv\Lib\site-packages\sqlalchemy\sql\coercions.py", line 389, in expect
    insp._post_inspect
  File "E:\my_prog\zqgetdata\.venv\Lib\site-packages\sqlalchemy\util\langhelpers.py", line 1338, in __get__
    obj.__dict__[self.__name__] = result = self.fget(obj)
                                           ~~~~~~~~~^^^^^
  File "E:\my_prog\zqgetdata\.venv\Lib\site-packages\sqlalchemy\orm\mapper.py", line 2733, in _post_inspect
    self._check_configure()
    ~~~~~~~~~~~~~~~~~~~~~^^
  File "E:\my_prog\zqgetdata\.venv\Lib\site-packages\sqlalchemy\orm\mapper.py", line 2410, in _check_configure
    _configure_registries({self.registry}, cascade=True)
    ~~~~~~~~~~~~~~~~~~~~~^^^^^^^^^^^^^^^^^^^^^^^^^^^^^^^
  File "E:\my_prog\zqgetdata\.venv\Lib\site-packages\sqlalchemy\orm\mapper.py", line 4227, in _configure_registries
    _do_configure_registries(registries, cascade)
    ~~~~~~~~~~~~~~~~~~~~~~~~^^^^^^^^^^^^^^^^^^^^^
  File "E:\my_prog\zqgetdata\.venv\Lib\site-packages\sqlalchemy\orm\mapper.py", line 4264, in _do_configure_registries
    raise e
sqlalchemy.exc.InvalidRequestError: One or more mappers failed to initialize - can't proceed with initialization of other mappers. Triggering mapper: 'Mapper[TczqMatch(tczq_match)]'. Original exception was: Could not determine join condition between parent/child tables on relationship TczqMatch.spf - there are no foreign keys linking these tables.  Ensure that referencing columns are associated with a ForeignKey or ForeignKeyConstraint, or specify a 'primaryjoin' expression.

2026-04-03 10:15:53 - tczq_data - ERROR - 处理联赛名称时出错：Traceback (most recent call last):
  File "E:\my_prog\zqgetdata\app\common\_utils.py", line 164, in handle_league_name
    league = localdb.query(League).filter_by(league_name=league_name).first()
             ~~~~~~~~~~~~~^^^^^^^^
  File "E:\my_prog\zqgetdata\app\database\db_core.py", line 135, in query
    raise e
  File "E:\my_prog\zqgetdata\app\database\db_core.py", line 113, in query
    da = self.session.query(obj)
  File "E:\my_prog\zqgetdata\.venv\Lib\site-packages\sqlalchemy\orm\session.py", line 2941, in query
    return self._query_cls(entities, self, **kwargs)
           ~~~~~~~~~~~~~~~^^^^^^^^^^^^^^^^^^^^^^^^^^
  File "E:\my_prog\zqgetdata\.venv\Lib\site-packages\sqlalchemy\orm\query.py", line 276, in __init__
    self._set_entities(entities)
    ~~~~~~~~~~~~~~~~~~^^^^^^^^^^
  File "E:\my_prog\zqgetdata\.venv\Lib\site-packages\sqlalchemy\orm\query.py", line 289, in _set_entities
    coercions.expect(
    ~~~~~~~~~~~~~~~~^
        roles.ColumnsClauseRole,
        ^^^^^^^^^^^^^^^^^^^^^^^^
    ...<2 lines>...
        post_inspect=True,
        ^^^^^^^^^^^^^^^^^^
    )
    ^
  File "E:\my_prog\zqgetdata\.venv\Lib\site-packages\sqlalchemy\sql\coercions.py", line 389, in expect
    insp._post_inspect
  File "E:\my_prog\zqgetdata\.venv\Lib\site-packages\sqlalchemy\util\langhelpers.py", line 1338, in __get__
    obj.__dict__[self.__name__] = result = self.fget(obj)
                                           ~~~~~~~~~^^^^^
  File "E:\my_prog\zqgetdata\.venv\Lib\site-packages\sqlalchemy\orm\mapper.py", line 2733, in _post_inspect
    self._check_configure()
    ~~~~~~~~~~~~~~~~~~~~~^^
  File "E:\my_prog\zqgetdata\.venv\Lib\site-packages\sqlalchemy\orm\mapper.py", line 2410, in _check_configure
    _configure_registries({self.registry}, cascade=True)
    ~~~~~~~~~~~~~~~~~~~~~^^^^^^^^^^^^^^^^^^^^^^^^^^^^^^^
  File "E:\my_prog\zqgetdata\.venv\Lib\site-packages\sqlalchemy\orm\mapper.py", line 4227, in _configure_registries
    _do_configure_registries(registries, cascade)
    ~~~~~~~~~~~~~~~~~~~~~~~~^^^^^^^^^^^^^^^^^^^^^
  File "E:\my_prog\zqgetdata\.venv\Lib\site-packages\sqlalchemy\orm\mapper.py", line 4264, in _do_configure_registries
    raise e
sqlalchemy.exc.InvalidRequestError: One or more mappers failed to initialize - can't proceed with initialization of other mappers. Triggering mapper: 'Mapper[TczqMatch(tczq_match)]'. Original exception was: Could not determine join condition between parent/child tables on relationship TczqMatch.spf - there are no foreign keys linking these tables.  Ensure that referencing columns are associated with a ForeignKey or ForeignKeyConstraint, or specify a 'primaryjoin' expression.

2026-04-03 10:15:53 - tczq_data - ERROR - 处理联赛名称时出错：Traceback (most recent call last):
  File "E:\my_prog\zqgetdata\app\common\_utils.py", line 164, in handle_league_name
    league = localdb.query(League).filter_by(league_name=league_name).first()
             ~~~~~~~~~~~~~^^^^^^^^
  File "E:\my_prog\zqgetdata\app\database\db_core.py", line 135, in query
    raise e
  File "E:\my_prog\zqgetdata\app\database\db_core.py", line 113, in query
    da = self.session.query(obj)
  File "E:\my_prog\zqgetdata\.venv\Lib\site-packages\sqlalchemy\orm\session.py", line 2941, in query
    return self._query_cls(entities, self, **kwargs)
           ~~~~~~~~~~~~~~~^^^^^^^^^^^^^^^^^^^^^^^^^^
  File "E:\my_prog\zqgetdata\.venv\Lib\site-packages\sqlalchemy\orm\query.py", line 276, in __init__
    self._set_entities(entities)
    ~~~~~~~~~~~~~~~~~~^^^^^^^^^^
  File "E:\my_prog\zqgetdata\.venv\Lib\site-packages\sqlalchemy\orm\query.py", line 289, in _set_entities
    coercions.expect(
    ~~~~~~~~~~~~~~~~^
        roles.ColumnsClauseRole,
        ^^^^^^^^^^^^^^^^^^^^^^^^
    ...<2 lines>...
        post_inspect=True,
        ^^^^^^^^^^^^^^^^^^
    )
    ^
  File "E:\my_prog\zqgetdata\.venv\Lib\site-packages\sqlalchemy\sql\coercions.py", line 389, in expect
    insp._post_inspect
  File "E:\my_prog\zqgetdata\.venv\Lib\site-packages\sqlalchemy\util\langhelpers.py", line 1338, in __get__
    obj.__dict__[self.__name__] = result = self.fget(obj)
                                           ~~~~~~~~~^^^^^
  File "E:\my_prog\zqgetdata\.venv\Lib\site-packages\sqlalchemy\orm\mapper.py", line 2733, in _post_inspect
    self._check_configure()
    ~~~~~~~~~~~~~~~~~~~~~^^
  File "E:\my_prog\zqgetdata\.venv\Lib\site-packages\sqlalchemy\orm\mapper.py", line 2410, in _check_configure
    _configure_registries({self.registry}, cascade=True)
    ~~~~~~~~~~~~~~~~~~~~~^^^^^^^^^^^^^^^^^^^^^^^^^^^^^^^
  File "E:\my_prog\zqgetdata\.venv\Lib\site-packages\sqlalchemy\orm\mapper.py", line 4227, in _configure_registries
    _do_configure_registries(registries, cascade)
    ~~~~~~~~~~~~~~~~~~~~~~~~^^^^^^^^^^^^^^^^^^^^^
  File "E:\my_prog\zqgetdata\.venv\Lib\site-packages\sqlalchemy\orm\mapper.py", line 4264, in _do_configure_registries
    raise e
sqlalchemy.exc.InvalidRequestError: One or more mappers failed to initialize - can't proceed with initialization of other mappers. Triggering mapper: 'Mapper[TczqMatch(tczq_match)]'. Original exception was: Could not determine join condition between parent/child tables on relationship TczqMatch.spf - there are no foreign keys linking these tables.  Ensure that referencing columns are associated with a ForeignKey or ForeignKeyConstraint, or specify a 'primaryjoin' expression.

2026-04-03 10:15:53 - tczq_data - ERROR - 处理联赛名称时出错：Traceback (most recent call last):
  File "E:\my_prog\zqgetdata\app\common\_utils.py", line 164, in handle_league_name
    league = localdb.query(League).filter_by(league_name=league_name).first()
             ~~~~~~~~~~~~~^^^^^^^^
  File "E:\my_prog\zqgetdata\app\database\db_core.py", line 135, in query
    raise e
  File "E:\my_prog\zqgetdata\app\database\db_core.py", line 113, in query
    da = self.session.query(obj)
  File "E:\my_prog\zqgetdata\.venv\Lib\site-packages\sqlalchemy\orm\session.py", line 2941, in query
    return self._query_cls(entities, self, **kwargs)
           ~~~~~~~~~~~~~~~^^^^^^^^^^^^^^^^^^^^^^^^^^
  File "E:\my_prog\zqgetdata\.venv\Lib\site-packages\sqlalchemy\orm\query.py", line 276, in __init__
    self._set_entities(entities)
    ~~~~~~~~~~~~~~~~~~^^^^^^^^^^
  File "E:\my_prog\zqgetdata\.venv\Lib\site-packages\sqlalchemy\orm\query.py", line 289, in _set_entities
    coercions.expect(
    ~~~~~~~~~~~~~~~~^
        roles.ColumnsClauseRole,
        ^^^^^^^^^^^^^^^^^^^^^^^^
    ...<2 lines>...
        post_inspect=True,
        ^^^^^^^^^^^^^^^^^^
    )
    ^
  File "E:\my_prog\zqgetdata\.venv\Lib\site-packages\sqlalchemy\sql\coercions.py", line 389, in expect
    insp._post_inspect
  File "E:\my_prog\zqgetdata\.venv\Lib\site-packages\sqlalchemy\util\langhelpers.py", line 1338, in __get__
    obj.__dict__[self.__name__] = result = self.fget(obj)
                                           ~~~~~~~~~^^^^^
  File "E:\my_prog\zqgetdata\.venv\Lib\site-packages\sqlalchemy\orm\mapper.py", line 2733, in _post_inspect
    self._check_configure()
    ~~~~~~~~~~~~~~~~~~~~~^^
  File "E:\my_prog\zqgetdata\.venv\Lib\site-packages\sqlalchemy\orm\mapper.py", line 2410, in _check_configure
    _configure_registries({self.registry}, cascade=True)
    ~~~~~~~~~~~~~~~~~~~~~^^^^^^^^^^^^^^^^^^^^^^^^^^^^^^^
  File "E:\my_prog\zqgetdata\.venv\Lib\site-packages\sqlalchemy\orm\mapper.py", line 4227, in _configure_registries
    _do_configure_registries(registries, cascade)
    ~~~~~~~~~~~~~~~~~~~~~~~~^^^^^^^^^^^^^^^^^^^^^
  File "E:\my_prog\zqgetdata\.venv\Lib\site-packages\sqlalchemy\orm\mapper.py", line 4264, in _do_configure_registries
    raise e
sqlalchemy.exc.InvalidRequestError: One or more mappers failed to initialize - can't proceed with initialization of other mappers. Triggering mapper: 'Mapper[TczqMatch(tczq_match)]'. Original exception was: Could not determine join condition between parent/child tables on relationship TczqMatch.spf - there are no foreign keys linking these tables.  Ensure that referencing columns are associated with a ForeignKey or ForeignKeyConstraint, or specify a 'primaryjoin' expression.

2026-04-03 10:15:53 - tczq_data - ERROR - 处理联赛名称时出错：Traceback (most recent call last):
  File "E:\my_prog\zqgetdata\app\common\_utils.py", line 164, in handle_league_name
    league = localdb.query(League).filter_by(league_name=league_name).first()
             ~~~~~~~~~~~~~^^^^^^^^
  File "E:\my_prog\zqgetdata\app\database\db_core.py", line 135, in query
    raise e
  File "E:\my_prog\zqgetdata\app\database\db_core.py", line 113, in query
    da = self.session.query(obj)
  File "E:\my_prog\zqgetdata\.venv\Lib\site-packages\sqlalchemy\orm\session.py", line 2941, in query
    return self._query_cls(entities, self, **kwargs)
           ~~~~~~~~~~~~~~~^^^^^^^^^^^^^^^^^^^^^^^^^^
  File "E:\my_prog\zqgetdata\.venv\Lib\site-packages\sqlalchemy\orm\query.py", line 276, in __init__
    self._set_entities(entities)
    ~~~~~~~~~~~~~~~~~~^^^^^^^^^^
  File "E:\my_prog\zqgetdata\.venv\Lib\site-packages\sqlalchemy\orm\query.py", line 289, in _set_entities
    coercions.expect(
    ~~~~~~~~~~~~~~~~^
        roles.ColumnsClauseRole,
        ^^^^^^^^^^^^^^^^^^^^^^^^
    ...<2 lines>...
        post_inspect=True,
        ^^^^^^^^^^^^^^^^^^
    )
    ^
  File "E:\my_prog\zqgetdata\.venv\Lib\site-packages\sqlalchemy\sql\coercions.py", line 389, in expect
    insp._post_inspect
  File "E:\my_prog\zqgetdata\.venv\Lib\site-packages\sqlalchemy\util\langhelpers.py", line 1338, in __get__
    obj.__dict__[self.__name__] = result = self.fget(obj)
                                           ~~~~~~~~~^^^^^
  File "E:\my_prog\zqgetdata\.venv\Lib\site-packages\sqlalchemy\orm\mapper.py", line 2733, in _post_inspect
    self._check_configure()
    ~~~~~~~~~~~~~~~~~~~~~^^
  File "E:\my_prog\zqgetdata\.venv\Lib\site-packages\sqlalchemy\orm\mapper.py", line 2410, in _check_configure
    _configure_registries({self.registry}, cascade=True)
    ~~~~~~~~~~~~~~~~~~~~~^^^^^^^^^^^^^^^^^^^^^^^^^^^^^^^
  File "E:\my_prog\zqgetdata\.venv\Lib\site-packages\sqlalchemy\orm\mapper.py", line 4227, in _configure_registries
    _do_configure_registries(registries, cascade)
    ~~~~~~~~~~~~~~~~~~~~~~~~^^^^^^^^^^^^^^^^^^^^^
  File "E:\my_prog\zqgetdata\.venv\Lib\site-packages\sqlalchemy\orm\mapper.py", line 4264, in _do_configure_registries
    raise e
sqlalchemy.exc.InvalidRequestError: One or more mappers failed to initialize - can't proceed with initialization of other mappers. Triggering mapper: 'Mapper[TczqMatch(tczq_match)]'. Original exception was: Could not determine join condition between parent/child tables on relationship TczqMatch.spf - there are no foreign keys linking these tables.  Ensure that referencing columns are associated with a ForeignKey or ForeignKeyConstraint, or specify a 'primaryjoin' expression.

2026-04-03 10:15:53 - tczq_data - ERROR - 处理联赛名称时出错：Traceback (most recent call last):
  File "E:\my_prog\zqgetdata\app\common\_utils.py", line 164, in handle_league_name
    league = localdb.query(League).filter_by(league_name=league_name).first()
             ~~~~~~~~~~~~~^^^^^^^^
  File "E:\my_prog\zqgetdata\app\database\db_core.py", line 135, in query
    raise e
  File "E:\my_prog\zqgetdata\app\database\db_core.py", line 113, in query
    da = self.session.query(obj)
  File "E:\my_prog\zqgetdata\.venv\Lib\site-packages\sqlalchemy\orm\session.py", line 2941, in query
    return self._query_cls(entities, self, **kwargs)
           ~~~~~~~~~~~~~~~^^^^^^^^^^^^^^^^^^^^^^^^^^
  File "E:\my_prog\zqgetdata\.venv\Lib\site-packages\sqlalchemy\orm\query.py", line 276, in __init__
    self._set_entities(entities)
    ~~~~~~~~~~~~~~~~~~^^^^^^^^^^
  File "E:\my_prog\zqgetdata\.venv\Lib\site-packages\sqlalchemy\orm\query.py", line 289, in _set_entities
    coercions.expect(
    ~~~~~~~~~~~~~~~~^
        roles.ColumnsClauseRole,
        ^^^^^^^^^^^^^^^^^^^^^^^^
    ...<2 lines>...
        post_inspect=True,
        ^^^^^^^^^^^^^^^^^^
    )
    ^
  File "E:\my_prog\zqgetdata\.venv\Lib\site-packages\sqlalchemy\sql\coercions.py", line 389, in expect
    insp._post_inspect
  File "E:\my_prog\zqgetdata\.venv\Lib\site-packages\sqlalchemy\util\langhelpers.py", line 1338, in __get__
    obj.__dict__[self.__name__] = result = self.fget(obj)
                                           ~~~~~~~~~^^^^^
  File "E:\my_prog\zqgetdata\.venv\Lib\site-packages\sqlalchemy\orm\mapper.py", line 2733, in _post_inspect
    self._check_configure()
    ~~~~~~~~~~~~~~~~~~~~~^^
  File "E:\my_prog\zqgetdata\.venv\Lib\site-packages\sqlalchemy\orm\mapper.py", line 2410, in _check_configure
    _configure_registries({self.registry}, cascade=True)
    ~~~~~~~~~~~~~~~~~~~~~^^^^^^^^^^^^^^^^^^^^^^^^^^^^^^^
  File "E:\my_prog\zqgetdata\.venv\Lib\site-packages\sqlalchemy\orm\mapper.py", line 4227, in _configure_registries
    _do_configure_registries(registries, cascade)
    ~~~~~~~~~~~~~~~~~~~~~~~~^^^^^^^^^^^^^^^^^^^^^
  File "E:\my_prog\zqgetdata\.venv\Lib\site-packages\sqlalchemy\orm\mapper.py", line 4264, in _do_configure_registries
    raise e
sqlalchemy.exc.InvalidRequestError: One or more mappers failed to initialize - can't proceed with initialization of other mappers. Triggering mapper: 'Mapper[TczqMatch(tczq_match)]'. Original exception was: Could not determine join condition between parent/child tables on relationship TczqMatch.spf - there are no foreign keys linking these tables.  Ensure that referencing columns are associated with a ForeignKey or ForeignKeyConstraint, or specify a 'primaryjoin' expression.

2026-04-03 10:15:53 - tczq_data - ERROR - 处理联赛名称时出错：Traceback (most recent call last):
  File "E:\my_prog\zqgetdata\app\common\_utils.py", line 164, in handle_league_name
    league = localdb.query(League).filter_by(league_name=league_name).first()
             ~~~~~~~~~~~~~^^^^^^^^
  File "E:\my_prog\zqgetdata\app\database\db_core.py", line 135, in query
    raise e
  File "E:\my_prog\zqgetdata\app\database\db_core.py", line 113, in query
    da = self.session.query(obj)
  File "E:\my_prog\zqgetdata\.venv\Lib\site-packages\sqlalchemy\orm\session.py", line 2941, in query
    return self._query_cls(entities, self, **kwargs)
           ~~~~~~~~~~~~~~~^^^^^^^^^^^^^^^^^^^^^^^^^^
  File "E:\my_prog\zqgetdata\.venv\Lib\site-packages\sqlalchemy\orm\query.py", line 276, in __init__
    self._set_entities(entities)
    ~~~~~~~~~~~~~~~~~~^^^^^^^^^^
  File "E:\my_prog\zqgetdata\.venv\Lib\site-packages\sqlalchemy\orm\query.py", line 289, in _set_entities
    coercions.expect(
    ~~~~~~~~~~~~~~~~^
        roles.ColumnsClauseRole,
        ^^^^^^^^^^^^^^^^^^^^^^^^
    ...<2 lines>...
        post_inspect=True,
        ^^^^^^^^^^^^^^^^^^
    )
    ^
  File "E:\my_prog\zqgetdata\.venv\Lib\site-packages\sqlalchemy\sql\coercions.py", line 389, in expect
    insp._post_inspect
  File "E:\my_prog\zqgetdata\.venv\Lib\site-packages\sqlalchemy\util\langhelpers.py", line 1338, in __get__
    obj.__dict__[self.__name__] = result = self.fget(obj)
                                           ~~~~~~~~~^^^^^
  File "E:\my_prog\zqgetdata\.venv\Lib\site-packages\sqlalchemy\orm\mapper.py", line 2733, in _post_inspect
    self._check_configure()
    ~~~~~~~~~~~~~~~~~~~~~^^
  File "E:\my_prog\zqgetdata\.venv\Lib\site-packages\sqlalchemy\orm\mapper.py", line 2410, in _check_configure
    _configure_registries({self.registry}, cascade=True)
    ~~~~~~~~~~~~~~~~~~~~~^^^^^^^^^^^^^^^^^^^^^^^^^^^^^^^
  File "E:\my_prog\zqgetdata\.venv\Lib\site-packages\sqlalchemy\orm\mapper.py", line 4227, in _configure_registries
    _do_configure_registries(registries, cascade)
    ~~~~~~~~~~~~~~~~~~~~~~~~^^^^^^^^^^^^^^^^^^^^^
  File "E:\my_prog\zqgetdata\.venv\Lib\site-packages\sqlalchemy\orm\mapper.py", line 4264, in _do_configure_registries
    raise e
sqlalchemy.exc.InvalidRequestError: One or more mappers failed to initialize - can't proceed with initialization of other mappers. Triggering mapper: 'Mapper[TczqMatch(tczq_match)]'. Original exception was: Could not determine join condition between parent/child tables on relationship TczqMatch.spf - there are no foreign keys linking these tables.  Ensure that referencing columns are associated with a ForeignKey or ForeignKeyConstraint, or specify a 'primaryjoin' expression.

2026-04-03 10:15:53 - tczq_data - ERROR - 处理联赛名称时出错：Traceback (most recent call last):
  File "E:\my_prog\zqgetdata\app\common\_utils.py", line 164, in handle_league_name
    league = localdb.query(League).filter_by(league_name=league_name).first()
             ~~~~~~~~~~~~~^^^^^^^^
  File "E:\my_prog\zqgetdata\app\database\db_core.py", line 135, in query
    raise e
  File "E:\my_prog\zqgetdata\app\database\db_core.py", line 113, in query
    da = self.session.query(obj)
  File "E:\my_prog\zqgetdata\.venv\Lib\site-packages\sqlalchemy\orm\session.py", line 2941, in query
    return self._query_cls(entities, self, **kwargs)
           ~~~~~~~~~~~~~~~^^^^^^^^^^^^^^^^^^^^^^^^^^
  File "E:\my_prog\zqgetdata\.venv\Lib\site-packages\sqlalchemy\orm\query.py", line 276, in __init__
    self._set_entities(entities)
    ~~~~~~~~~~~~~~~~~~^^^^^^^^^^
  File "E:\my_prog\zqgetdata\.venv\Lib\site-packages\sqlalchemy\orm\query.py", line 289, in _set_entities
    coercions.expect(
    ~~~~~~~~~~~~~~~~^
        roles.ColumnsClauseRole,
        ^^^^^^^^^^^^^^^^^^^^^^^^
    ...<2 lines>...
        post_inspect=True,
        ^^^^^^^^^^^^^^^^^^
    )
    ^
  File "E:\my_prog\zqgetdata\.venv\Lib\site-packages\sqlalchemy\sql\coercions.py", line 389, in expect
    insp._post_inspect
  File "E:\my_prog\zqgetdata\.venv\Lib\site-packages\sqlalchemy\util\langhelpers.py", line 1338, in __get__
    obj.__dict__[self.__name__] = result = self.fget(obj)
                                           ~~~~~~~~~^^^^^
  File "E:\my_prog\zqgetdata\.venv\Lib\site-packages\sqlalchemy\orm\mapper.py", line 2733, in _post_inspect
    self._check_configure()
    ~~~~~~~~~~~~~~~~~~~~~^^
  File "E:\my_prog\zqgetdata\.venv\Lib\site-packages\sqlalchemy\orm\mapper.py", line 2410, in _check_configure
    _configure_registries({self.registry}, cascade=True)
    ~~~~~~~~~~~~~~~~~~~~~^^^^^^^^^^^^^^^^^^^^^^^^^^^^^^^
  File "E:\my_prog\zqgetdata\.venv\Lib\site-packages\sqlalchemy\orm\mapper.py", line 4227, in _configure_registries
    _do_configure_registries(registries, cascade)
    ~~~~~~~~~~~~~~~~~~~~~~~~^^^^^^^^^^^^^^^^^^^^^
  File "E:\my_prog\zqgetdata\.venv\Lib\site-packages\sqlalchemy\orm\mapper.py", line 4264, in _do_configure_registries
    raise e
sqlalchemy.exc.InvalidRequestError: One or more mappers failed to initialize - can't proceed with initialization of other mappers. Triggering mapper: 'Mapper[TczqMatch(tczq_match)]'. Original exception was: Could not determine join condition between parent/child tables on relationship TczqMatch.spf - there are no foreign keys linking these tables.  Ensure that referencing columns are associated with a ForeignKey or ForeignKeyConstraint, or specify a 'primaryjoin' expression.

2026-04-03 10:15:53 - tczq_data - ERROR - 处理联赛名称时出错：Traceback (most recent call last):
  File "E:\my_prog\zqgetdata\app\common\_utils.py", line 164, in handle_league_name
    league = localdb.query(League).filter_by(league_name=league_name).first()
             ~~~~~~~~~~~~~^^^^^^^^
  File "E:\my_prog\zqgetdata\app\database\db_core.py", line 135, in query
    raise e
  File "E:\my_prog\zqgetdata\app\database\db_core.py", line 113, in query
    da = self.session.query(obj)
  File "E:\my_prog\zqgetdata\.venv\Lib\site-packages\sqlalchemy\orm\session.py", line 2941, in query
    return self._query_cls(entities, self, **kwargs)
           ~~~~~~~~~~~~~~~^^^^^^^^^^^^^^^^^^^^^^^^^^
  File "E:\my_prog\zqgetdata\.venv\Lib\site-packages\sqlalchemy\orm\query.py", line 276, in __init__
    self._set_entities(entities)
    ~~~~~~~~~~~~~~~~~~^^^^^^^^^^
  File "E:\my_prog\zqgetdata\.venv\Lib\site-packages\sqlalchemy\orm\query.py", line 289, in _set_entities
    coercions.expect(
    ~~~~~~~~~~~~~~~~^
        roles.ColumnsClauseRole,
        ^^^^^^^^^^^^^^^^^^^^^^^^
    ...<2 lines>...
        post_inspect=True,
        ^^^^^^^^^^^^^^^^^^
    )
    ^
  File "E:\my_prog\zqgetdata\.venv\Lib\site-packages\sqlalchemy\sql\coercions.py", line 389, in expect
    insp._post_inspect
  File "E:\my_prog\zqgetdata\.venv\Lib\site-packages\sqlalchemy\util\langhelpers.py", line 1338, in __get__
    obj.__dict__[self.__name__] = result = self.fget(obj)
                                           ~~~~~~~~~^^^^^
  File "E:\my_prog\zqgetdata\.venv\Lib\site-packages\sqlalchemy\orm\mapper.py", line 2733, in _post_inspect
    self._check_configure()
    ~~~~~~~~~~~~~~~~~~~~~^^
  File "E:\my_prog\zqgetdata\.venv\Lib\site-packages\sqlalchemy\orm\mapper.py", line 2410, in _check_configure
    _configure_registries({self.registry}, cascade=True)
    ~~~~~~~~~~~~~~~~~~~~~^^^^^^^^^^^^^^^^^^^^^^^^^^^^^^^
  File "E:\my_prog\zqgetdata\.venv\Lib\site-packages\sqlalchemy\orm\mapper.py", line 4227, in _configure_registries
    _do_configure_registries(registries, cascade)
    ~~~~~~~~~~~~~~~~~~~~~~~~^^^^^^^^^^^^^^^^^^^^^
  File "E:\my_prog\zqgetdata\.venv\Lib\site-packages\sqlalchemy\orm\mapper.py", line 4264, in _do_configure_registries
    raise e
sqlalchemy.exc.InvalidRequestError: One or more mappers failed to initialize - can't proceed with initialization of other mappers. Triggering mapper: 'Mapper[TczqMatch(tczq_match)]'. Original exception was: Could not determine join condition between parent/child tables on relationship TczqMatch.spf - there are no foreign keys linking these tables.  Ensure that referencing columns are associated with a ForeignKey or ForeignKeyConstraint, or specify a 'primaryjoin' expression.

2026-04-03 10:15:53 - tczq_data - ERROR - 处理联赛名称时出错：Traceback (most recent call last):
  File "E:\my_prog\zqgetdata\app\common\_utils.py", line 164, in handle_league_name
    league = localdb.query(League).filter_by(league_name=league_name).first()
             ~~~~~~~~~~~~~^^^^^^^^
  File "E:\my_prog\zqgetdata\app\database\db_core.py", line 135, in query
    raise e
  File "E:\my_prog\zqgetdata\app\database\db_core.py", line 113, in query
    da = self.session.query(obj)
  File "E:\my_prog\zqgetdata\.venv\Lib\site-packages\sqlalchemy\orm\session.py", line 2941, in query
    return self._query_cls(entities, self, **kwargs)
           ~~~~~~~~~~~~~~~^^^^^^^^^^^^^^^^^^^^^^^^^^
  File "E:\my_prog\zqgetdata\.venv\Lib\site-packages\sqlalchemy\orm\query.py", line 276, in __init__
    self._set_entities(entities)
    ~~~~~~~~~~~~~~~~~~^^^^^^^^^^
  File "E:\my_prog\zqgetdata\.venv\Lib\site-packages\sqlalchemy\orm\query.py", line 289, in _set_entities
    coercions.expect(
    ~~~~~~~~~~~~~~~~^
        roles.ColumnsClauseRole,
        ^^^^^^^^^^^^^^^^^^^^^^^^
    ...<2 lines>...
        post_inspect=True,
        ^^^^^^^^^^^^^^^^^^
    )
    ^
  File "E:\my_prog\zqgetdata\.venv\Lib\site-packages\sqlalchemy\sql\coercions.py", line 389, in expect
    insp._post_inspect
  File "E:\my_prog\zqgetdata\.venv\Lib\site-packages\sqlalchemy\util\langhelpers.py", line 1338, in __get__
    obj.__dict__[self.__name__] = result = self.fget(obj)
                                           ~~~~~~~~~^^^^^
  File "E:\my_prog\zqgetdata\.venv\Lib\site-packages\sqlalchemy\orm\mapper.py", line 2733, in _post_inspect
    self._check_configure()
    ~~~~~~~~~~~~~~~~~~~~~^^
  File "E:\my_prog\zqgetdata\.venv\Lib\site-packages\sqlalchemy\orm\mapper.py", line 2410, in _check_configure
    _configure_registries({self.registry}, cascade=True)
    ~~~~~~~~~~~~~~~~~~~~~^^^^^^^^^^^^^^^^^^^^^^^^^^^^^^^
  File "E:\my_prog\zqgetdata\.venv\Lib\site-packages\sqlalchemy\orm\mapper.py", line 4227, in _configure_registries
    _do_configure_registries(registries, cascade)
    ~~~~~~~~~~~~~~~~~~~~~~~~^^^^^^^^^^^^^^^^^^^^^
  File "E:\my_prog\zqgetdata\.venv\Lib\site-packages\sqlalchemy\orm\mapper.py", line 4264, in _do_configure_registries
    raise e
sqlalchemy.exc.InvalidRequestError: One or more mappers failed to initialize - can't proceed with initialization of other mappers. Triggering mapper: 'Mapper[TczqMatch(tczq_match)]'. Original exception was: Could not determine join condition between parent/child tables on relationship TczqMatch.spf - there are no foreign keys linking these tables.  Ensure that referencing columns are associated with a ForeignKey or ForeignKeyConstraint, or specify a 'primaryjoin' expression.

2026-04-03 10:15:53 - tczq_data - ERROR - 处理联赛名称时出错：Traceback (most recent call last):
  File "E:\my_prog\zqgetdata\app\common\_utils.py", line 164, in handle_league_name
    league = localdb.query(League).filter_by(league_name=league_name).first()
             ~~~~~~~~~~~~~^^^^^^^^
  File "E:\my_prog\zqgetdata\app\database\db_core.py", line 135, in query
    raise e
  File "E:\my_prog\zqgetdata\app\database\db_core.py", line 113, in query
    da = self.session.query(obj)
  File "E:\my_prog\zqgetdata\.venv\Lib\site-packages\sqlalchemy\orm\session.py", line 2941, in query
    return self._query_cls(entities, self, **kwargs)
           ~~~~~~~~~~~~~~~^^^^^^^^^^^^^^^^^^^^^^^^^^
  File "E:\my_prog\zqgetdata\.venv\Lib\site-packages\sqlalchemy\orm\query.py", line 276, in __init__
    self._set_entities(entities)
    ~~~~~~~~~~~~~~~~~~^^^^^^^^^^
  File "E:\my_prog\zqgetdata\.venv\Lib\site-packages\sqlalchemy\orm\query.py", line 289, in _set_entities
    coercions.expect(
    ~~~~~~~~~~~~~~~~^
        roles.ColumnsClauseRole,
        ^^^^^^^^^^^^^^^^^^^^^^^^
    ...<2 lines>...
        post_inspect=True,
        ^^^^^^^^^^^^^^^^^^
    )
    ^
  File "E:\my_prog\zqgetdata\.venv\Lib\site-packages\sqlalchemy\sql\coercions.py", line 389, in expect
    insp._post_inspect
  File "E:\my_prog\zqgetdata\.venv\Lib\site-packages\sqlalchemy\util\langhelpers.py", line 1338, in __get__
    obj.__dict__[self.__name__] = result = self.fget(obj)
                                           ~~~~~~~~~^^^^^
  File "E:\my_prog\zqgetdata\.venv\Lib\site-packages\sqlalchemy\orm\mapper.py", line 2733, in _post_inspect
    self._check_configure()
    ~~~~~~~~~~~~~~~~~~~~~^^
  File "E:\my_prog\zqgetdata\.venv\Lib\site-packages\sqlalchemy\orm\mapper.py", line 2410, in _check_configure
    _configure_registries({self.registry}, cascade=True)
    ~~~~~~~~~~~~~~~~~~~~~^^^^^^^^^^^^^^^^^^^^^^^^^^^^^^^
  File "E:\my_prog\zqgetdata\.venv\Lib\site-packages\sqlalchemy\orm\mapper.py", line 4227, in _configure_registries
    _do_configure_registries(registries, cascade)
    ~~~~~~~~~~~~~~~~~~~~~~~~^^^^^^^^^^^^^^^^^^^^^
  File "E:\my_prog\zqgetdata\.venv\Lib\site-packages\sqlalchemy\orm\mapper.py", line 4264, in _do_configure_registries
    raise e
sqlalchemy.exc.InvalidRequestError: One or more mappers failed to initialize - can't proceed with initialization of other mappers. Triggering mapper: 'Mapper[TczqMatch(tczq_match)]'. Original exception was: Could not determine join condition between parent/child tables on relationship TczqMatch.spf - there are no foreign keys linking these tables.  Ensure that referencing columns are associated with a ForeignKey or ForeignKeyConstraint, or specify a 'primaryjoin' expression.

2026-04-03 10:15:53 - tczq_data - ERROR - 处理联赛名称时出错：Traceback (most recent call last):
  File "E:\my_prog\zqgetdata\app\common\_utils.py", line 164, in handle_league_name
    league = localdb.query(League).filter_by(league_name=league_name).first()
             ~~~~~~~~~~~~~^^^^^^^^
  File "E:\my_prog\zqgetdata\app\database\db_core.py", line 135, in query
    raise e
  File "E:\my_prog\zqgetdata\app\database\db_core.py", line 113, in query
    da = self.session.query(obj)
  File "E:\my_prog\zqgetdata\.venv\Lib\site-packages\sqlalchemy\orm\session.py", line 2941, in query
    return self._query_cls(entities, self, **kwargs)
           ~~~~~~~~~~~~~~~^^^^^^^^^^^^^^^^^^^^^^^^^^
  File "E:\my_prog\zqgetdata\.venv\Lib\site-packages\sqlalchemy\orm\query.py", line 276, in __init__
    self._set_entities(entities)
    ~~~~~~~~~~~~~~~~~~^^^^^^^^^^
  File "E:\my_prog\zqgetdata\.venv\Lib\site-packages\sqlalchemy\orm\query.py", line 289, in _set_entities
    coercions.expect(
    ~~~~~~~~~~~~~~~~^
        roles.ColumnsClauseRole,
        ^^^^^^^^^^^^^^^^^^^^^^^^
    ...<2 lines>...
        post_inspect=True,
        ^^^^^^^^^^^^^^^^^^
    )
    ^
  File "E:\my_prog\zqgetdata\.venv\Lib\site-packages\sqlalchemy\sql\coercions.py", line 389, in expect
    insp._post_inspect
  File "E:\my_prog\zqgetdata\.venv\Lib\site-packages\sqlalchemy\util\langhelpers.py", line 1338, in __get__
    obj.__dict__[self.__name__] = result = self.fget(obj)
                                           ~~~~~~~~~^^^^^
  File "E:\my_prog\zqgetdata\.venv\Lib\site-packages\sqlalchemy\orm\mapper.py", line 2733, in _post_inspect
    self._check_configure()
    ~~~~~~~~~~~~~~~~~~~~~^^
  File "E:\my_prog\zqgetdata\.venv\Lib\site-packages\sqlalchemy\orm\mapper.py", line 2410, in _check_configure
    _configure_registries({self.registry}, cascade=True)
    ~~~~~~~~~~~~~~~~~~~~~^^^^^^^^^^^^^^^^^^^^^^^^^^^^^^^
  File "E:\my_prog\zqgetdata\.venv\Lib\site-packages\sqlalchemy\orm\mapper.py", line 4227, in _configure_registries
    _do_configure_registries(registries, cascade)
    ~~~~~~~~~~~~~~~~~~~~~~~~^^^^^^^^^^^^^^^^^^^^^
  File "E:\my_prog\zqgetdata\.venv\Lib\site-packages\sqlalchemy\orm\mapper.py", line 4264, in _do_configure_registries
    raise e
sqlalchemy.exc.InvalidRequestError: One or more mappers failed to initialize - can't proceed with initialization of other mappers. Triggering mapper: 'Mapper[TczqMatch(tczq_match)]'. Original exception was: Could not determine join condition between parent/child tables on relationship TczqMatch.spf - there are no foreign keys linking these tables.  Ensure that referencing columns are associated with a ForeignKey or ForeignKeyConstraint, or specify a 'primaryjoin' expression.

2026-04-03 10:15:53 - tczq_data - ERROR - 处理联赛名称时出错：Traceback (most recent call last):
  File "E:\my_prog\zqgetdata\app\common\_utils.py", line 164, in handle_league_name
    league = localdb.query(League).filter_by(league_name=league_name).first()
             ~~~~~~~~~~~~~^^^^^^^^
  File "E:\my_prog\zqgetdata\app\database\db_core.py", line 135, in query
    raise e
  File "E:\my_prog\zqgetdata\app\database\db_core.py", line 113, in query
    da = self.session.query(obj)
  File "E:\my_prog\zqgetdata\.venv\Lib\site-packages\sqlalchemy\orm\session.py", line 2941, in query
    return self._query_cls(entities, self, **kwargs)
           ~~~~~~~~~~~~~~~^^^^^^^^^^^^^^^^^^^^^^^^^^
  File "E:\my_prog\zqgetdata\.venv\Lib\site-packages\sqlalchemy\orm\query.py", line 276, in __init__
    self._set_entities(entities)
    ~~~~~~~~~~~~~~~~~~^^^^^^^^^^
  File "E:\my_prog\zqgetdata\.venv\Lib\site-packages\sqlalchemy\orm\query.py", line 289, in _set_entities
    coercions.expect(
    ~~~~~~~~~~~~~~~~^
        roles.ColumnsClauseRole,
        ^^^^^^^^^^^^^^^^^^^^^^^^
    ...<2 lines>...
        post_inspect=True,
        ^^^^^^^^^^^^^^^^^^
    )
    ^
  File "E:\my_prog\zqgetdata\.venv\Lib\site-packages\sqlalchemy\sql\coercions.py", line 389, in expect
    insp._post_inspect
  File "E:\my_prog\zqgetdata\.venv\Lib\site-packages\sqlalchemy\util\langhelpers.py", line 1338, in __get__
    obj.__dict__[self.__name__] = result = self.fget(obj)
                                           ~~~~~~~~~^^^^^
  File "E:\my_prog\zqgetdata\.venv\Lib\site-packages\sqlalchemy\orm\mapper.py", line 2733, in _post_inspect
    self._check_configure()
    ~~~~~~~~~~~~~~~~~~~~~^^
  File "E:\my_prog\zqgetdata\.venv\Lib\site-packages\sqlalchemy\orm\mapper.py", line 2410, in _check_configure
    _configure_registries({self.registry}, cascade=True)
    ~~~~~~~~~~~~~~~~~~~~~^^^^^^^^^^^^^^^^^^^^^^^^^^^^^^^
  File "E:\my_prog\zqgetdata\.venv\Lib\site-packages\sqlalchemy\orm\mapper.py", line 4227, in _configure_registries
    _do_configure_registries(registries, cascade)
    ~~~~~~~~~~~~~~~~~~~~~~~~^^^^^^^^^^^^^^^^^^^^^
  File "E:\my_prog\zqgetdata\.venv\Lib\site-packages\sqlalchemy\orm\mapper.py", line 4264, in _do_configure_registries
    raise e
sqlalchemy.exc.InvalidRequestError: One or more mappers failed to initialize - can't proceed with initialization of other mappers. Triggering mapper: 'Mapper[TczqMatch(tczq_match)]'. Original exception was: Could not determine join condition between parent/child tables on relationship TczqMatch.spf - there are no foreign keys linking these tables.  Ensure that referencing columns are associated with a ForeignKey or ForeignKeyConstraint, or specify a 'primaryjoin' expression.

2026-04-03 10:15:53 - tczq_data - ERROR - 处理联赛名称时出错：Traceback (most recent call last):
  File "E:\my_prog\zqgetdata\app\common\_utils.py", line 164, in handle_league_name
    league = localdb.query(League).filter_by(league_name=league_name).first()
             ~~~~~~~~~~~~~^^^^^^^^
  File "E:\my_prog\zqgetdata\app\database\db_core.py", line 135, in query
    raise e
  File "E:\my_prog\zqgetdata\app\database\db_core.py", line 113, in query
    da = self.session.query(obj)
  File "E:\my_prog\zqgetdata\.venv\Lib\site-packages\sqlalchemy\orm\session.py", line 2941, in query
    return self._query_cls(entities, self, **kwargs)
           ~~~~~~~~~~~~~~~^^^^^^^^^^^^^^^^^^^^^^^^^^
  File "E:\my_prog\zqgetdata\.venv\Lib\site-packages\sqlalchemy\orm\query.py", line 276, in __init__
    self._set_entities(entities)
    ~~~~~~~~~~~~~~~~~~^^^^^^^^^^
  File "E:\my_prog\zqgetdata\.venv\Lib\site-packages\sqlalchemy\orm\query.py", line 289, in _set_entities
    coercions.expect(
    ~~~~~~~~~~~~~~~~^
        roles.ColumnsClauseRole,
        ^^^^^^^^^^^^^^^^^^^^^^^^
    ...<2 lines>...
        post_inspect=True,
        ^^^^^^^^^^^^^^^^^^
    )
    ^
  File "E:\my_prog\zqgetdata\.venv\Lib\site-packages\sqlalchemy\sql\coercions.py", line 389, in expect
    insp._post_inspect
  File "E:\my_prog\zqgetdata\.venv\Lib\site-packages\sqlalchemy\util\langhelpers.py", line 1338, in __get__
    obj.__dict__[self.__name__] = result = self.fget(obj)
                                           ~~~~~~~~~^^^^^
  File "E:\my_prog\zqgetdata\.venv\Lib\site-packages\sqlalchemy\orm\mapper.py", line 2733, in _post_inspect
    self._check_configure()
    ~~~~~~~~~~~~~~~~~~~~~^^
  File "E:\my_prog\zqgetdata\.venv\Lib\site-packages\sqlalchemy\orm\mapper.py", line 2410, in _check_configure
    _configure_registries({self.registry}, cascade=True)
    ~~~~~~~~~~~~~~~~~~~~~^^^^^^^^^^^^^^^^^^^^^^^^^^^^^^^
  File "E:\my_prog\zqgetdata\.venv\Lib\site-packages\sqlalchemy\orm\mapper.py", line 4227, in _configure_registries
    _do_configure_registries(registries, cascade)
    ~~~~~~~~~~~~~~~~~~~~~~~~^^^^^^^^^^^^^^^^^^^^^
  File "E:\my_prog\zqgetdata\.venv\Lib\site-packages\sqlalchemy\orm\mapper.py", line 4264, in _do_configure_registries
    raise e
sqlalchemy.exc.InvalidRequestError: One or more mappers failed to initialize - can't proceed with initialization of other mappers. Triggering mapper: 'Mapper[TczqMatch(tczq_match)]'. Original exception was: Could not determine join condition between parent/child tables on relationship TczqMatch.spf - there are no foreign keys linking these tables.  Ensure that referencing columns are associated with a ForeignKey or ForeignKeyConstraint, or specify a 'primaryjoin' expression.

2026-04-03 10:15:53 - tczq_data - ERROR - 处理联赛名称时出错：Traceback (most recent call last):
  File "E:\my_prog\zqgetdata\app\common\_utils.py", line 164, in handle_league_name
    league = localdb.query(League).filter_by(league_name=league_name).first()
             ~~~~~~~~~~~~~^^^^^^^^
  File "E:\my_prog\zqgetdata\app\database\db_core.py", line 135, in query
    raise e
  File "E:\my_prog\zqgetdata\app\database\db_core.py", line 113, in query
    da = self.session.query(obj)
  File "E:\my_prog\zqgetdata\.venv\Lib\site-packages\sqlalchemy\orm\session.py", line 2941, in query
    return self._query_cls(entities, self, **kwargs)
           ~~~~~~~~~~~~~~~^^^^^^^^^^^^^^^^^^^^^^^^^^
  File "E:\my_prog\zqgetdata\.venv\Lib\site-packages\sqlalchemy\orm\query.py", line 276, in __init__
    self._set_entities(entities)
    ~~~~~~~~~~~~~~~~~~^^^^^^^^^^
  File "E:\my_prog\zqgetdata\.venv\Lib\site-packages\sqlalchemy\orm\query.py", line 289, in _set_entities
    coercions.expect(
    ~~~~~~~~~~~~~~~~^
        roles.ColumnsClauseRole,
        ^^^^^^^^^^^^^^^^^^^^^^^^
    ...<2 lines>...
        post_inspect=True,
        ^^^^^^^^^^^^^^^^^^
    )
    ^
  File "E:\my_prog\zqgetdata\.venv\Lib\site-packages\sqlalchemy\sql\coercions.py", line 389, in expect
    insp._post_inspect
  File "E:\my_prog\zqgetdata\.venv\Lib\site-packages\sqlalchemy\util\langhelpers.py", line 1338, in __get__
    obj.__dict__[self.__name__] = result = self.fget(obj)
                                           ~~~~~~~~~^^^^^
  File "E:\my_prog\zqgetdata\.venv\Lib\site-packages\sqlalchemy\orm\mapper.py", line 2733, in _post_inspect
    self._check_configure()
    ~~~~~~~~~~~~~~~~~~~~~^^
  File "E:\my_prog\zqgetdata\.venv\Lib\site-packages\sqlalchemy\orm\mapper.py", line 2410, in _check_configure
    _configure_registries({self.registry}, cascade=True)
    ~~~~~~~~~~~~~~~~~~~~~^^^^^^^^^^^^^^^^^^^^^^^^^^^^^^^
  File "E:\my_prog\zqgetdata\.venv\Lib\site-packages\sqlalchemy\orm\mapper.py", line 4227, in _configure_registries
    _do_configure_registries(registries, cascade)
    ~~~~~~~~~~~~~~~~~~~~~~~~^^^^^^^^^^^^^^^^^^^^^
  File "E:\my_prog\zqgetdata\.venv\Lib\site-packages\sqlalchemy\orm\mapper.py", line 4264, in _do_configure_registries
    raise e
sqlalchemy.exc.InvalidRequestError: One or more mappers failed to initialize - can't proceed with initialization of other mappers. Triggering mapper: 'Mapper[TczqMatch(tczq_match)]'. Original exception was: Could not determine join condition between parent/child tables on relationship TczqMatch.spf - there are no foreign keys linking these tables.  Ensure that referencing columns are associated with a ForeignKey or ForeignKeyConstraint, or specify a 'primaryjoin' expression.

2026-04-03 10:15:53 - tczq_data - ERROR - 处理联赛名称时出错：Traceback (most recent call last):
  File "E:\my_prog\zqgetdata\app\common\_utils.py", line 164, in handle_league_name
    league = localdb.query(League).filter_by(league_name=league_name).first()
             ~~~~~~~~~~~~~^^^^^^^^
  File "E:\my_prog\zqgetdata\app\database\db_core.py", line 135, in query
    raise e
  File "E:\my_prog\zqgetdata\app\database\db_core.py", line 113, in query
    da = self.session.query(obj)
  File "E:\my_prog\zqgetdata\.venv\Lib\site-packages\sqlalchemy\orm\session.py", line 2941, in query
    return self._query_cls(entities, self, **kwargs)
           ~~~~~~~~~~~~~~~^^^^^^^^^^^^^^^^^^^^^^^^^^
  File "E:\my_prog\zqgetdata\.venv\Lib\site-packages\sqlalchemy\orm\query.py", line 276, in __init__
    self._set_entities(entities)
    ~~~~~~~~~~~~~~~~~~^^^^^^^^^^
  File "E:\my_prog\zqgetdata\.venv\Lib\site-packages\sqlalchemy\orm\query.py", line 289, in _set_entities
    coercions.expect(
    ~~~~~~~~~~~~~~~~^
        roles.ColumnsClauseRole,
        ^^^^^^^^^^^^^^^^^^^^^^^^
    ...<2 lines>...
        post_inspect=True,
        ^^^^^^^^^^^^^^^^^^
    )
    ^
  File "E:\my_prog\zqgetdata\.venv\Lib\site-packages\sqlalchemy\sql\coercions.py", line 389, in expect
    insp._post_inspect
  File "E:\my_prog\zqgetdata\.venv\Lib\site-packages\sqlalchemy\util\langhelpers.py", line 1338, in __get__
    obj.__dict__[self.__name__] = result = self.fget(obj)
                                           ~~~~~~~~~^^^^^
  File "E:\my_prog\zqgetdata\.venv\Lib\site-packages\sqlalchemy\orm\mapper.py", line 2733, in _post_inspect
    self._check_configure()
    ~~~~~~~~~~~~~~~~~~~~~^^
  File "E:\my_prog\zqgetdata\.venv\Lib\site-packages\sqlalchemy\orm\mapper.py", line 2410, in _check_configure
    _configure_registries({self.registry}, cascade=True)
    ~~~~~~~~~~~~~~~~~~~~~^^^^^^^^^^^^^^^^^^^^^^^^^^^^^^^
  File "E:\my_prog\zqgetdata\.venv\Lib\site-packages\sqlalchemy\orm\mapper.py", line 4227, in _configure_registries
    _do_configure_registries(registries, cascade)
    ~~~~~~~~~~~~~~~~~~~~~~~~^^^^^^^^^^^^^^^^^^^^^
  File "E:\my_prog\zqgetdata\.venv\Lib\site-packages\sqlalchemy\orm\mapper.py", line 4264, in _do_configure_registries
    raise e
sqlalchemy.exc.InvalidRequestError: One or more mappers failed to initialize - can't proceed with initialization of other mappers. Triggering mapper: 'Mapper[TczqMatch(tczq_match)]'. Original exception was: Could not determine join condition between parent/child tables on relationship TczqMatch.spf - there are no foreign keys linking these tables.  Ensure that referencing columns are associated with a ForeignKey or ForeignKeyConstraint, or specify a 'primaryjoin' expression.

2026-04-03 10:15:53 - tczq_data - ERROR - 处理联赛名称时出错：Traceback (most recent call last):
  File "E:\my_prog\zqgetdata\app\common\_utils.py", line 164, in handle_league_name
    league = localdb.query(League).filter_by(league_name=league_name).first()
             ~~~~~~~~~~~~~^^^^^^^^
  File "E:\my_prog\zqgetdata\app\database\db_core.py", line 135, in query
    raise e
  File "E:\my_prog\zqgetdata\app\database\db_core.py", line 113, in query
    da = self.session.query(obj)
  File "E:\my_prog\zqgetdata\.venv\Lib\site-packages\sqlalchemy\orm\session.py", line 2941, in query
    return self._query_cls(entities, self, **kwargs)
           ~~~~~~~~~~~~~~~^^^^^^^^^^^^^^^^^^^^^^^^^^
  File "E:\my_prog\zqgetdata\.venv\Lib\site-packages\sqlalchemy\orm\query.py", line 276, in __init__
    self._set_entities(entities)
    ~~~~~~~~~~~~~~~~~~^^^^^^^^^^
  File "E:\my_prog\zqgetdata\.venv\Lib\site-packages\sqlalchemy\orm\query.py", line 289, in _set_entities
    coercions.expect(
    ~~~~~~~~~~~~~~~~^
        roles.ColumnsClauseRole,
        ^^^^^^^^^^^^^^^^^^^^^^^^
    ...<2 lines>...
        post_inspect=True,
        ^^^^^^^^^^^^^^^^^^
    )
    ^
  File "E:\my_prog\zqgetdata\.venv\Lib\site-packages\sqlalchemy\sql\coercions.py", line 389, in expect
    insp._post_inspect
  File "E:\my_prog\zqgetdata\.venv\Lib\site-packages\sqlalchemy\util\langhelpers.py", line 1338, in __get__
    obj.__dict__[self.__name__] = result = self.fget(obj)
                                           ~~~~~~~~~^^^^^
  File "E:\my_prog\zqgetdata\.venv\Lib\site-packages\sqlalchemy\orm\mapper.py", line 2733, in _post_inspect
    self._check_configure()
    ~~~~~~~~~~~~~~~~~~~~~^^
  File "E:\my_prog\zqgetdata\.venv\Lib\site-packages\sqlalchemy\orm\mapper.py", line 2410, in _check_configure
    _configure_registries({self.registry}, cascade=True)
    ~~~~~~~~~~~~~~~~~~~~~^^^^^^^^^^^^^^^^^^^^^^^^^^^^^^^
  File "E:\my_prog\zqgetdata\.venv\Lib\site-packages\sqlalchemy\orm\mapper.py", line 4227, in _configure_registries
    _do_configure_registries(registries, cascade)
    ~~~~~~~~~~~~~~~~~~~~~~~~^^^^^^^^^^^^^^^^^^^^^
  File "E:\my_prog\zqgetdata\.venv\Lib\site-packages\sqlalchemy\orm\mapper.py", line 4264, in _do_configure_registries
    raise e
sqlalchemy.exc.InvalidRequestError: One or more mappers failed to initialize - can't proceed with initialization of other mappers. Triggering mapper: 'Mapper[TczqMatch(tczq_match)]'. Original exception was: Could not determine join condition between parent/child tables on relationship TczqMatch.spf - there are no foreign keys linking these tables.  Ensure that referencing columns are associated with a ForeignKey or ForeignKeyConstraint, or specify a 'primaryjoin' expression.

2026-04-03 10:15:53 - tczq_data - ERROR - 处理联赛名称时出错：Traceback (most recent call last):
  File "E:\my_prog\zqgetdata\app\common\_utils.py", line 164, in handle_league_name
    league = localdb.query(League).filter_by(league_name=league_name).first()
             ~~~~~~~~~~~~~^^^^^^^^
  File "E:\my_prog\zqgetdata\app\database\db_core.py", line 135, in query
    raise e
  File "E:\my_prog\zqgetdata\app\database\db_core.py", line 113, in query
    da = self.session.query(obj)
  File "E:\my_prog\zqgetdata\.venv\Lib\site-packages\sqlalchemy\orm\session.py", line 2941, in query
    return self._query_cls(entities, self, **kwargs)
           ~~~~~~~~~~~~~~~^^^^^^^^^^^^^^^^^^^^^^^^^^
  File "E:\my_prog\zqgetdata\.venv\Lib\site-packages\sqlalchemy\orm\query.py", line 276, in __init__
    self._set_entities(entities)
    ~~~~~~~~~~~~~~~~~~^^^^^^^^^^
  File "E:\my_prog\zqgetdata\.venv\Lib\site-packages\sqlalchemy\orm\query.py", line 289, in _set_entities
    coercions.expect(
    ~~~~~~~~~~~~~~~~^
        roles.ColumnsClauseRole,
        ^^^^^^^^^^^^^^^^^^^^^^^^
    ...<2 lines>...
        post_inspect=True,
        ^^^^^^^^^^^^^^^^^^
    )
    ^
  File "E:\my_prog\zqgetdata\.venv\Lib\site-packages\sqlalchemy\sql\coercions.py", line 389, in expect
    insp._post_inspect
  File "E:\my_prog\zqgetdata\.venv\Lib\site-packages\sqlalchemy\util\langhelpers.py", line 1338, in __get__
    obj.__dict__[self.__name__] = result = self.fget(obj)
                                           ~~~~~~~~~^^^^^
  File "E:\my_prog\zqgetdata\.venv\Lib\site-packages\sqlalchemy\orm\mapper.py", line 2733, in _post_inspect
    self._check_configure()
    ~~~~~~~~~~~~~~~~~~~~~^^
  File "E:\my_prog\zqgetdata\.venv\Lib\site-packages\sqlalchemy\orm\mapper.py", line 2410, in _check_configure
    _configure_registries({self.registry}, cascade=True)
    ~~~~~~~~~~~~~~~~~~~~~^^^^^^^^^^^^^^^^^^^^^^^^^^^^^^^
  File "E:\my_prog\zqgetdata\.venv\Lib\site-packages\sqlalchemy\orm\mapper.py", line 4227, in _configure_registries
    _do_configure_registries(registries, cascade)
    ~~~~~~~~~~~~~~~~~~~~~~~~^^^^^^^^^^^^^^^^^^^^^
  File "E:\my_prog\zqgetdata\.venv\Lib\site-packages\sqlalchemy\orm\mapper.py", line 4264, in _do_configure_registries
    raise e
sqlalchemy.exc.InvalidRequestError: One or more mappers failed to initialize - can't proceed with initialization of other mappers. Triggering mapper: 'Mapper[TczqMatch(tczq_match)]'. Original exception was: Could not determine join condition between parent/child tables on relationship TczqMatch.spf - there are no foreign keys linking these tables.  Ensure that referencing columns are associated with a ForeignKey or ForeignKeyConstraint, or specify a 'primaryjoin' expression.

2026-04-03 10:15:53 - tczq_data - ERROR - 处理联赛名称时出错：Traceback (most recent call last):
  File "E:\my_prog\zqgetdata\app\common\_utils.py", line 164, in handle_league_name
    league = localdb.query(League).filter_by(league_name=league_name).first()
             ~~~~~~~~~~~~~^^^^^^^^
  File "E:\my_prog\zqgetdata\app\database\db_core.py", line 135, in query
    raise e
  File "E:\my_prog\zqgetdata\app\database\db_core.py", line 113, in query
    da = self.session.query(obj)
  File "E:\my_prog\zqgetdata\.venv\Lib\site-packages\sqlalchemy\orm\session.py", line 2941, in query
    return self._query_cls(entities, self, **kwargs)
           ~~~~~~~~~~~~~~~^^^^^^^^^^^^^^^^^^^^^^^^^^
  File "E:\my_prog\zqgetdata\.venv\Lib\site-packages\sqlalchemy\orm\query.py", line 276, in __init__
    self._set_entities(entities)
    ~~~~~~~~~~~~~~~~~~^^^^^^^^^^
  File "E:\my_prog\zqgetdata\.venv\Lib\site-packages\sqlalchemy\orm\query.py", line 289, in _set_entities
    coercions.expect(
    ~~~~~~~~~~~~~~~~^
        roles.ColumnsClauseRole,
        ^^^^^^^^^^^^^^^^^^^^^^^^
    ...<2 lines>...
        post_inspect=True,
        ^^^^^^^^^^^^^^^^^^
    )
    ^
  File "E:\my_prog\zqgetdata\.venv\Lib\site-packages\sqlalchemy\sql\coercions.py", line 389, in expect
    insp._post_inspect
  File "E:\my_prog\zqgetdata\.venv\Lib\site-packages\sqlalchemy\util\langhelpers.py", line 1338, in __get__
    obj.__dict__[self.__name__] = result = self.fget(obj)
                                           ~~~~~~~~~^^^^^
  File "E:\my_prog\zqgetdata\.venv\Lib\site-packages\sqlalchemy\orm\mapper.py", line 2733, in _post_inspect
    self._check_configure()
    ~~~~~~~~~~~~~~~~~~~~~^^
  File "E:\my_prog\zqgetdata\.venv\Lib\site-packages\sqlalchemy\orm\mapper.py", line 2410, in _check_configure
    _configure_registries({self.registry}, cascade=True)
    ~~~~~~~~~~~~~~~~~~~~~^^^^^^^^^^^^^^^^^^^^^^^^^^^^^^^
  File "E:\my_prog\zqgetdata\.venv\Lib\site-packages\sqlalchemy\orm\mapper.py", line 4227, in _configure_registries
    _do_configure_registries(registries, cascade)
    ~~~~~~~~~~~~~~~~~~~~~~~~^^^^^^^^^^^^^^^^^^^^^
  File "E:\my_prog\zqgetdata\.venv\Lib\site-packages\sqlalchemy\orm\mapper.py", line 4264, in _do_configure_registries
    raise e
sqlalchemy.exc.InvalidRequestError: One or more mappers failed to initialize - can't proceed with initialization of other mappers. Triggering mapper: 'Mapper[TczqMatch(tczq_match)]'. Original exception was: Could not determine join condition between parent/child tables on relationship TczqMatch.spf - there are no foreign keys linking these tables.  Ensure that referencing columns are associated with a ForeignKey or ForeignKeyConstraint, or specify a 'primaryjoin' expression.

2026-04-13 12:07:02 - tczq_data - ERROR - 检查数据库异常: (pymysql.err.OperationalError) (2003, "Can't connect to MySQL server on '127.0.0.1' ([WinError 10061] 由于目标计算机积极拒绝，无法连接。)")
(Background on this error at: https://sqlalche.me/e/20/e3q8)
2026-04-13 12:07:02 - tczq_data - INFO - 开始更新数据库表结构
2026-04-13 12:07:04 - tczq_data - ERROR - 数据库更新异常: (pymysql.err.OperationalError) (2003, "Can't connect to MySQL server on '127.0.0.1' ([WinError 10061] 由于目标计算机积极拒绝，无法连接。)")
(Background on this error at: https://sqlalche.me/e/20/e3q8)
2026-04-13 12:07:04 - tczq_data - ERROR - Traceback (most recent call last):
  File "E:\my_prog\zqgetdata\.venv\Lib\site-packages\pymysql\connections.py", line 649, in connect
    sock = socket.create_connection(
        (self.host, self.port), self.connect_timeout, **kwargs
    )
  File "C:\Python313\Lib\socket.py", line 864, in create_connection
    raise exceptions[0]
  File "C:\Python313\Lib\socket.py", line 849, in create_connection
    sock.connect(sa)
    ~~~~~~~~~~~~^^^^
ConnectionRefusedError: [WinError 10061] 由于目标计算机积极拒绝，无法连接。

During handling of the above exception, another exception occurred:

Traceback (most recent call last):
  File "E:\my_prog\zqgetdata\.venv\Lib\site-packages\sqlalchemy\engine\base.py", line 143, in __init__
    self._dbapi_connection = engine.raw_connection()
                             ~~~~~~~~~~~~~~~~~~~~~^^
  File "E:\my_prog\zqgetdata\.venv\Lib\site-packages\sqlalchemy\engine\base.py", line 3309, in raw_connection
    return self.pool.connect()
           ~~~~~~~~~~~~~~~~~^^
  File "E:\my_prog\zqgetdata\.venv\Lib\site-packages\sqlalchemy\pool\base.py", line 447, in connect
    return _ConnectionFairy._checkout(self)
           ~~~~~~~~~~~~~~~~~~~~~~~~~~^^^^^^
  File "E:\my_prog\zqgetdata\.venv\Lib\site-packages\sqlalchemy\pool\base.py", line 1264, in _checkout
    fairy = _ConnectionRecord.checkout(pool)
  File "E:\my_prog\zqgetdata\.venv\Lib\site-packages\sqlalchemy\pool\base.py", line 711, in checkout
    rec = pool._do_get()
  File "E:\my_prog\zqgetdata\.venv\Lib\site-packages\sqlalchemy\pool\impl.py", line 177, in _do_get
    with util.safe_reraise():
         ~~~~~~~~~~~~~~~~~^^
  File "E:\my_prog\zqgetdata\.venv\Lib\site-packages\sqlalchemy\util\langhelpers.py", line 224, in __exit__
    raise exc_value.with_traceback(exc_tb)
  File "E:\my_prog\zqgetdata\.venv\Lib\site-packages\sqlalchemy\pool\impl.py", line 175, in _do_get
    return self._create_connection()
           ~~~~~~~~~~~~~~~~~~~~~~~^^
  File "E:\my_prog\zqgetdata\.venv\Lib\site-packages\sqlalchemy\pool\base.py", line 388, in _create_connection
    return _ConnectionRecord(self)
  File "E:\my_prog\zqgetdata\.venv\Lib\site-packages\sqlalchemy\pool\base.py", line 673, in __init__
    self.__connect()
    ~~~~~~~~~~~~~~^^
  File "E:\my_prog\zqgetdata\.venv\Lib\site-packages\sqlalchemy\pool\base.py", line 899, in __connect
    with util.safe_reraise():
         ~~~~~~~~~~~~~~~~~^^
  File "E:\my_prog\zqgetdata\.venv\Lib\site-packages\sqlalchemy\util\langhelpers.py", line 224, in __exit__
    raise exc_value.with_traceback(exc_tb)
  File "E:\my_prog\zqgetdata\.venv\Lib\site-packages\sqlalchemy\pool\base.py", line 895, in __connect
    self.dbapi_connection = connection = pool._invoke_creator(self)
                                         ~~~~~~~~~~~~~~~~~~~~^^^^^^
  File "E:\my_prog\zqgetdata\.venv\Lib\site-packages\sqlalchemy\engine\create.py", line 661, in connect
    return dialect.connect(*cargs, **cparams)
           ~~~~~~~~~~~~~~~^^^^^^^^^^^^^^^^^^^
  File "E:\my_prog\zqgetdata\.venv\Lib\site-packages\sqlalchemy\engine\default.py", line 630, in connect
    return self.loaded_dbapi.connect(*cargs, **cparams)  # type: ignore[no-any-return]  # NOQA: E501
           ~~~~~~~~~~~~~~~~~~~~~~~~~^^^^^^^^^^^^^^^^^^^
  File "E:\my_prog\zqgetdata\.venv\Lib\site-packages\pymysql\connections.py", line 361, in __init__
    self.connect()
    ~~~~~~~~~~~~^^
  File "E:\my_prog\zqgetdata\.venv\Lib\site-packages\pymysql\connections.py", line 716, in connect
    raise exc
pymysql.err.OperationalError: (2003, "Can't connect to MySQL server on '127.0.0.1' ([WinError 10061] 由于目标计算机积极拒绝，无法连接。)")

The above exception was the direct cause of the following exception:

Traceback (most recent call last):
  File "E:\my_prog\zqgetdata\main.py", line 106, in up_db
    DigitalBase.metadata.create_all(engine)
    ~~~~~~~~~~~~~~~~~~~~~~~~~~~~~~~^^^^^^^^
  File "E:\my_prog\zqgetdata\.venv\Lib\site-packages\sqlalchemy\sql\schema.py", line 5928, in create_all
    bind._run_ddl_visitor(
    ~~~~~~~~~~~~~~~~~~~~~^
        ddl.SchemaGenerator, self, checkfirst=checkfirst, tables=tables
        ^^^^^^^^^^^^^^^^^^^^^^^^^^^^^^^^^^^^^^^^^^^^^^^^^^^^^^^^^^^^^^^
    )
    ^
  File "E:\my_prog\zqgetdata\.venv\Lib\site-packages\sqlalchemy\engine\base.py", line 3259, in _run_ddl_visitor
    with self.begin() as conn:
         ~~~~~~~~~~^^
  File "C:\Python313\Lib\contextlib.py", line 141, in __enter__
    return next(self.gen)
  File "E:\my_prog\zqgetdata\.venv\Lib\site-packages\sqlalchemy\engine\base.py", line 3249, in begin
    with self.connect() as conn:
         ~~~~~~~~~~~~^^
  File "E:\my_prog\zqgetdata\.venv\Lib\site-packages\sqlalchemy\engine\base.py", line 3285, in connect
    return self._connection_cls(self)
           ~~~~~~~~~~~~~~~~~~~~^^^^^^
  File "E:\my_prog\zqgetdata\.venv\Lib\site-packages\sqlalchemy\engine\base.py", line 145, in __init__
    Connection._handle_dbapi_exception_noconnection(
    ~~~~~~~~~~~~~~~~~~~~~~~~~~~~~~~~~~~~~~~~~~~~~~~^
        err, dialect, engine
        ^^^^^^^^^^^^^^^^^^^^
    )
    ^
  File "E:\my_prog\zqgetdata\.venv\Lib\site-packages\sqlalchemy\engine\base.py", line 2448, in _handle_dbapi_exception_noconnection
    raise sqlalchemy_exception.with_traceback(exc_info[2]) from e
  File "E:\my_prog\zqgetdata\.venv\Lib\site-packages\sqlalchemy\engine\base.py", line 143, in __init__
    self._dbapi_connection = engine.raw_connection()
                             ~~~~~~~~~~~~~~~~~~~~~^^
  File "E:\my_prog\zqgetdata\.venv\Lib\site-packages\sqlalchemy\engine\base.py", line 3309, in raw_connection
    return self.pool.connect()
           ~~~~~~~~~~~~~~~~~^^
  File "E:\my_prog\zqgetdata\.venv\Lib\site-packages\sqlalchemy\pool\base.py", line 447, in connect
    return _ConnectionFairy._checkout(self)
           ~~~~~~~~~~~~~~~~~~~~~~~~~~^^^^^^
  File "E:\my_prog\zqgetdata\.venv\Lib\site-packages\sqlalchemy\pool\base.py", line 1264, in _checkout
    fairy = _ConnectionRecord.checkout(pool)
  File "E:\my_prog\zqgetdata\.venv\Lib\site-packages\sqlalchemy\pool\base.py", line 711, in checkout
    rec = pool._do_get()
  File "E:\my_prog\zqgetdata\.venv\Lib\site-packages\sqlalchemy\pool\impl.py", line 177, in _do_get
    with util.safe_reraise():
         ~~~~~~~~~~~~~~~~~^^
  File "E:\my_prog\zqgetdata\.venv\Lib\site-packages\sqlalchemy\util\langhelpers.py", line 224, in __exit__
    raise exc_value.with_traceback(exc_tb)
  File "E:\my_prog\zqgetdata\.venv\Lib\site-packages\sqlalchemy\pool\impl.py", line 175, in _do_get
    return self._create_connection()
           ~~~~~~~~~~~~~~~~~~~~~~~^^
  File "E:\my_prog\zqgetdata\.venv\Lib\site-packages\sqlalchemy\pool\base.py", line 388, in _create_connection
    return _ConnectionRecord(self)
  File "E:\my_prog\zqgetdata\.venv\Lib\site-packages\sqlalchemy\pool\base.py", line 673, in __init__
    self.__connect()
    ~~~~~~~~~~~~~~^^
  File "E:\my_prog\zqgetdata\.venv\Lib\site-packages\sqlalchemy\pool\base.py", line 899, in __connect
    with util.safe_reraise():
         ~~~~~~~~~~~~~~~~~^^
  File "E:\my_prog\zqgetdata\.venv\Lib\site-packages\sqlalchemy\util\langhelpers.py", line 224, in __exit__
    raise exc_value.with_traceback(exc_tb)
  File "E:\my_prog\zqgetdata\.venv\Lib\site-packages\sqlalchemy\pool\base.py", line 895, in __connect
    self.dbapi_connection = connection = pool._invoke_creator(self)
                                         ~~~~~~~~~~~~~~~~~~~~^^^^^^
  File "E:\my_prog\zqgetdata\.venv\Lib\site-packages\sqlalchemy\engine\create.py", line 661, in connect
    return dialect.connect(*cargs, **cparams)
           ~~~~~~~~~~~~~~~^^^^^^^^^^^^^^^^^^^
  File "E:\my_prog\zqgetdata\.venv\Lib\site-packages\sqlalchemy\engine\default.py", line 630, in connect
    return self.loaded_dbapi.connect(*cargs, **cparams)  # type: ignore[no-any-return]  # NOQA: E501
           ~~~~~~~~~~~~~~~~~~~~~~~~~^^^^^^^^^^^^^^^^^^^
  File "E:\my_prog\zqgetdata\.venv\Lib\site-packages\pymysql\connections.py", line 361, in __init__
    self.connect()
    ~~~~~~~~~~~~^^
  File "E:\my_prog\zqgetdata\.venv\Lib\site-packages\pymysql\connections.py", line 716, in connect
    raise exc
sqlalchemy.exc.OperationalError: (pymysql.err.OperationalError) (2003, "Can't connect to MySQL server on '127.0.0.1' ([WinError 10061] 由于目标计算机积极拒绝，无法连接。)")
(Background on this error at: https://sqlalche.me/e/20/e3q8)

2026-04-13 12:09:59 - tczq_data - INFO - 开始更新数据库表结构
2026-04-13 12:10:02 - tczq_data - ERROR - 数据库更新异常: (pymysql.err.OperationalError) (2003, "Can't connect to MySQL server on '127.0.0.1' ([WinError 10061] 由于目标计算机积极拒绝，无法连接。)")
(Background on this error at: https://sqlalche.me/e/20/e3q8)
2026-04-13 12:10:02 - tczq_data - ERROR - Traceback (most recent call last):
  File "E:\my_prog\zqgetdata\.venv\Lib\site-packages\pymysql\connections.py", line 649, in connect
    sock = socket.create_connection(
        (self.host, self.port), self.connect_timeout, **kwargs
    )
  File "C:\Python313\Lib\socket.py", line 864, in create_connection
    raise exceptions[0]
  File "C:\Python313\Lib\socket.py", line 849, in create_connection
    sock.connect(sa)
    ~~~~~~~~~~~~^^^^
ConnectionRefusedError: [WinError 10061] 由于目标计算机积极拒绝，无法连接。

During handling of the above exception, another exception occurred:

Traceback (most recent call last):
  File "E:\my_prog\zqgetdata\.venv\Lib\site-packages\sqlalchemy\engine\base.py", line 143, in __init__
    self._dbapi_connection = engine.raw_connection()
                             ~~~~~~~~~~~~~~~~~~~~~^^
  File "E:\my_prog\zqgetdata\.venv\Lib\site-packages\sqlalchemy\engine\base.py", line 3309, in raw_connection
    return self.pool.connect()
           ~~~~~~~~~~~~~~~~~^^
  File "E:\my_prog\zqgetdata\.venv\Lib\site-packages\sqlalchemy\pool\base.py", line 447, in connect
    return _ConnectionFairy._checkout(self)
           ~~~~~~~~~~~~~~~~~~~~~~~~~~^^^^^^
  File "E:\my_prog\zqgetdata\.venv\Lib\site-packages\sqlalchemy\pool\base.py", line 1264, in _checkout
    fairy = _ConnectionRecord.checkout(pool)
  File "E:\my_prog\zqgetdata\.venv\Lib\site-packages\sqlalchemy\pool\base.py", line 711, in checkout
    rec = pool._do_get()
  File "E:\my_prog\zqgetdata\.venv\Lib\site-packages\sqlalchemy\pool\impl.py", line 177, in _do_get
    with util.safe_reraise():
         ~~~~~~~~~~~~~~~~~^^
  File "E:\my_prog\zqgetdata\.venv\Lib\site-packages\sqlalchemy\util\langhelpers.py", line 224, in __exit__
    raise exc_value.with_traceback(exc_tb)
  File "E:\my_prog\zqgetdata\.venv\Lib\site-packages\sqlalchemy\pool\impl.py", line 175, in _do_get
    return self._create_connection()
           ~~~~~~~~~~~~~~~~~~~~~~~^^
  File "E:\my_prog\zqgetdata\.venv\Lib\site-packages\sqlalchemy\pool\base.py", line 388, in _create_connection
    return _ConnectionRecord(self)
  File "E:\my_prog\zqgetdata\.venv\Lib\site-packages\sqlalchemy\pool\base.py", line 673, in __init__
    self.__connect()
    ~~~~~~~~~~~~~~^^
  File "E:\my_prog\zqgetdata\.venv\Lib\site-packages\sqlalchemy\pool\base.py", line 899, in __connect
    with util.safe_reraise():
         ~~~~~~~~~~~~~~~~~^^
  File "E:\my_prog\zqgetdata\.venv\Lib\site-packages\sqlalchemy\util\langhelpers.py", line 224, in __exit__
    raise exc_value.with_traceback(exc_tb)
  File "E:\my_prog\zqgetdata\.venv\Lib\site-packages\sqlalchemy\pool\base.py", line 895, in __connect
    self.dbapi_connection = connection = pool._invoke_creator(self)
                                         ~~~~~~~~~~~~~~~~~~~~^^^^^^
  File "E:\my_prog\zqgetdata\.venv\Lib\site-packages\sqlalchemy\engine\create.py", line 661, in connect
    return dialect.connect(*cargs, **cparams)
           ~~~~~~~~~~~~~~~^^^^^^^^^^^^^^^^^^^
  File "E:\my_prog\zqgetdata\.venv\Lib\site-packages\sqlalchemy\engine\default.py", line 630, in connect
    return self.loaded_dbapi.connect(*cargs, **cparams)  # type: ignore[no-any-return]  # NOQA: E501
           ~~~~~~~~~~~~~~~~~~~~~~~~~^^^^^^^^^^^^^^^^^^^
  File "E:\my_prog\zqgetdata\.venv\Lib\site-packages\pymysql\connections.py", line 361, in __init__
    self.connect()
    ~~~~~~~~~~~~^^
  File "E:\my_prog\zqgetdata\.venv\Lib\site-packages\pymysql\connections.py", line 716, in connect
    raise exc
pymysql.err.OperationalError: (2003, "Can't connect to MySQL server on '127.0.0.1' ([WinError 10061] 由于目标计算机积极拒绝，无法连接。)")

The above exception was the direct cause of the following exception:

Traceback (most recent call last):
  File "E:\my_prog\zqgetdata\main.py", line 106, in up_db
    DigitalBase.metadata.create_all(engine)
    ~~~~~~~~~~~~~~~~~~~~~~~~~~~~~~~^^^^^^^^
  File "E:\my_prog\zqgetdata\.venv\Lib\site-packages\sqlalchemy\sql\schema.py", line 5928, in create_all
    bind._run_ddl_visitor(
    ~~~~~~~~~~~~~~~~~~~~~^
        ddl.SchemaGenerator, self, checkfirst=checkfirst, tables=tables
        ^^^^^^^^^^^^^^^^^^^^^^^^^^^^^^^^^^^^^^^^^^^^^^^^^^^^^^^^^^^^^^^
    )
    ^
  File "E:\my_prog\zqgetdata\.venv\Lib\site-packages\sqlalchemy\engine\base.py", line 3259, in _run_ddl_visitor
    with self.begin() as conn:
         ~~~~~~~~~~^^
  File "C:\Python313\Lib\contextlib.py", line 141, in __enter__
    return next(self.gen)
  File "E:\my_prog\zqgetdata\.venv\Lib\site-packages\sqlalchemy\engine\base.py", line 3249, in begin
    with self.connect() as conn:
         ~~~~~~~~~~~~^^
  File "E:\my_prog\zqgetdata\.venv\Lib\site-packages\sqlalchemy\engine\base.py", line 3285, in connect
    return self._connection_cls(self)
           ~~~~~~~~~~~~~~~~~~~~^^^^^^
  File "E:\my_prog\zqgetdata\.venv\Lib\site-packages\sqlalchemy\engine\base.py", line 145, in __init__
    Connection._handle_dbapi_exception_noconnection(
    ~~~~~~~~~~~~~~~~~~~~~~~~~~~~~~~~~~~~~~~~~~~~~~~^
        err, dialect, engine
        ^^^^^^^^^^^^^^^^^^^^
    )
    ^
  File "E:\my_prog\zqgetdata\.venv\Lib\site-packages\sqlalchemy\engine\base.py", line 2448, in _handle_dbapi_exception_noconnection
    raise sqlalchemy_exception.with_traceback(exc_info[2]) from e
  File "E:\my_prog\zqgetdata\.venv\Lib\site-packages\sqlalchemy\engine\base.py", line 143, in __init__
    self._dbapi_connection = engine.raw_connection()
                             ~~~~~~~~~~~~~~~~~~~~~^^
  File "E:\my_prog\zqgetdata\.venv\Lib\site-packages\sqlalchemy\engine\base.py", line 3309, in raw_connection
    return self.pool.connect()
           ~~~~~~~~~~~~~~~~~^^
  File "E:\my_prog\zqgetdata\.venv\Lib\site-packages\sqlalchemy\pool\base.py", line 447, in connect
    return _ConnectionFairy._checkout(self)
           ~~~~~~~~~~~~~~~~~~~~~~~~~~^^^^^^
  File "E:\my_prog\zqgetdata\.venv\Lib\site-packages\sqlalchemy\pool\base.py", line 1264, in _checkout
    fairy = _ConnectionRecord.checkout(pool)
  File "E:\my_prog\zqgetdata\.venv\Lib\site-packages\sqlalchemy\pool\base.py", line 711, in checkout
    rec = pool._do_get()
  File "E:\my_prog\zqgetdata\.venv\Lib\site-packages\sqlalchemy\pool\impl.py", line 177, in _do_get
    with util.safe_reraise():
         ~~~~~~~~~~~~~~~~~^^
  File "E:\my_prog\zqgetdata\.venv\Lib\site-packages\sqlalchemy\util\langhelpers.py", line 224, in __exit__
    raise exc_value.with_traceback(exc_tb)
  File "E:\my_prog\zqgetdata\.venv\Lib\site-packages\sqlalchemy\pool\impl.py", line 175, in _do_get
    return self._create_connection()
           ~~~~~~~~~~~~~~~~~~~~~~~^^
  File "E:\my_prog\zqgetdata\.venv\Lib\site-packages\sqlalchemy\pool\base.py", line 388, in _create_connection
    return _ConnectionRecord(self)
  File "E:\my_prog\zqgetdata\.venv\Lib\site-packages\sqlalchemy\pool\base.py", line 673, in __init__
    self.__connect()
    ~~~~~~~~~~~~~~^^
  File "E:\my_prog\zqgetdata\.venv\Lib\site-packages\sqlalchemy\pool\base.py", line 899, in __connect
    with util.safe_reraise():
         ~~~~~~~~~~~~~~~~~^^
  File "E:\my_prog\zqgetdata\.venv\Lib\site-packages\sqlalchemy\util\langhelpers.py", line 224, in __exit__
    raise exc_value.with_traceback(exc_tb)
  File "E:\my_prog\zqgetdata\.venv\Lib\site-packages\sqlalchemy\pool\base.py", line 895, in __connect
    self.dbapi_connection = connection = pool._invoke_creator(self)
                                         ~~~~~~~~~~~~~~~~~~~~^^^^^^
  File "E:\my_prog\zqgetdata\.venv\Lib\site-packages\sqlalchemy\engine\create.py", line 661, in connect
    return dialect.connect(*cargs, **cparams)
           ~~~~~~~~~~~~~~~^^^^^^^^^^^^^^^^^^^
  File "E:\my_prog\zqgetdata\.venv\Lib\site-packages\sqlalchemy\engine\default.py", line 630, in connect
    return self.loaded_dbapi.connect(*cargs, **cparams)  # type: ignore[no-any-return]  # NOQA: E501
           ~~~~~~~~~~~~~~~~~~~~~~~~~^^^^^^^^^^^^^^^^^^^
  File "E:\my_prog\zqgetdata\.venv\Lib\site-packages\pymysql\connections.py", line 361, in __init__
    self.connect()
    ~~~~~~~~~~~~^^
  File "E:\my_prog\zqgetdata\.venv\Lib\site-packages\pymysql\connections.py", line 716, in connect
    raise exc
sqlalchemy.exc.OperationalError: (pymysql.err.OperationalError) (2003, "Can't connect to MySQL server on '127.0.0.1' ([WinError 10061] 由于目标计算机积极拒绝，无法连接。)")
(Background on this error at: https://sqlalche.me/e/20/e3q8)

2026-04-13 12:10:16 - tczq_data - INFO - 开始更新数据库表结构
2026-04-13 12:10:18 - tczq_data - ERROR - 数据库更新异常: (pymysql.err.OperationalError) (2003, "Can't connect to MySQL server on '127.0.0.1' ([WinError 10061] 由于目标计算机积极拒绝，无法连接。)")
(Background on this error at: https://sqlalche.me/e/20/e3q8)
2026-04-13 12:10:18 - tczq_data - ERROR - Traceback (most recent call last):
  File "E:\my_prog\zqgetdata\.venv\Lib\site-packages\pymysql\connections.py", line 649, in connect
    sock = socket.create_connection(
        (self.host, self.port), self.connect_timeout, **kwargs
    )
  File "C:\Python313\Lib\socket.py", line 864, in create_connection
    raise exceptions[0]
  File "C:\Python313\Lib\socket.py", line 849, in create_connection
    sock.connect(sa)
    ~~~~~~~~~~~~^^^^
ConnectionRefusedError: [WinError 10061] 由于目标计算机积极拒绝，无法连接。

During handling of the above exception, another exception occurred:

Traceback (most recent call last):
  File "E:\my_prog\zqgetdata\.venv\Lib\site-packages\sqlalchemy\engine\base.py", line 143, in __init__
    self._dbapi_connection = engine.raw_connection()
                             ~~~~~~~~~~~~~~~~~~~~~^^
  File "E:\my_prog\zqgetdata\.venv\Lib\site-packages\sqlalchemy\engine\base.py", line 3309, in raw_connection
    return self.pool.connect()
           ~~~~~~~~~~~~~~~~~^^
  File "E:\my_prog\zqgetdata\.venv\Lib\site-packages\sqlalchemy\pool\base.py", line 447, in connect
    return _ConnectionFairy._checkout(self)
           ~~~~~~~~~~~~~~~~~~~~~~~~~~^^^^^^
  File "E:\my_prog\zqgetdata\.venv\Lib\site-packages\sqlalchemy\pool\base.py", line 1264, in _checkout
    fairy = _ConnectionRecord.checkout(pool)
  File "E:\my_prog\zqgetdata\.venv\Lib\site-packages\sqlalchemy\pool\base.py", line 711, in checkout
    rec = pool._do_get()
  File "E:\my_prog\zqgetdata\.venv\Lib\site-packages\sqlalchemy\pool\impl.py", line 177, in _do_get
    with util.safe_reraise():
         ~~~~~~~~~~~~~~~~~^^
  File "E:\my_prog\zqgetdata\.venv\Lib\site-packages\sqlalchemy\util\langhelpers.py", line 224, in __exit__
    raise exc_value.with_traceback(exc_tb)
  File "E:\my_prog\zqgetdata\.venv\Lib\site-packages\sqlalchemy\pool\impl.py", line 175, in _do_get
    return self._create_connection()
           ~~~~~~~~~~~~~~~~~~~~~~~^^
  File "E:\my_prog\zqgetdata\.venv\Lib\site-packages\sqlalchemy\pool\base.py", line 388, in _create_connection
    return _ConnectionRecord(self)
  File "E:\my_prog\zqgetdata\.venv\Lib\site-packages\sqlalchemy\pool\base.py", line 673, in __init__
    self.__connect()
    ~~~~~~~~~~~~~~^^
  File "E:\my_prog\zqgetdata\.venv\Lib\site-packages\sqlalchemy\pool\base.py", line 899, in __connect
    with util.safe_reraise():
         ~~~~~~~~~~~~~~~~~^^
  File "E:\my_prog\zqgetdata\.venv\Lib\site-packages\sqlalchemy\util\langhelpers.py", line 224, in __exit__
    raise exc_value.with_traceback(exc_tb)
  File "E:\my_prog\zqgetdata\.venv\Lib\site-packages\sqlalchemy\pool\base.py", line 895, in __connect
    self.dbapi_connection = connection = pool._invoke_creator(self)
                                         ~~~~~~~~~~~~~~~~~~~~^^^^^^
  File "E:\my_prog\zqgetdata\.venv\Lib\site-packages\sqlalchemy\engine\create.py", line 661, in connect
    return dialect.connect(*cargs, **cparams)
           ~~~~~~~~~~~~~~~^^^^^^^^^^^^^^^^^^^
  File "E:\my_prog\zqgetdata\.venv\Lib\site-packages\sqlalchemy\engine\default.py", line 630, in connect
    return self.loaded_dbapi.connect(*cargs, **cparams)  # type: ignore[no-any-return]  # NOQA: E501
           ~~~~~~~~~~~~~~~~~~~~~~~~~^^^^^^^^^^^^^^^^^^^
  File "E:\my_prog\zqgetdata\.venv\Lib\site-packages\pymysql\connections.py", line 361, in __init__
    self.connect()
    ~~~~~~~~~~~~^^
  File "E:\my_prog\zqgetdata\.venv\Lib\site-packages\pymysql\connections.py", line 716, in connect
    raise exc
pymysql.err.OperationalError: (2003, "Can't connect to MySQL server on '127.0.0.1' ([WinError 10061] 由于目标计算机积极拒绝，无法连接。)")

The above exception was the direct cause of the following exception:

Traceback (most recent call last):
  File "E:\my_prog\zqgetdata\main.py", line 106, in up_db
    DigitalBase.metadata.create_all(engine)
    ~~~~~~~~~~~~~~~~~~~~~~~~~~~~~~~^^^^^^^^
  File "E:\my_prog\zqgetdata\.venv\Lib\site-packages\sqlalchemy\sql\schema.py", line 5928, in create_all
    bind._run_ddl_visitor(
    ~~~~~~~~~~~~~~~~~~~~~^
        ddl.SchemaGenerator, self, checkfirst=checkfirst, tables=tables
        ^^^^^^^^^^^^^^^^^^^^^^^^^^^^^^^^^^^^^^^^^^^^^^^^^^^^^^^^^^^^^^^
    )
    ^
  File "E:\my_prog\zqgetdata\.venv\Lib\site-packages\sqlalchemy\engine\base.py", line 3259, in _run_ddl_visitor
    with self.begin() as conn:
         ~~~~~~~~~~^^
  File "C:\Python313\Lib\contextlib.py", line 141, in __enter__
    return next(self.gen)
  File "E:\my_prog\zqgetdata\.venv\Lib\site-packages\sqlalchemy\engine\base.py", line 3249, in begin
    with self.connect() as conn:
         ~~~~~~~~~~~~^^
  File "E:\my_prog\zqgetdata\.venv\Lib\site-packages\sqlalchemy\engine\base.py", line 3285, in connect
    return self._connection_cls(self)
           ~~~~~~~~~~~~~~~~~~~~^^^^^^
  File "E:\my_prog\zqgetdata\.venv\Lib\site-packages\sqlalchemy\engine\base.py", line 145, in __init__
    Connection._handle_dbapi_exception_noconnection(
    ~~~~~~~~~~~~~~~~~~~~~~~~~~~~~~~~~~~~~~~~~~~~~~~^
        err, dialect, engine
        ^^^^^^^^^^^^^^^^^^^^
    )
    ^
  File "E:\my_prog\zqgetdata\.venv\Lib\site-packages\sqlalchemy\engine\base.py", line 2448, in _handle_dbapi_exception_noconnection
    raise sqlalchemy_exception.with_traceback(exc_info[2]) from e
  File "E:\my_prog\zqgetdata\.venv\Lib\site-packages\sqlalchemy\engine\base.py", line 143, in __init__
    self._dbapi_connection = engine.raw_connection()
                             ~~~~~~~~~~~~~~~~~~~~~^^
  File "E:\my_prog\zqgetdata\.venv\Lib\site-packages\sqlalchemy\engine\base.py", line 3309, in raw_connection
    return self.pool.connect()
           ~~~~~~~~~~~~~~~~~^^
  File "E:\my_prog\zqgetdata\.venv\Lib\site-packages\sqlalchemy\pool\base.py", line 447, in connect
    return _ConnectionFairy._checkout(self)
           ~~~~~~~~~~~~~~~~~~~~~~~~~~^^^^^^
  File "E:\my_prog\zqgetdata\.venv\Lib\site-packages\sqlalchemy\pool\base.py", line 1264, in _checkout
    fairy = _ConnectionRecord.checkout(pool)
  File "E:\my_prog\zqgetdata\.venv\Lib\site-packages\sqlalchemy\pool\base.py", line 711, in checkout
    rec = pool._do_get()
  File "E:\my_prog\zqgetdata\.venv\Lib\site-packages\sqlalchemy\pool\impl.py", line 177, in _do_get
    with util.safe_reraise():
         ~~~~~~~~~~~~~~~~~^^
  File "E:\my_prog\zqgetdata\.venv\Lib\site-packages\sqlalchemy\util\langhelpers.py", line 224, in __exit__
    raise exc_value.with_traceback(exc_tb)
  File "E:\my_prog\zqgetdata\.venv\Lib\site-packages\sqlalchemy\pool\impl.py", line 175, in _do_get
    return self._create_connection()
           ~~~~~~~~~~~~~~~~~~~~~~~^^
  File "E:\my_prog\zqgetdata\.venv\Lib\site-packages\sqlalchemy\pool\base.py", line 388, in _create_connection
    return _ConnectionRecord(self)
  File "E:\my_prog\zqgetdata\.venv\Lib\site-packages\sqlalchemy\pool\base.py", line 673, in __init__
    self.__connect()
    ~~~~~~~~~~~~~~^^
  File "E:\my_prog\zqgetdata\.venv\Lib\site-packages\sqlalchemy\pool\base.py", line 899, in __connect
    with util.safe_reraise():
         ~~~~~~~~~~~~~~~~~^^
  File "E:\my_prog\zqgetdata\.venv\Lib\site-packages\sqlalchemy\util\langhelpers.py", line 224, in __exit__
    raise exc_value.with_traceback(exc_tb)
  File "E:\my_prog\zqgetdata\.venv\Lib\site-packages\sqlalchemy\pool\base.py", line 895, in __connect
    self.dbapi_connection = connection = pool._invoke_creator(self)
                                         ~~~~~~~~~~~~~~~~~~~~^^^^^^
  File "E:\my_prog\zqgetdata\.venv\Lib\site-packages\sqlalchemy\engine\create.py", line 661, in connect
    return dialect.connect(*cargs, **cparams)
           ~~~~~~~~~~~~~~~^^^^^^^^^^^^^^^^^^^
  File "E:\my_prog\zqgetdata\.venv\Lib\site-packages\sqlalchemy\engine\default.py", line 630, in connect
    return self.loaded_dbapi.connect(*cargs, **cparams)  # type: ignore[no-any-return]  # NOQA: E501
           ~~~~~~~~~~~~~~~~~~~~~~~~~^^^^^^^^^^^^^^^^^^^
  File "E:\my_prog\zqgetdata\.venv\Lib\site-packages\pymysql\connections.py", line 361, in __init__
    self.connect()
    ~~~~~~~~~~~~^^
  File "E:\my_prog\zqgetdata\.venv\Lib\site-packages\pymysql\connections.py", line 716, in connect
    raise exc
sqlalchemy.exc.OperationalError: (pymysql.err.OperationalError) (2003, "Can't connect to MySQL server on '127.0.0.1' ([WinError 10061] 由于目标计算机积极拒绝，无法连接。)")
(Background on this error at: https://sqlalche.me/e/20/e3q8)

2026-04-13 12:10:32 - tczq_data - INFO - 开始更新数据库表结构
2026-04-13 12:10:34 - tczq_data - ERROR - 数据库更新异常: (pymysql.err.OperationalError) (2003, "Can't connect to MySQL server on '127.0.0.1' ([WinError 10061] 由于目标计算机积极拒绝，无法连接。)")
(Background on this error at: https://sqlalche.me/e/20/e3q8)
2026-04-13 12:10:34 - tczq_data - ERROR - Traceback (most recent call last):
  File "E:\my_prog\zqgetdata\.venv\Lib\site-packages\pymysql\connections.py", line 649, in connect
    sock = socket.create_connection(
        (self.host, self.port), self.connect_timeout, **kwargs
    )
  File "C:\Python313\Lib\socket.py", line 864, in create_connection
    raise exceptions[0]
  File "C:\Python313\Lib\socket.py", line 849, in create_connection
    sock.connect(sa)
    ~~~~~~~~~~~~^^^^
ConnectionRefusedError: [WinError 10061] 由于目标计算机积极拒绝，无法连接。

During handling of the above exception, another exception occurred:

Traceback (most recent call last):
  File "E:\my_prog\zqgetdata\.venv\Lib\site-packages\sqlalchemy\engine\base.py", line 143, in __init__
    self._dbapi_connection = engine.raw_connection()
                             ~~~~~~~~~~~~~~~~~~~~~^^
  File "E:\my_prog\zqgetdata\.venv\Lib\site-packages\sqlalchemy\engine\base.py", line 3309, in raw_connection
    return self.pool.connect()
           ~~~~~~~~~~~~~~~~~^^
  File "E:\my_prog\zqgetdata\.venv\Lib\site-packages\sqlalchemy\pool\base.py", line 447, in connect
    return _ConnectionFairy._checkout(self)
           ~~~~~~~~~~~~~~~~~~~~~~~~~~^^^^^^
  File "E:\my_prog\zqgetdata\.venv\Lib\site-packages\sqlalchemy\pool\base.py", line 1264, in _checkout
    fairy = _ConnectionRecord.checkout(pool)
  File "E:\my_prog\zqgetdata\.venv\Lib\site-packages\sqlalchemy\pool\base.py", line 711, in checkout
    rec = pool._do_get()
  File "E:\my_prog\zqgetdata\.venv\Lib\site-packages\sqlalchemy\pool\impl.py", line 177, in _do_get
    with util.safe_reraise():
         ~~~~~~~~~~~~~~~~~^^
  File "E:\my_prog\zqgetdata\.venv\Lib\site-packages\sqlalchemy\util\langhelpers.py", line 224, in __exit__
    raise exc_value.with_traceback(exc_tb)
  File "E:\my_prog\zqgetdata\.venv\Lib\site-packages\sqlalchemy\pool\impl.py", line 175, in _do_get
    return self._create_connection()
           ~~~~~~~~~~~~~~~~~~~~~~~^^
  File "E:\my_prog\zqgetdata\.venv\Lib\site-packages\sqlalchemy\pool\base.py", line 388, in _create_connection
    return _ConnectionRecord(self)
  File "E:\my_prog\zqgetdata\.venv\Lib\site-packages\sqlalchemy\pool\base.py", line 673, in __init__
    self.__connect()
    ~~~~~~~~~~~~~~^^
  File "E:\my_prog\zqgetdata\.venv\Lib\site-packages\sqlalchemy\pool\base.py", line 899, in __connect
    with util.safe_reraise():
         ~~~~~~~~~~~~~~~~~^^
  File "E:\my_prog\zqgetdata\.venv\Lib\site-packages\sqlalchemy\util\langhelpers.py", line 224, in __exit__
    raise exc_value.with_traceback(exc_tb)
  File "E:\my_prog\zqgetdata\.venv\Lib\site-packages\sqlalchemy\pool\base.py", line 895, in __connect
    self.dbapi_connection = connection = pool._invoke_creator(self)
                                         ~~~~~~~~~~~~~~~~~~~~^^^^^^
  File "E:\my_prog\zqgetdata\.venv\Lib\site-packages\sqlalchemy\engine\create.py", line 661, in connect
    return dialect.connect(*cargs, **cparams)
           ~~~~~~~~~~~~~~~^^^^^^^^^^^^^^^^^^^
  File "E:\my_prog\zqgetdata\.venv\Lib\site-packages\sqlalchemy\engine\default.py", line 630, in connect
    return self.loaded_dbapi.connect(*cargs, **cparams)  # type: ignore[no-any-return]  # NOQA: E501
           ~~~~~~~~~~~~~~~~~~~~~~~~~^^^^^^^^^^^^^^^^^^^
  File "E:\my_prog\zqgetdata\.venv\Lib\site-packages\pymysql\connections.py", line 361, in __init__
    self.connect()
    ~~~~~~~~~~~~^^
  File "E:\my_prog\zqgetdata\.venv\Lib\site-packages\pymysql\connections.py", line 716, in connect
    raise exc
pymysql.err.OperationalError: (2003, "Can't connect to MySQL server on '127.0.0.1' ([WinError 10061] 由于目标计算机积极拒绝，无法连接。)")

The above exception was the direct cause of the following exception:

Traceback (most recent call last):
  File "E:\my_prog\zqgetdata\main.py", line 106, in up_db
    DigitalBase.metadata.create_all(engine)
    ~~~~~~~~~~~~~~~~~~~~~~~~~~~~~~~^^^^^^^^
  File "E:\my_prog\zqgetdata\.venv\Lib\site-packages\sqlalchemy\sql\schema.py", line 5928, in create_all
    bind._run_ddl_visitor(
    ~~~~~~~~~~~~~~~~~~~~~^
        ddl.SchemaGenerator, self, checkfirst=checkfirst, tables=tables
        ^^^^^^^^^^^^^^^^^^^^^^^^^^^^^^^^^^^^^^^^^^^^^^^^^^^^^^^^^^^^^^^
    )
    ^
  File "E:\my_prog\zqgetdata\.venv\Lib\site-packages\sqlalchemy\engine\base.py", line 3259, in _run_ddl_visitor
    with self.begin() as conn:
         ~~~~~~~~~~^^
  File "C:\Python313\Lib\contextlib.py", line 141, in __enter__
    return next(self.gen)
  File "E:\my_prog\zqgetdata\.venv\Lib\site-packages\sqlalchemy\engine\base.py", line 3249, in begin
    with self.connect() as conn:
         ~~~~~~~~~~~~^^
  File "E:\my_prog\zqgetdata\.venv\Lib\site-packages\sqlalchemy\engine\base.py", line 3285, in connect
    return self._connection_cls(self)
           ~~~~~~~~~~~~~~~~~~~~^^^^^^
  File "E:\my_prog\zqgetdata\.venv\Lib\site-packages\sqlalchemy\engine\base.py", line 145, in __init__
    Connection._handle_dbapi_exception_noconnection(
    ~~~~~~~~~~~~~~~~~~~~~~~~~~~~~~~~~~~~~~~~~~~~~~~^
        err, dialect, engine
        ^^^^^^^^^^^^^^^^^^^^
    )
    ^
  File "E:\my_prog\zqgetdata\.venv\Lib\site-packages\sqlalchemy\engine\base.py", line 2448, in _handle_dbapi_exception_noconnection
    raise sqlalchemy_exception.with_traceback(exc_info[2]) from e
  File "E:\my_prog\zqgetdata\.venv\Lib\site-packages\sqlalchemy\engine\base.py", line 143, in __init__
    self._dbapi_connection = engine.raw_connection()
                             ~~~~~~~~~~~~~~~~~~~~~^^
  File "E:\my_prog\zqgetdata\.venv\Lib\site-packages\sqlalchemy\engine\base.py", line 3309, in raw_connection
    return self.pool.connect()
           ~~~~~~~~~~~~~~~~~^^
  File "E:\my_prog\zqgetdata\.venv\Lib\site-packages\sqlalchemy\pool\base.py", line 447, in connect
    return _ConnectionFairy._checkout(self)
           ~~~~~~~~~~~~~~~~~~~~~~~~~~^^^^^^
  File "E:\my_prog\zqgetdata\.venv\Lib\site-packages\sqlalchemy\pool\base.py", line 1264, in _checkout
    fairy = _ConnectionRecord.checkout(pool)
  File "E:\my_prog\zqgetdata\.venv\Lib\site-packages\sqlalchemy\pool\base.py", line 711, in checkout
    rec = pool._do_get()
  File "E:\my_prog\zqgetdata\.venv\Lib\site-packages\sqlalchemy\pool\impl.py", line 177, in _do_get
    with util.safe_reraise():
         ~~~~~~~~~~~~~~~~~^^
  File "E:\my_prog\zqgetdata\.venv\Lib\site-packages\sqlalchemy\util\langhelpers.py", line 224, in __exit__
    raise exc_value.with_traceback(exc_tb)
  File "E:\my_prog\zqgetdata\.venv\Lib\site-packages\sqlalchemy\pool\impl.py", line 175, in _do_get
    return self._create_connection()
           ~~~~~~~~~~~~~~~~~~~~~~~^^
  File "E:\my_prog\zqgetdata\.venv\Lib\site-packages\sqlalchemy\pool\base.py", line 388, in _create_connection
    return _ConnectionRecord(self)
  File "E:\my_prog\zqgetdata\.venv\Lib\site-packages\sqlalchemy\pool\base.py", line 673, in __init__
    self.__connect()
    ~~~~~~~~~~~~~~^^
  File "E:\my_prog\zqgetdata\.venv\Lib\site-packages\sqlalchemy\pool\base.py", line 899, in __connect
    with util.safe_reraise():
         ~~~~~~~~~~~~~~~~~^^
  File "E:\my_prog\zqgetdata\.venv\Lib\site-packages\sqlalchemy\util\langhelpers.py", line 224, in __exit__
    raise exc_value.with_traceback(exc_tb)
  File "E:\my_prog\zqgetdata\.venv\Lib\site-packages\sqlalchemy\pool\base.py", line 895, in __connect
    self.dbapi_connection = connection = pool._invoke_creator(self)
                                         ~~~~~~~~~~~~~~~~~~~~^^^^^^
  File "E:\my_prog\zqgetdata\.venv\Lib\site-packages\sqlalchemy\engine\create.py", line 661, in connect
    return dialect.connect(*cargs, **cparams)
           ~~~~~~~~~~~~~~~^^^^^^^^^^^^^^^^^^^
  File "E:\my_prog\zqgetdata\.venv\Lib\site-packages\sqlalchemy\engine\default.py", line 630, in connect
    return self.loaded_dbapi.connect(*cargs, **cparams)  # type: ignore[no-any-return]  # NOQA: E501
           ~~~~~~~~~~~~~~~~~~~~~~~~~^^^^^^^^^^^^^^^^^^^
  File "E:\my_prog\zqgetdata\.venv\Lib\site-packages\pymysql\connections.py", line 361, in __init__
    self.connect()
    ~~~~~~~~~~~~^^
  File "E:\my_prog\zqgetdata\.venv\Lib\site-packages\pymysql\connections.py", line 716, in connect
    raise exc
sqlalchemy.exc.OperationalError: (pymysql.err.OperationalError) (2003, "Can't connect to MySQL server on '127.0.0.1' ([WinError 10061] 由于目标计算机积极拒绝，无法连接。)")
(Background on this error at: https://sqlalche.me/e/20/e3q8)

2026-04-13 12:13:24 - tczq_data - INFO - 开始更新数据库表结构
2026-04-13 12:13:24 - tczq_data - INFO - Database updated successfully
2026-04-13 12:13:50 - tczq_data - INFO - 开始更新数据库表结构
2026-04-13 12:13:51 - tczq_data - INFO - Database updated successfully
2026-04-13 12:25:06 - tczq_data - INFO - 开始第1次任务执行
2026-04-13 12:25:06 - tczq_data - INFO - 开始更新北京单场足球比赛信息
2026-04-13 12:26:40 - tczq_data - INFO - 开始更新北京单场足球比赛结果
2026-04-13 12:26:40 - tczq_data - INFO - 获取足球比赛赛果信息，共121条，5页
2026-04-13 12:26:44 - tczq_data - INFO - 开始更新竞彩足球比赛数据
2026-04-13 12:26:44 - tczq_data - INFO - 开始获取当前比赛数据（带赔率）...
2026-04-13 12:26:44 - tczq_data - ERROR - 获取比赛数据异常：traceback.format_exc()
2026-04-13 12:26:44 - tczq_data - INFO - 开始更新竞彩足球比赛结果
2026-04-13 12:26:44 - tczq_data - INFO - 开始获取并保存体彩足球比赛结果...
2026-04-13 12:26:44 - tczq_data - INFO - 开始获取体彩足球比赛结果...
2026-04-13 12:26:44 - tczq_data - ERROR - 获取比赛结果失败：'SportteryAPI' object has no attribute 'get_football_match_results'
2026-04-13 12:26:44 - tczq_data - WARNING - 没有获取到比赛结果
2026-04-13 12:26:44 - tczq_data - INFO - 开始更新篮球比赛数据
2026-04-13 12:26:45 - tczq_data - INFO - 开始更新篮球比赛结果
2026-04-13 12:26:45 - tczq_data - INFO - 开始更新数字彩数据
2026-04-13 13:21:05 - tczq_data - WARNING - get_support_rate 接口可能不可用，建议从网页抓取支持率数据
2026-04-13 13:21:54 - tczq_data - INFO - 获取足球比赛赛果信息，共85条，3页
2026-04-13 13:21:54 - tczq_data - WARNING - get_support_rate 接口可能不可用，建议从网页抓取支持率数据
2026-04-14 13:58:16 - tczq_data - INFO - 开始任务
2026-04-14 13:58:16 - tczq_data - INFO - 开始第1次任务执行
2026-04-14 13:58:16 - tczq_data - INFO - 开始更新北京单场足球比赛信息
2026-04-14 13:58:27 - tczq_data - INFO - 开始更新北京单场足球比赛结果
2026-04-14 13:58:28 - tczq_data - INFO - 获取足球比赛赛果信息，共113条，4页
2026-04-14 13:58:31 - tczq_data - INFO - 开始更新竞彩足球比赛数据
2026-04-14 13:58:31 - tczq_data - INFO - 开始获取当前比赛数据（带赔率）...
2026-04-14 13:58:32 - tczq_data - ERROR - 获取比赛数据异常：'dict' object has no attribute 'empty'
2026-04-14 13:58:32 - tczq_data - ERROR - Traceback (most recent call last):
  File "E:\my_prog\zqgetdata\app\crawler\tczq.py", line 292, in get_current_matches
    if match_list.empty:
       ^^^^^^^^^^^^^^^^
AttributeError: 'dict' object has no attribute 'empty'

2026-04-14 13:58:32 - tczq_data - INFO - 开始更新竞彩足球比赛结果
2026-04-14 13:58:32 - tczq_data - INFO - 开始获取并保存体彩足球比赛结果...
2026-04-14 13:58:32 - tczq_data - INFO - 开始获取体彩足球比赛结果...
2026-04-14 13:58:32 - tczq_data - ERROR - 获取比赛结果失败：'SportteryAPI' object has no attribute 'get_football_match_results'
2026-04-14 13:58:32 - tczq_data - WARNING - 没有获取到比赛结果
2026-04-14 13:58:32 - tczq_data - INFO - 开始更新篮球比赛数据
2026-04-14 13:58:33 - tczq_data - INFO - 开始更新篮球比赛结果
2026-04-14 13:58:33 - tczq_data - INFO - 开始更新数字彩数据
2026-04-14 14:23:56 - tczq_data - INFO - 开始任务
2026-04-14 14:23:56 - tczq_data - INFO - 开始第1次任务执行
2026-04-14 14:23:56 - tczq_data - INFO - 开始更新北京单场足球比赛信息
2026-04-14 14:24:04 - tczq_data - INFO - 开始更新北京单场足球比赛结果
2026-04-14 14:24:04 - tczq_data - INFO - 获取足球比赛赛果信息，共113条，4页
2026-04-14 14:24:06 - tczq_data - INFO - 开始更新竞彩足球比赛数据
2026-04-14 14:24:06 - tczq_data - INFO - 开始获取当前比赛数据（带赔率）...
2026-04-14 15:12:42 - tczq_data - INFO - 开始获取当前比赛数据（带赔率）...
2026-04-14 15:12:42 - tczq_data - ERROR - 获取比赛数据异常：'dict' object has no attribute 'empty'
2026-04-14 15:12:42 - tczq_data - ERROR - Traceback (most recent call last):
  File "E:\my_prog\zqgetdata\app\crawler\tczq.py", line 292, in get_current_matches
    if match_list.empty:
       ^^^^^^^^^^^^^^^^
AttributeError: 'dict' object has no attribute 'empty'

2026-04-14 15:42:13 - tczq_data - INFO - 开始获取当前比赛数据（带赔率）...
2026-04-14 15:42:14 - tczq_data - ERROR - 获取比赛数据异常：'dict' object has no attribute 'empty'
2026-04-14 15:42:14 - tczq_data - ERROR - Traceback (most recent call last):
  File "E:\my_prog\zqgetdata\app\crawler\tczq.py", line 292, in get_current_matches
    if match_list.empty:
       ^^^^^^^^^^^^^^^^
AttributeError: 'dict' object has no attribute 'empty'

2026-04-14 15:42:42 - tczq_data - INFO - 开始获取当前比赛数据（带赔率）...
2026-04-14 15:42:43 - tczq_data - ERROR - 获取比赛数据异常：'dict' object has no attribute 'empty'
2026-04-14 15:42:43 - tczq_data - ERROR - Traceback (most recent call last):
  File "E:\my_prog\zqgetdata\app\crawler\tczq.py", line 292, in get_current_matches
    if match_list.empty:
       ^^^^^^^^^^^^^^^^
AttributeError: 'dict' object has no attribute 'empty'

2026-04-14 15:42:57 - tczq_data - INFO - 开始获取当前比赛数据（带赔率）...
2026-04-14 15:42:57 - tczq_data - ERROR - 获取比赛数据异常：'dict' object has no attribute 'empty'
2026-04-14 15:42:57 - tczq_data - ERROR - Traceback (most recent call last):
  File "E:\my_prog\zqgetdata\app\crawler\tczq.py", line 292, in get_current_matches
    if match_list.empty:
       ^^^^^^^^^^^^^^^^
AttributeError: 'dict' object has no attribute 'empty'

2026-04-14 15:43:33 - tczq_data - INFO - 开始获取当前比赛数据（带赔率）...
2026-04-14 15:43:33 - tczq_data - ERROR - 获取比赛数据异常：'dict' object has no attribute 'empty'
2026-04-14 15:43:33 - tczq_data - ERROR - Traceback (most recent call last):
  File "E:\my_prog\zqgetdata\app\crawler\tczq.py", line 292, in get_current_matches
    if match_list.empty:
       ^^^^^^^^^^^^^^^^
AttributeError: 'dict' object has no attribute 'empty'

2026-04-14 15:49:15 - tczq_data - INFO - 开始获取当前比赛数据（带赔率）...
2026-04-14 15:49:16 - tczq_data - INFO - 共获取 12 场比赛
2026-04-14 15:49:17 - tczq_data - INFO - 开始处理 12 条赔率数据
2026-04-14 15:49:18 - tczq_data - INFO - 赔率数据处理完成
2026-04-14 15:49:19 - tczq_data - WARNING - 无法获取原始赔率值: record_id=1, field=h1
2026-04-14 15:49:19 - tczq_data - WARNING - 无法获取原始赔率值: record_id=1, field=h2
2026-04-14 15:49:19 - tczq_data - WARNING - 无法获取原始赔率值: record_id=1, field=h3
2026-04-14 15:49:19 - tczq_data - WARNING - 无法获取原始赔率值: record_id=1, field=h4
2026-04-14 15:49:19 - tczq_data - WARNING - 无法获取原始赔率值: record_id=1, field=h5
2026-04-14 15:49:19 - tczq_data - WARNING - 无法获取原始赔率值: record_id=1, field=h6
2026-04-14 15:49:19 - tczq_data - WARNING - 无法获取原始赔率值: record_id=1, field=a1
2026-04-14 15:49:19 - tczq_data - WARNING - 无法获取原始赔率值: record_id=1, field=a2
2026-04-14 15:49:19 - tczq_data - WARNING - 无法获取原始赔率值: record_id=1, field=a3
2026-04-14 15:49:19 - tczq_data - WARNING - 无法获取原始赔率值: record_id=1, field=a4
2026-04-14 15:49:19 - tczq_data - WARNING - 无法获取原始赔率值: record_id=1, field=a5
2026-04-14 15:49:19 - tczq_data - WARNING - 无法获取原始赔率值: record_id=1, field=a6
2026-04-14 15:49:19 - tczq_data - WARNING - 无法获取原始赔率值: record_id=2, field=h1
2026-04-14 15:49:19 - tczq_data - WARNING - 无法获取原始赔率值: record_id=2, field=h2
2026-04-14 15:49:19 - tczq_data - WARNING - 无法获取原始赔率值: record_id=2, field=h3
2026-04-14 15:49:19 - tczq_data - WARNING - 无法获取原始赔率值: record_id=2, field=h4
2026-04-14 15:49:19 - tczq_data - WARNING - 无法获取原始赔率值: record_id=2, field=h5
2026-04-14 15:49:19 - tczq_data - WARNING - 无法获取原始赔率值: record_id=2, field=h6
2026-04-14 15:49:19 - tczq_data - WARNING - 无法获取原始赔率值: record_id=2, field=a1
2026-04-14 15:49:19 - tczq_data - WARNING - 无法获取原始赔率值: record_id=2, field=a2
2026-04-14 15:49:19 - tczq_data - WARNING - 无法获取原始赔率值: record_id=2, field=a3
2026-04-14 15:49:20 - tczq_data - WARNING - 无法获取原始赔率值: record_id=2, field=a4
2026-04-14 15:49:20 - tczq_data - WARNING - 无法获取原始赔率值: record_id=2, field=a5
2026-04-14 15:49:20 - tczq_data - WARNING - 无法获取原始赔率值: record_id=2, field=a6
2026-04-14 15:49:20 - tczq_data - WARNING - 无法获取原始赔率值: record_id=3, field=h1
2026-04-14 15:49:20 - tczq_data - WARNING - 无法获取原始赔率值: record_id=3, field=h2
2026-04-14 15:49:20 - tczq_data - WARNING - 无法获取原始赔率值: record_id=3, field=h3
2026-04-14 15:49:20 - tczq_data - WARNING - 无法获取原始赔率值: record_id=3, field=h4
2026-04-14 15:49:20 - tczq_data - WARNING - 无法获取原始赔率值: record_id=3, field=h5
2026-04-14 15:49:20 - tczq_data - WARNING - 无法获取原始赔率值: record_id=3, field=h6
2026-04-14 15:49:20 - tczq_data - WARNING - 无法获取原始赔率值: record_id=3, field=a1
2026-04-14 15:49:20 - tczq_data - WARNING - 无法获取原始赔率值: record_id=3, field=a2
2026-04-14 15:49:20 - tczq_data - WARNING - 无法获取原始赔率值: record_id=3, field=a3
2026-04-14 15:49:20 - tczq_data - WARNING - 无法获取原始赔率值: record_id=3, field=a4
2026-04-14 15:49:20 - tczq_data - WARNING - 无法获取原始赔率值: record_id=3, field=a5
2026-04-14 15:49:20 - tczq_data - WARNING - 无法获取原始赔率值: record_id=3, field=a6
2026-04-14 15:49:20 - tczq_data - WARNING - 无法获取原始赔率值: record_id=4, field=h1
2026-04-14 15:49:20 - tczq_data - WARNING - 无法获取原始赔率值: record_id=4, field=h2
2026-04-14 15:49:20 - tczq_data - WARNING - 无法获取原始赔率值: record_id=4, field=h3
2026-04-14 15:49:20 - tczq_data - WARNING - 无法获取原始赔率值: record_id=4, field=h4
2026-04-14 15:49:20 - tczq_data - WARNING - 无法获取原始赔率值: record_id=4, field=h5
2026-04-14 15:49:20 - tczq_data - WARNING - 无法获取原始赔率值: record_id=4, field=h6
2026-04-14 15:49:20 - tczq_data - WARNING - 无法获取原始赔率值: record_id=4, field=a1
2026-04-14 15:49:20 - tczq_data - WARNING - 无法获取原始赔率值: record_id=4, field=a2
2026-04-14 15:49:20 - tczq_data - WARNING - 无法获取原始赔率值: record_id=4, field=a3
2026-04-14 15:49:20 - tczq_data - WARNING - 无法获取原始赔率值: record_id=4, field=a4
2026-04-14 15:49:20 - tczq_data - WARNING - 无法获取原始赔率值: record_id=4, field=a5
2026-04-14 15:49:20 - tczq_data - WARNING - 无法获取原始赔率值: record_id=4, field=a6
2026-04-14 15:51:35 - tczq_data - INFO - 开始获取当前比赛数据（带赔率）...
2026-04-14 15:51:35 - tczq_data - INFO - 共获取 12 场比赛
2026-04-14 15:51:35 - tczq_data - ERROR - 保存比赛数据失败 (match_id=2039101): 'match_num_date' is an invalid keyword argument for TczqMatch
2026-04-14 15:51:35 - tczq_data - ERROR - 保存比赛数据失败 (match_id=2039102): 'match_num_date' is an invalid keyword argument for TczqMatch
2026-04-14 15:51:35 - tczq_data - ERROR - 保存比赛数据失败 (match_id=2039103): 'match_num_date' is an invalid keyword argument for TczqMatch
2026-04-14 15:51:35 - tczq_data - ERROR - 保存比赛数据失败 (match_id=2039104): 'match_num_date' is an invalid keyword argument for TczqMatch
2026-04-14 15:51:35 - tczq_data - ERROR - 保存比赛数据失败 (match_id=2039105): 'match_num_date' is an invalid keyword argument for TczqMatch
2026-04-14 15:51:35 - tczq_data - ERROR - 保存比赛数据失败 (match_id=2039106): 'match_num_date' is an invalid keyword argument for TczqMatch
2026-04-14 15:51:35 - tczq_data - ERROR - 保存比赛数据失败 (match_id=2039107): 'match_num_date' is an invalid keyword argument for TczqMatch
2026-04-14 15:51:35 - tczq_data - ERROR - 保存比赛数据失败 (match_id=2039108): 'match_num_date' is an invalid keyword argument for TczqMatch
2026-04-14 15:51:35 - tczq_data - ERROR - 保存比赛数据失败 (match_id=2039112): 'match_num_date' is an invalid keyword argument for TczqMatch
2026-04-14 15:51:35 - tczq_data - ERROR - 保存比赛数据失败 (match_id=2039113): 'match_num_date' is an invalid keyword argument for TczqMatch
2026-04-14 15:51:35 - tczq_data - ERROR - 保存比赛数据失败 (match_id=2039114): 'match_num_date' is an invalid keyword argument for TczqMatch
2026-04-14 15:51:35 - tczq_data - ERROR - 保存比赛数据失败 (match_id=2039115): 'match_num_date' is an invalid keyword argument for TczqMatch
2026-04-14 15:51:35 - tczq_data - INFO - 成功保存 0 条比赛记录
2026-04-14 15:51:35 - tczq_data - INFO - 开始处理 12 条赔率数据
2026-04-14 15:51:35 - tczq_data - WARNING - 无法获取原始赔率值: record_id=1, field=goal_0
2026-04-14 15:51:35 - tczq_data - INFO - ✓ 记录赔率变化: tczq_total_goal_odds.goal_0 0.000 -> 0.000 (diff=0.000)
2026-04-14 15:51:35 - tczq_data - WARNING - 无法获取原始赔率值: record_id=1, field=goal_1
2026-04-14 15:51:35 - tczq_data - INFO - ✓ 记录赔率变化: tczq_total_goal_odds.goal_1 0.000 -> 0.000 (diff=0.000)
2026-04-14 15:51:35 - tczq_data - WARNING - 无法获取原始赔率值: record_id=1, field=goal_2
2026-04-14 15:51:35 - tczq_data - INFO - ✓ 记录赔率变化: tczq_total_goal_odds.goal_2 0.000 -> 0.000 (diff=0.000)
2026-04-14 15:51:35 - tczq_data - WARNING - 无法获取原始赔率值: record_id=1, field=goal_3
2026-04-14 15:51:35 - tczq_data - INFO - ✓ 记录赔率变化: tczq_total_goal_odds.goal_3 0.000 -> 0.000 (diff=0.000)
2026-04-14 15:51:35 - tczq_data - WARNING - 无法获取原始赔率值: record_id=1, field=goal_4
2026-04-14 15:51:35 - tczq_data - INFO - ✓ 记录赔率变化: tczq_total_goal_odds.goal_4 0.000 -> 0.000 (diff=0.000)
2026-04-14 15:51:36 - tczq_data - WARNING - 无法获取原始赔率值: record_id=1, field=goal_5
2026-04-14 15:51:36 - tczq_data - INFO - ✓ 记录赔率变化: tczq_total_goal_odds.goal_5 0.000 -> 0.000 (diff=0.000)
2026-04-14 15:51:36 - tczq_data - WARNING - 无法获取原始赔率值: record_id=1, field=goal_6
2026-04-14 15:51:36 - tczq_data - INFO - ✓ 记录赔率变化: tczq_total_goal_odds.goal_6 0.000 -> 0.000 (diff=0.000)
2026-04-14 15:51:36 - tczq_data - WARNING - 无法获取原始赔率值: record_id=1, field=goal_about
2026-04-14 15:51:36 - tczq_data - INFO - ✓ 记录赔率变化: tczq_total_goal_odds.goal_about 0.000 -> 0.000 (diff=0.000)
2026-04-14 15:51:36 - tczq_data - WARNING - 无法获取原始赔率值: record_id=1, field=half_win_full_win
2026-04-14 15:51:36 - tczq_data - INFO - ✓ 记录赔率变化: tczq_ht_ft_odds.half_win_full_win 0.000 -> 0.000 (diff=0.000)
2026-04-14 15:51:36 - tczq_data - WARNING - 无法获取原始赔率值: record_id=1, field=half_win_full_draw
2026-04-14 15:51:36 - tczq_data - INFO - ✓ 记录赔率变化: tczq_ht_ft_odds.half_win_full_draw 0.000 -> 0.000 (diff=0.000)
2026-04-14 15:51:36 - tczq_data - WARNING - 无法获取原始赔率值: record_id=1, field=half_win_full_lose
2026-04-14 15:51:36 - tczq_data - INFO - ✓ 记录赔率变化: tczq_ht_ft_odds.half_win_full_lose 0.000 -> 0.000 (diff=0.000)
2026-04-14 15:51:36 - tczq_data - WARNING - 无法获取原始赔率值: record_id=1, field=half_draw_full_win
2026-04-14 15:51:36 - tczq_data - INFO - ✓ 记录赔率变化: tczq_ht_ft_odds.half_draw_full_win 0.000 -> 0.000 (diff=0.000)
2026-04-14 15:51:36 - tczq_data - WARNING - 无法获取原始赔率值: record_id=1, field=half_draw_full_lose
2026-04-14 15:51:36 - tczq_data - INFO - ✓ 记录赔率变化: tczq_ht_ft_odds.half_draw_full_lose 0.000 -> 0.000 (diff=0.000)
2026-04-14 15:51:36 - tczq_data - WARNING - 无法获取原始赔率值: record_id=1, field=half_lose_full_win
2026-04-14 15:51:36 - tczq_data - INFO - ✓ 记录赔率变化: tczq_ht_ft_odds.half_lose_full_win 0.000 -> 0.000 (diff=0.000)
2026-04-14 15:51:36 - tczq_data - WARNING - 无法获取原始赔率值: record_id=1, field=half_lose_full_draw
2026-04-14 15:51:36 - tczq_data - INFO - ✓ 记录赔率变化: tczq_ht_ft_odds.half_lose_full_draw 0.000 -> 0.000 (diff=0.000)
2026-04-14 15:51:36 - tczq_data - WARNING - 无法获取原始赔率值: record_id=1, field=half_lose_full_lose
2026-04-14 15:51:36 - tczq_data - INFO - ✓ 记录赔率变化: tczq_ht_ft_odds.half_lose_full_lose 0.000 -> 0.000 (diff=0.000)
2026-04-14 15:51:36 - tczq_data - WARNING - 无法获取原始赔率值: record_id=2, field=goal_0
2026-04-14 15:51:36 - tczq_data - INFO - ✓ 记录赔率变化: tczq_total_goal_odds.goal_0 0.000 -> 0.000 (diff=0.000)
2026-04-14 15:51:36 - tczq_data - WARNING - 无法获取原始赔率值: record_id=2, field=goal_1
2026-04-14 15:51:36 - tczq_data - INFO - ✓ 记录赔率变化: tczq_total_goal_odds.goal_1 0.000 -> 0.000 (diff=0.000)
2026-04-14 15:51:36 - tczq_data - WARNING - 无法获取原始赔率值: record_id=2, field=goal_2
2026-04-14 15:51:36 - tczq_data - INFO - ✓ 记录赔率变化: tczq_total_goal_odds.goal_2 0.000 -> 0.000 (diff=0.000)
2026-04-14 15:51:36 - tczq_data - WARNING - 无法获取原始赔率值: record_id=2, field=goal_3
2026-04-14 15:51:36 - tczq_data - INFO - ✓ 记录赔率变化: tczq_total_goal_odds.goal_3 0.000 -> 0.000 (diff=0.000)
2026-04-14 15:51:36 - tczq_data - WARNING - 无法获取原始赔率值: record_id=2, field=goal_4
2026-04-14 15:51:36 - tczq_data - INFO - ✓ 记录赔率变化: tczq_total_goal_odds.goal_4 0.000 -> 0.000 (diff=0.000)
2026-04-14 15:51:36 - tczq_data - WARNING - 无法获取原始赔率值: record_id=2, field=goal_5
2026-04-14 15:51:36 - tczq_data - INFO - ✓ 记录赔率变化: tczq_total_goal_odds.goal_5 0.000 -> 0.000 (diff=0.000)
2026-04-14 15:51:36 - tczq_data - WARNING - 无法获取原始赔率值: record_id=2, field=goal_6
2026-04-14 15:51:36 - tczq_data - INFO - ✓ 记录赔率变化: tczq_total_goal_odds.goal_6 0.000 -> 0.000 (diff=0.000)
2026-04-14 15:51:36 - tczq_data - WARNING - 无法获取原始赔率值: record_id=2, field=goal_about
2026-04-14 15:51:36 - tczq_data - INFO - ✓ 记录赔率变化: tczq_total_goal_odds.goal_about 0.000 -> 0.000 (diff=0.000)
2026-04-14 15:51:36 - tczq_data - WARNING - 无法获取原始赔率值: record_id=2, field=half_win_full_win
2026-04-14 15:51:36 - tczq_data - INFO - ✓ 记录赔率变化: tczq_ht_ft_odds.half_win_full_win 0.000 -> 0.000 (diff=0.000)
2026-04-14 15:51:36 - tczq_data - WARNING - 无法获取原始赔率值: record_id=2, field=half_win_full_draw
2026-04-14 15:51:36 - tczq_data - INFO - ✓ 记录赔率变化: tczq_ht_ft_odds.half_win_full_draw 0.000 -> 0.000 (diff=0.000)
2026-04-14 15:51:36 - tczq_data - WARNING - 无法获取原始赔率值: record_id=2, field=half_win_full_lose
2026-04-14 15:51:36 - tczq_data - INFO - ✓ 记录赔率变化: tczq_ht_ft_odds.half_win_full_lose 0.000 -> 0.000 (diff=0.000)
2026-04-14 15:51:36 - tczq_data - WARNING - 无法获取原始赔率值: record_id=2, field=half_draw_full_win
2026-04-14 15:51:36 - tczq_data - INFO - ✓ 记录赔率变化: tczq_ht_ft_odds.half_draw_full_win 0.000 -> 0.000 (diff=0.000)
2026-04-14 15:51:36 - tczq_data - WARNING - 无法获取原始赔率值: record_id=2, field=half_draw_full_lose
2026-04-14 15:51:36 - tczq_data - INFO - ✓ 记录赔率变化: tczq_ht_ft_odds.half_draw_full_lose 0.000 -> 0.000 (diff=0.000)
2026-04-14 15:51:36 - tczq_data - WARNING - 无法获取原始赔率值: record_id=2, field=half_lose_full_win
2026-04-14 15:51:36 - tczq_data - INFO - ✓ 记录赔率变化: tczq_ht_ft_odds.half_lose_full_win 0.000 -> 0.000 (diff=0.000)
2026-04-14 15:51:36 - tczq_data - WARNING - 无法获取原始赔率值: record_id=2, field=half_lose_full_draw
2026-04-14 15:51:36 - tczq_data - INFO - ✓ 记录赔率变化: tczq_ht_ft_odds.half_lose_full_draw 0.000 -> 0.000 (diff=0.000)
2026-04-14 15:51:36 - tczq_data - WARNING - 无法获取原始赔率值: record_id=2, field=half_lose_full_lose
2026-04-14 15:51:36 - tczq_data - INFO - ✓ 记录赔率变化: tczq_ht_ft_odds.half_lose_full_lose 0.000 -> 0.000 (diff=0.000)
2026-04-14 15:51:36 - tczq_data - WARNING - 无法获取原始赔率值: record_id=3, field=goal_0
2026-04-14 15:51:36 - tczq_data - INFO - ✓ 记录赔率变化: tczq_total_goal_odds.goal_0 0.000 -> 0.000 (diff=0.000)
2026-04-14 15:51:36 - tczq_data - WARNING - 无法获取原始赔率值: record_id=3, field=goal_1
2026-04-14 15:51:36 - tczq_data - INFO - ✓ 记录赔率变化: tczq_total_goal_odds.goal_1 0.000 -> 0.000 (diff=0.000)
2026-04-14 15:51:36 - tczq_data - WARNING - 无法获取原始赔率值: record_id=3, field=goal_2
2026-04-14 15:51:36 - tczq_data - INFO - ✓ 记录赔率变化: tczq_total_goal_odds.goal_2 0.000 -> 0.000 (diff=0.000)
2026-04-14 15:51:36 - tczq_data - WARNING - 无法获取原始赔率值: record_id=3, field=goal_3
2026-04-14 15:51:36 - tczq_data - INFO - ✓ 记录赔率变化: tczq_total_goal_odds.goal_3 0.000 -> 0.000 (diff=0.000)
2026-04-14 15:51:36 - tczq_data - WARNING - 无法获取原始赔率值: record_id=3, field=goal_4
2026-04-14 15:51:36 - tczq_data - INFO - ✓ 记录赔率变化: tczq_total_goal_odds.goal_4 0.000 -> 0.000 (diff=0.000)
2026-04-14 15:51:36 - tczq_data - WARNING - 无法获取原始赔率值: record_id=3, field=goal_5
2026-04-14 15:51:36 - tczq_data - INFO - ✓ 记录赔率变化: tczq_total_goal_odds.goal_5 0.000 -> 0.000 (diff=0.000)
2026-04-14 15:51:36 - tczq_data - WARNING - 无法获取原始赔率值: record_id=3, field=goal_6
2026-04-14 15:51:36 - tczq_data - INFO - ✓ 记录赔率变化: tczq_total_goal_odds.goal_6 0.000 -> 0.000 (diff=0.000)
2026-04-14 15:51:36 - tczq_data - WARNING - 无法获取原始赔率值: record_id=3, field=goal_about
2026-04-14 15:51:36 - tczq_data - INFO - ✓ 记录赔率变化: tczq_total_goal_odds.goal_about 0.000 -> 0.000 (diff=0.000)
2026-04-14 15:51:36 - tczq_data - WARNING - 无法获取原始赔率值: record_id=3, field=half_win_full_win
2026-04-14 15:51:36 - tczq_data - INFO - ✓ 记录赔率变化: tczq_ht_ft_odds.half_win_full_win 0.000 -> 0.000 (diff=0.000)
2026-04-14 15:51:36 - tczq_data - WARNING - 无法获取原始赔率值: record_id=3, field=half_win_full_draw
2026-04-14 15:51:36 - tczq_data - INFO - ✓ 记录赔率变化: tczq_ht_ft_odds.half_win_full_draw 0.000 -> 0.000 (diff=0.000)
2026-04-14 15:51:36 - tczq_data - WARNING - 无法获取原始赔率值: record_id=3, field=half_win_full_lose
2026-04-14 15:51:36 - tczq_data - INFO - ✓ 记录赔率变化: tczq_ht_ft_odds.half_win_full_lose 0.000 -> 0.000 (diff=0.000)
2026-04-14 15:51:36 - tczq_data - WARNING - 无法获取原始赔率值: record_id=3, field=half_draw_full_win
2026-04-14 15:51:36 - tczq_data - INFO - ✓ 记录赔率变化: tczq_ht_ft_odds.half_draw_full_win 0.000 -> 0.000 (diff=0.000)
2026-04-14 15:51:36 - tczq_data - WARNING - 无法获取原始赔率值: record_id=3, field=half_draw_full_lose
2026-04-14 15:51:36 - tczq_data - INFO - ✓ 记录赔率变化: tczq_ht_ft_odds.half_draw_full_lose 0.000 -> 0.000 (diff=0.000)
2026-04-14 15:51:36 - tczq_data - WARNING - 无法获取原始赔率值: record_id=3, field=half_lose_full_win
2026-04-14 15:51:36 - tczq_data - INFO - ✓ 记录赔率变化: tczq_ht_ft_odds.half_lose_full_win 0.000 -> 0.000 (diff=0.000)
2026-04-14 15:51:36 - tczq_data - WARNING - 无法获取原始赔率值: record_id=3, field=half_lose_full_draw
2026-04-14 15:51:36 - tczq_data - INFO - ✓ 记录赔率变化: tczq_ht_ft_odds.half_lose_full_draw 0.000 -> 0.000 (diff=0.000)
2026-04-14 15:51:36 - tczq_data - WARNING - 无法获取原始赔率值: record_id=3, field=half_lose_full_lose
2026-04-14 15:51:36 - tczq_data - INFO - ✓ 记录赔率变化: tczq_ht_ft_odds.half_lose_full_lose 0.000 -> 0.000 (diff=0.000)
2026-04-14 15:51:36 - tczq_data - WARNING - 无法获取原始赔率值: record_id=4, field=goal_0
2026-04-14 15:51:36 - tczq_data - INFO - ✓ 记录赔率变化: tczq_total_goal_odds.goal_0 0.000 -> 0.000 (diff=0.000)
2026-04-14 15:51:36 - tczq_data - WARNING - 无法获取原始赔率值: record_id=4, field=goal_1
2026-04-14 15:51:36 - tczq_data - INFO - ✓ 记录赔率变化: tczq_total_goal_odds.goal_1 0.000 -> 0.000 (diff=0.000)
2026-04-14 15:51:36 - tczq_data - WARNING - 无法获取原始赔率值: record_id=4, field=goal_2
2026-04-14 15:51:36 - tczq_data - INFO - ✓ 记录赔率变化: tczq_total_goal_odds.goal_2 0.000 -> 0.000 (diff=0.000)
2026-04-14 15:51:36 - tczq_data - WARNING - 无法获取原始赔率值: record_id=4, field=goal_3
2026-04-14 15:51:36 - tczq_data - INFO - ✓ 记录赔率变化: tczq_total_goal_odds.goal_3 0.000 -> 0.000 (diff=0.000)
2026-04-14 15:51:36 - tczq_data - WARNING - 无法获取原始赔率值: record_id=4, field=goal_4
2026-04-14 15:51:36 - tczq_data - INFO - ✓ 记录赔率变化: tczq_total_goal_odds.goal_4 0.000 -> 0.000 (diff=0.000)
2026-04-14 15:51:36 - tczq_data - WARNING - 无法获取原始赔率值: record_id=4, field=goal_5
2026-04-14 15:51:37 - tczq_data - INFO - ✓ 记录赔率变化: tczq_total_goal_odds.goal_5 0.000 -> 0.000 (diff=0.000)
2026-04-14 15:51:37 - tczq_data - WARNING - 无法获取原始赔率值: record_id=4, field=goal_6
2026-04-14 15:51:37 - tczq_data - INFO - ✓ 记录赔率变化: tczq_total_goal_odds.goal_6 0.000 -> 0.000 (diff=0.000)
2026-04-14 15:51:37 - tczq_data - WARNING - 无法获取原始赔率值: record_id=4, field=goal_about
2026-04-14 15:51:37 - tczq_data - INFO - ✓ 记录赔率变化: tczq_total_goal_odds.goal_about 0.000 -> 0.000 (diff=0.000)
2026-04-14 15:51:37 - tczq_data - WARNING - 无法获取原始赔率值: record_id=4, field=half_win_full_win
2026-04-14 15:51:37 - tczq_data - INFO - ✓ 记录赔率变化: tczq_ht_ft_odds.half_win_full_win 0.000 -> 0.000 (diff=0.000)
2026-04-14 15:51:37 - tczq_data - WARNING - 无法获取原始赔率值: record_id=4, field=half_win_full_draw
2026-04-14 15:51:37 - tczq_data - INFO - ✓ 记录赔率变化: tczq_ht_ft_odds.half_win_full_draw 0.000 -> 0.000 (diff=0.000)
2026-04-14 15:51:37 - tczq_data - WARNING - 无法获取原始赔率值: record_id=4, field=half_win_full_lose
2026-04-14 15:51:37 - tczq_data - INFO - ✓ 记录赔率变化: tczq_ht_ft_odds.half_win_full_lose 0.000 -> 0.000 (diff=0.000)
2026-04-14 15:51:37 - tczq_data - WARNING - 无法获取原始赔率值: record_id=4, field=half_draw_full_win
2026-04-14 15:51:37 - tczq_data - INFO - ✓ 记录赔率变化: tczq_ht_ft_odds.half_draw_full_win 0.000 -> 0.000 (diff=0.000)
2026-04-14 15:51:37 - tczq_data - WARNING - 无法获取原始赔率值: record_id=4, field=half_draw_full_lose
2026-04-14 15:51:37 - tczq_data - INFO - ✓ 记录赔率变化: tczq_ht_ft_odds.half_draw_full_lose 0.000 -> 0.000 (diff=0.000)
2026-04-14 15:51:37 - tczq_data - WARNING - 无法获取原始赔率值: record_id=4, field=half_lose_full_win
2026-04-14 15:51:37 - tczq_data - INFO - ✓ 记录赔率变化: tczq_ht_ft_odds.half_lose_full_win 0.000 -> 0.000 (diff=0.000)
2026-04-14 15:51:37 - tczq_data - WARNING - 无法获取原始赔率值: record_id=4, field=half_lose_full_draw
2026-04-14 15:51:37 - tczq_data - INFO - ✓ 记录赔率变化: tczq_ht_ft_odds.half_lose_full_draw 0.000 -> 0.000 (diff=0.000)
2026-04-14 15:51:37 - tczq_data - WARNING - 无法获取原始赔率值: record_id=4, field=half_lose_full_lose
2026-04-14 15:51:37 - tczq_data - INFO - ✓ 记录赔率变化: tczq_ht_ft_odds.half_lose_full_lose 0.000 -> 0.000 (diff=0.000)
2026-04-14 15:51:37 - tczq_data - WARNING - 无法获取原始赔率值: record_id=5, field=goal_0
2026-04-14 15:51:37 - tczq_data - INFO - ✓ 记录赔率变化: tczq_total_goal_odds.goal_0 0.000 -> 0.000 (diff=0.000)
2026-04-14 15:51:37 - tczq_data - WARNING - 无法获取原始赔率值: record_id=5, field=goal_1
2026-04-14 15:51:37 - tczq_data - INFO - ✓ 记录赔率变化: tczq_total_goal_odds.goal_1 0.000 -> 0.000 (diff=0.000)
2026-04-14 15:51:37 - tczq_data - WARNING - 无法获取原始赔率值: record_id=5, field=goal_2
2026-04-14 15:51:37 - tczq_data - INFO - ✓ 记录赔率变化: tczq_total_goal_odds.goal_2 0.000 -> 0.000 (diff=0.000)
2026-04-14 15:51:37 - tczq_data - WARNING - 无法获取原始赔率值: record_id=5, field=goal_3
2026-04-14 15:51:37 - tczq_data - INFO - ✓ 记录赔率变化: tczq_total_goal_odds.goal_3 0.000 -> 0.000 (diff=0.000)
2026-04-14 15:51:37 - tczq_data - WARNING - 无法获取原始赔率值: record_id=5, field=goal_4
2026-04-14 15:51:37 - tczq_data - INFO - ✓ 记录赔率变化: tczq_total_goal_odds.goal_4 0.000 -> 0.000 (diff=0.000)
2026-04-14 15:51:37 - tczq_data - WARNING - 无法获取原始赔率值: record_id=5, field=goal_5
2026-04-14 15:51:37 - tczq_data - INFO - ✓ 记录赔率变化: tczq_total_goal_odds.goal_5 0.000 -> 0.000 (diff=0.000)
2026-04-14 15:51:37 - tczq_data - WARNING - 无法获取原始赔率值: record_id=5, field=goal_6
2026-04-14 15:51:37 - tczq_data - INFO - ✓ 记录赔率变化: tczq_total_goal_odds.goal_6 0.000 -> 0.000 (diff=0.000)
2026-04-14 15:51:37 - tczq_data - WARNING - 无法获取原始赔率值: record_id=5, field=goal_about
2026-04-14 15:51:37 - tczq_data - INFO - ✓ 记录赔率变化: tczq_total_goal_odds.goal_about 0.000 -> 0.000 (diff=0.000)
2026-04-14 15:51:37 - tczq_data - WARNING - 无法获取原始赔率值: record_id=5, field=half_win_full_win
2026-04-14 15:51:37 - tczq_data - INFO - ✓ 记录赔率变化: tczq_ht_ft_odds.half_win_full_win 0.000 -> 0.000 (diff=0.000)
2026-04-14 15:51:37 - tczq_data - WARNING - 无法获取原始赔率值: record_id=5, field=half_win_full_draw
2026-04-14 15:51:37 - tczq_data - INFO - ✓ 记录赔率变化: tczq_ht_ft_odds.half_win_full_draw 0.000 -> 0.000 (diff=0.000)
2026-04-14 15:51:37 - tczq_data - WARNING - 无法获取原始赔率值: record_id=5, field=half_win_full_lose
2026-04-14 15:51:37 - tczq_data - INFO - ✓ 记录赔率变化: tczq_ht_ft_odds.half_win_full_lose 0.000 -> 0.000 (diff=0.000)
2026-04-14 15:51:37 - tczq_data - WARNING - 无法获取原始赔率值: record_id=5, field=half_draw_full_win
2026-04-14 15:51:37 - tczq_data - INFO - ✓ 记录赔率变化: tczq_ht_ft_odds.half_draw_full_win 0.000 -> 0.000 (diff=0.000)
2026-04-14 15:51:37 - tczq_data - WARNING - 无法获取原始赔率值: record_id=5, field=half_draw_full_lose
2026-04-14 15:51:37 - tczq_data - INFO - ✓ 记录赔率变化: tczq_ht_ft_odds.half_draw_full_lose 0.000 -> 0.000 (diff=0.000)
2026-04-14 15:51:37 - tczq_data - WARNING - 无法获取原始赔率值: record_id=5, field=half_lose_full_win
2026-04-14 15:51:37 - tczq_data - INFO - ✓ 记录赔率变化: tczq_ht_ft_odds.half_lose_full_win 0.000 -> 0.000 (diff=0.000)
2026-04-14 15:51:37 - tczq_data - WARNING - 无法获取原始赔率值: record_id=5, field=half_lose_full_draw
2026-04-14 15:51:37 - tczq_data - INFO - ✓ 记录赔率变化: tczq_ht_ft_odds.half_lose_full_draw 0.000 -> 0.000 (diff=0.000)
2026-04-14 15:51:37 - tczq_data - WARNING - 无法获取原始赔率值: record_id=5, field=half_lose_full_lose
2026-04-14 15:51:37 - tczq_data - INFO - ✓ 记录赔率变化: tczq_ht_ft_odds.half_lose_full_lose 0.000 -> 0.000 (diff=0.000)
2026-04-14 15:51:37 - tczq_data - WARNING - 无法获取原始赔率值: record_id=6, field=goal_0
2026-04-14 15:51:37 - tczq_data - INFO - ✓ 记录赔率变化: tczq_total_goal_odds.goal_0 0.000 -> 0.000 (diff=0.000)
2026-04-14 15:51:37 - tczq_data - WARNING - 无法获取原始赔率值: record_id=6, field=goal_1
2026-04-14 15:51:37 - tczq_data - INFO - ✓ 记录赔率变化: tczq_total_goal_odds.goal_1 0.000 -> 0.000 (diff=0.000)
2026-04-14 15:51:37 - tczq_data - WARNING - 无法获取原始赔率值: record_id=6, field=goal_2
2026-04-14 15:51:37 - tczq_data - INFO - ✓ 记录赔率变化: tczq_total_goal_odds.goal_2 0.000 -> 0.000 (diff=0.000)
2026-04-14 15:51:37 - tczq_data - WARNING - 无法获取原始赔率值: record_id=6, field=goal_3
2026-04-14 15:51:37 - tczq_data - INFO - ✓ 记录赔率变化: tczq_total_goal_odds.goal_3 0.000 -> 0.000 (diff=0.000)
2026-04-14 15:51:37 - tczq_data - WARNING - 无法获取原始赔率值: record_id=6, field=goal_4
2026-04-14 15:51:37 - tczq_data - INFO - ✓ 记录赔率变化: tczq_total_goal_odds.goal_4 0.000 -> 0.000 (diff=0.000)
2026-04-14 15:51:37 - tczq_data - WARNING - 无法获取原始赔率值: record_id=6, field=goal_5
2026-04-14 15:51:37 - tczq_data - INFO - ✓ 记录赔率变化: tczq_total_goal_odds.goal_5 0.000 -> 0.000 (diff=0.000)
2026-04-14 15:51:37 - tczq_data - WARNING - 无法获取原始赔率值: record_id=6, field=goal_6
2026-04-14 15:51:37 - tczq_data - INFO - ✓ 记录赔率变化: tczq_total_goal_odds.goal_6 0.000 -> 0.000 (diff=0.000)
2026-04-14 15:51:37 - tczq_data - WARNING - 无法获取原始赔率值: record_id=6, field=goal_about
2026-04-14 15:51:38 - tczq_data - INFO - ✓ 记录赔率变化: tczq_total_goal_odds.goal_about 0.000 -> 0.000 (diff=0.000)
2026-04-14 15:51:38 - tczq_data - WARNING - 无法获取原始赔率值: record_id=6, field=half_win_full_win
2026-04-14 15:51:38 - tczq_data - INFO - ✓ 记录赔率变化: tczq_ht_ft_odds.half_win_full_win 0.000 -> 0.000 (diff=0.000)
2026-04-14 15:51:38 - tczq_data - WARNING - 无法获取原始赔率值: record_id=6, field=half_win_full_draw
2026-04-14 15:51:38 - tczq_data - INFO - ✓ 记录赔率变化: tczq_ht_ft_odds.half_win_full_draw 0.000 -> 0.000 (diff=0.000)
2026-04-14 15:51:38 - tczq_data - WARNING - 无法获取原始赔率值: record_id=6, field=half_win_full_lose
2026-04-14 15:51:38 - tczq_data - INFO - ✓ 记录赔率变化: tczq_ht_ft_odds.half_win_full_lose 0.000 -> 0.000 (diff=0.000)
2026-04-14 15:51:38 - tczq_data - WARNING - 无法获取原始赔率值: record_id=6, field=half_draw_full_win
2026-04-14 15:51:38 - tczq_data - INFO - ✓ 记录赔率变化: tczq_ht_ft_odds.half_draw_full_win 0.000 -> 0.000 (diff=0.000)
2026-04-14 15:51:38 - tczq_data - WARNING - 无法获取原始赔率值: record_id=6, field=half_draw_full_lose
2026-04-14 15:51:38 - tczq_data - INFO - ✓ 记录赔率变化: tczq_ht_ft_odds.half_draw_full_lose 0.000 -> 0.000 (diff=0.000)
2026-04-14 15:51:38 - tczq_data - WARNING - 无法获取原始赔率值: record_id=6, field=half_lose_full_win
2026-04-14 15:51:38 - tczq_data - INFO - ✓ 记录赔率变化: tczq_ht_ft_odds.half_lose_full_win 0.000 -> 0.000 (diff=0.000)
2026-04-14 15:51:38 - tczq_data - WARNING - 无法获取原始赔率值: record_id=6, field=half_lose_full_draw
2026-04-14 15:51:38 - tczq_data - INFO - ✓ 记录赔率变化: tczq_ht_ft_odds.half_lose_full_draw 0.000 -> 0.000 (diff=0.000)
2026-04-14 15:51:38 - tczq_data - WARNING - 无法获取原始赔率值: record_id=6, field=half_lose_full_lose
2026-04-14 15:51:38 - tczq_data - INFO - ✓ 记录赔率变化: tczq_ht_ft_odds.half_lose_full_lose 0.000 -> 0.000 (diff=0.000)
2026-04-14 15:51:38 - tczq_data - WARNING - 无法获取原始赔率值: record_id=7, field=goal_0
2026-04-14 15:51:38 - tczq_data - INFO - ✓ 记录赔率变化: tczq_total_goal_odds.goal_0 0.000 -> 0.000 (diff=0.000)
2026-04-14 15:51:38 - tczq_data - WARNING - 无法获取原始赔率值: record_id=7, field=goal_1
2026-04-14 15:51:38 - tczq_data - INFO - ✓ 记录赔率变化: tczq_total_goal_odds.goal_1 0.000 -> 0.000 (diff=0.000)
2026-04-14 15:51:38 - tczq_data - WARNING - 无法获取原始赔率值: record_id=7, field=goal_2
2026-04-14 15:51:38 - tczq_data - INFO - ✓ 记录赔率变化: tczq_total_goal_odds.goal_2 0.000 -> 0.000 (diff=0.000)
2026-04-14 15:51:38 - tczq_data - WARNING - 无法获取原始赔率值: record_id=7, field=goal_3
2026-04-14 15:51:38 - tczq_data - INFO - ✓ 记录赔率变化: tczq_total_goal_odds.goal_3 0.000 -> 0.000 (diff=0.000)
2026-04-14 15:51:38 - tczq_data - WARNING - 无法获取原始赔率值: record_id=7, field=goal_4
2026-04-14 15:51:38 - tczq_data - INFO - ✓ 记录赔率变化: tczq_total_goal_odds.goal_4 0.000 -> 0.000 (diff=0.000)
2026-04-14 15:51:38 - tczq_data - WARNING - 无法获取原始赔率值: record_id=7, field=goal_5
2026-04-14 15:51:38 - tczq_data - INFO - ✓ 记录赔率变化: tczq_total_goal_odds.goal_5 0.000 -> 0.000 (diff=0.000)
2026-04-14 15:51:38 - tczq_data - WARNING - 无法获取原始赔率值: record_id=7, field=goal_6
2026-04-14 15:51:38 - tczq_data - INFO - ✓ 记录赔率变化: tczq_total_goal_odds.goal_6 0.000 -> 0.000 (diff=0.000)
2026-04-14 15:51:38 - tczq_data - WARNING - 无法获取原始赔率值: record_id=7, field=goal_about
2026-04-14 15:51:38 - tczq_data - INFO - ✓ 记录赔率变化: tczq_total_goal_odds.goal_about 0.000 -> 0.000 (diff=0.000)
2026-04-14 15:51:38 - tczq_data - WARNING - 无法获取原始赔率值: record_id=7, field=half_win_full_win
2026-04-14 15:51:38 - tczq_data - INFO - ✓ 记录赔率变化: tczq_ht_ft_odds.half_win_full_win 0.000 -> 0.000 (diff=0.000)
2026-04-14 15:51:38 - tczq_data - WARNING - 无法获取原始赔率值: record_id=7, field=half_win_full_draw
2026-04-14 15:51:38 - tczq_data - INFO - ✓ 记录赔率变化: tczq_ht_ft_odds.half_win_full_draw 0.000 -> 0.000 (diff=0.000)
2026-04-14 15:51:38 - tczq_data - WARNING - 无法获取原始赔率值: record_id=7, field=half_win_full_lose
2026-04-14 15:51:38 - tczq_data - INFO - ✓ 记录赔率变化: tczq_ht_ft_odds.half_win_full_lose 0.000 -> 0.000 (diff=0.000)
2026-04-14 15:51:38 - tczq_data - WARNING - 无法获取原始赔率值: record_id=7, field=half_draw_full_win
2026-04-14 15:51:38 - tczq_data - INFO - ✓ 记录赔率变化: tczq_ht_ft_odds.half_draw_full_win 0.000 -> 0.000 (diff=0.000)
2026-04-14 15:51:38 - tczq_data - WARNING - 无法获取原始赔率值: record_id=7, field=half_draw_full_lose
2026-04-14 15:51:38 - tczq_data - INFO - ✓ 记录赔率变化: tczq_ht_ft_odds.half_draw_full_lose 0.000 -> 0.000 (diff=0.000)
2026-04-14 15:51:38 - tczq_data - WARNING - 无法获取原始赔率值: record_id=7, field=half_lose_full_win
2026-04-14 15:51:38 - tczq_data - INFO - ✓ 记录赔率变化: tczq_ht_ft_odds.half_lose_full_win 0.000 -> 0.000 (diff=0.000)
2026-04-14 15:51:38 - tczq_data - WARNING - 无法获取原始赔率值: record_id=7, field=half_lose_full_draw
2026-04-14 15:51:38 - tczq_data - INFO - ✓ 记录赔率变化: tczq_ht_ft_odds.half_lose_full_draw 0.000 -> 0.000 (diff=0.000)
2026-04-14 15:51:38 - tczq_data - WARNING - 无法获取原始赔率值: record_id=7, field=half_lose_full_lose
2026-04-14 15:51:38 - tczq_data - INFO - ✓ 记录赔率变化: tczq_ht_ft_odds.half_lose_full_lose 0.000 -> 0.000 (diff=0.000)
2026-04-14 15:51:38 - tczq_data - WARNING - 无法获取原始赔率值: record_id=8, field=goal_0
2026-04-14 15:51:38 - tczq_data - INFO - ✓ 记录赔率变化: tczq_total_goal_odds.goal_0 0.000 -> 0.000 (diff=0.000)
2026-04-14 15:51:38 - tczq_data - WARNING - 无法获取原始赔率值: record_id=8, field=goal_1
2026-04-14 15:51:38 - tczq_data - INFO - ✓ 记录赔率变化: tczq_total_goal_odds.goal_1 0.000 -> 0.000 (diff=0.000)
2026-04-14 15:51:38 - tczq_data - WARNING - 无法获取原始赔率值: record_id=8, field=goal_2
2026-04-14 15:51:38 - tczq_data - INFO - ✓ 记录赔率变化: tczq_total_goal_odds.goal_2 0.000 -> 0.000 (diff=0.000)
2026-04-14 15:51:38 - tczq_data - WARNING - 无法获取原始赔率值: record_id=8, field=goal_3
2026-04-14 15:51:38 - tczq_data - INFO - ✓ 记录赔率变化: tczq_total_goal_odds.goal_3 0.000 -> 0.000 (diff=0.000)
2026-04-14 15:51:38 - tczq_data - WARNING - 无法获取原始赔率值: record_id=8, field=goal_4
2026-04-14 15:51:38 - tczq_data - INFO - ✓ 记录赔率变化: tczq_total_goal_odds.goal_4 0.000 -> 0.000 (diff=0.000)
2026-04-14 15:51:38 - tczq_data - WARNING - 无法获取原始赔率值: record_id=8, field=goal_5
2026-04-14 15:51:38 - tczq_data - INFO - ✓ 记录赔率变化: tczq_total_goal_odds.goal_5 0.000 -> 0.000 (diff=0.000)
2026-04-14 15:51:38 - tczq_data - WARNING - 无法获取原始赔率值: record_id=8, field=goal_6
2026-04-14 15:51:38 - tczq_data - INFO - ✓ 记录赔率变化: tczq_total_goal_odds.goal_6 0.000 -> 0.000 (diff=0.000)
2026-04-14 15:51:38 - tczq_data - WARNING - 无法获取原始赔率值: record_id=8, field=goal_about
2026-04-14 15:51:38 - tczq_data - INFO - ✓ 记录赔率变化: tczq_total_goal_odds.goal_about 0.000 -> 0.000 (diff=0.000)
2026-04-14 15:51:38 - tczq_data - WARNING - 无法获取原始赔率值: record_id=8, field=half_win_full_win
2026-04-14 15:51:38 - tczq_data - INFO - ✓ 记录赔率变化: tczq_ht_ft_odds.half_win_full_win 0.000 -> 0.000 (diff=0.000)
2026-04-14 15:51:38 - tczq_data - WARNING - 无法获取原始赔率值: record_id=8, field=half_win_full_draw
2026-04-14 15:51:38 - tczq_data - INFO - ✓ 记录赔率变化: tczq_ht_ft_odds.half_win_full_draw 0.000 -> 0.000 (diff=0.000)
2026-04-14 15:51:38 - tczq_data - WARNING - 无法获取原始赔率值: record_id=8, field=half_win_full_lose
2026-04-14 15:51:38 - tczq_data - INFO - ✓ 记录赔率变化: tczq_ht_ft_odds.half_win_full_lose 0.000 -> 0.000 (diff=0.000)
2026-04-14 15:51:38 - tczq_data - WARNING - 无法获取原始赔率值: record_id=8, field=half_draw_full_win
2026-04-14 15:51:38 - tczq_data - INFO - ✓ 记录赔率变化: tczq_ht_ft_odds.half_draw_full_win 0.000 -> 0.000 (diff=0.000)
2026-04-14 15:51:38 - tczq_data - WARNING - 无法获取原始赔率值: record_id=8, field=half_draw_full_lose
2026-04-14 15:51:38 - tczq_data - INFO - ✓ 记录赔率变化: tczq_ht_ft_odds.half_draw_full_lose 0.000 -> 0.000 (diff=0.000)
2026-04-14 15:51:38 - tczq_data - WARNING - 无法获取原始赔率值: record_id=8, field=half_lose_full_win
2026-04-14 15:51:38 - tczq_data - INFO - ✓ 记录赔率变化: tczq_ht_ft_odds.half_lose_full_win 0.000 -> 0.000 (diff=0.000)
2026-04-14 15:51:38 - tczq_data - WARNING - 无法获取原始赔率值: record_id=8, field=half_lose_full_draw
2026-04-14 15:51:38 - tczq_data - INFO - ✓ 记录赔率变化: tczq_ht_ft_odds.half_lose_full_draw 0.000 -> 0.000 (diff=0.000)
2026-04-14 15:51:38 - tczq_data - WARNING - 无法获取原始赔率值: record_id=8, field=half_lose_full_lose
2026-04-14 15:51:38 - tczq_data - INFO - ✓ 记录赔率变化: tczq_ht_ft_odds.half_lose_full_lose 0.000 -> 0.000 (diff=0.000)
2026-04-14 15:51:39 - tczq_data - WARNING - 无法获取原始赔率值: record_id=9, field=goal_0
2026-04-14 15:51:39 - tczq_data - INFO - ✓ 记录赔率变化: tczq_total_goal_odds.goal_0 0.000 -> 0.000 (diff=0.000)
2026-04-14 15:51:39 - tczq_data - WARNING - 无法获取原始赔率值: record_id=9, field=goal_1
2026-04-14 15:51:39 - tczq_data - INFO - ✓ 记录赔率变化: tczq_total_goal_odds.goal_1 0.000 -> 0.000 (diff=0.000)
2026-04-14 15:51:39 - tczq_data - WARNING - 无法获取原始赔率值: record_id=9, field=goal_2
2026-04-14 15:51:39 - tczq_data - INFO - ✓ 记录赔率变化: tczq_total_goal_odds.goal_2 0.000 -> 0.000 (diff=0.000)
2026-04-14 15:51:39 - tczq_data - WARNING - 无法获取原始赔率值: record_id=9, field=goal_3
2026-04-14 15:51:39 - tczq_data - INFO - ✓ 记录赔率变化: tczq_total_goal_odds.goal_3 0.000 -> 0.000 (diff=0.000)
2026-04-14 15:51:39 - tczq_data - WARNING - 无法获取原始赔率值: record_id=9, field=goal_4
2026-04-14 15:51:39 - tczq_data - INFO - ✓ 记录赔率变化: tczq_total_goal_odds.goal_4 0.000 -> 0.000 (diff=0.000)
2026-04-14 15:51:39 - tczq_data - WARNING - 无法获取原始赔率值: record_id=9, field=goal_5
2026-04-14 15:51:39 - tczq_data - INFO - ✓ 记录赔率变化: tczq_total_goal_odds.goal_5 0.000 -> 0.000 (diff=0.000)
2026-04-14 15:51:39 - tczq_data - WARNING - 无法获取原始赔率值: record_id=9, field=goal_6
2026-04-14 15:51:39 - tczq_data - INFO - ✓ 记录赔率变化: tczq_total_goal_odds.goal_6 0.000 -> 0.000 (diff=0.000)
2026-04-14 15:51:39 - tczq_data - WARNING - 无法获取原始赔率值: record_id=9, field=goal_about
2026-04-14 15:51:39 - tczq_data - INFO - ✓ 记录赔率变化: tczq_total_goal_odds.goal_about 0.000 -> 0.000 (diff=0.000)
2026-04-14 15:51:39 - tczq_data - WARNING - 无法获取原始赔率值: record_id=9, field=half_win_full_win
2026-04-14 15:51:39 - tczq_data - INFO - ✓ 记录赔率变化: tczq_ht_ft_odds.half_win_full_win 0.000 -> 0.000 (diff=0.000)
2026-04-14 15:51:39 - tczq_data - WARNING - 无法获取原始赔率值: record_id=9, field=half_win_full_draw
2026-04-14 15:51:39 - tczq_data - INFO - ✓ 记录赔率变化: tczq_ht_ft_odds.half_win_full_draw 0.000 -> 0.000 (diff=0.000)
2026-04-14 15:51:39 - tczq_data - WARNING - 无法获取原始赔率值: record_id=9, field=half_win_full_lose
2026-04-14 15:51:39 - tczq_data - INFO - ✓ 记录赔率变化: tczq_ht_ft_odds.half_win_full_lose 0.000 -> 0.000 (diff=0.000)
2026-04-14 15:51:39 - tczq_data - WARNING - 无法获取原始赔率值: record_id=9, field=half_draw_full_win
2026-04-14 15:51:39 - tczq_data - INFO - ✓ 记录赔率变化: tczq_ht_ft_odds.half_draw_full_win 0.000 -> 0.000 (diff=0.000)
2026-04-14 15:51:39 - tczq_data - WARNING - 无法获取原始赔率值: record_id=9, field=half_draw_full_lose
2026-04-14 15:51:39 - tczq_data - INFO - ✓ 记录赔率变化: tczq_ht_ft_odds.half_draw_full_lose 0.000 -> 0.000 (diff=0.000)
2026-04-14 15:51:39 - tczq_data - WARNING - 无法获取原始赔率值: record_id=9, field=half_lose_full_win
2026-04-14 15:51:39 - tczq_data - INFO - ✓ 记录赔率变化: tczq_ht_ft_odds.half_lose_full_win 0.000 -> 0.000 (diff=0.000)
2026-04-14 15:51:39 - tczq_data - WARNING - 无法获取原始赔率值: record_id=9, field=half_lose_full_draw
2026-04-14 15:51:39 - tczq_data - INFO - ✓ 记录赔率变化: tczq_ht_ft_odds.half_lose_full_draw 0.000 -> 0.000 (diff=0.000)
2026-04-14 15:51:39 - tczq_data - WARNING - 无法获取原始赔率值: record_id=9, field=half_lose_full_lose
2026-04-14 15:51:39 - tczq_data - INFO - ✓ 记录赔率变化: tczq_ht_ft_odds.half_lose_full_lose 0.000 -> 0.000 (diff=0.000)
2026-04-14 15:51:39 - tczq_data - WARNING - 无法获取原始赔率值: record_id=10, field=goal_0
2026-04-14 15:51:39 - tczq_data - INFO - ✓ 记录赔率变化: tczq_total_goal_odds.goal_0 0.000 -> 0.000 (diff=0.000)
2026-04-14 15:51:39 - tczq_data - WARNING - 无法获取原始赔率值: record_id=10, field=goal_1
2026-04-14 15:51:39 - tczq_data - INFO - ✓ 记录赔率变化: tczq_total_goal_odds.goal_1 0.000 -> 0.000 (diff=0.000)
2026-04-14 15:51:39 - tczq_data - WARNING - 无法获取原始赔率值: record_id=10, field=goal_2
2026-04-14 15:51:39 - tczq_data - INFO - ✓ 记录赔率变化: tczq_total_goal_odds.goal_2 0.000 -> 0.000 (diff=0.000)
2026-04-14 15:51:39 - tczq_data - WARNING - 无法获取原始赔率值: record_id=10, field=goal_3
2026-04-14 15:51:39 - tczq_data - INFO - ✓ 记录赔率变化: tczq_total_goal_odds.goal_3 0.000 -> 0.000 (diff=0.000)
2026-04-14 15:51:39 - tczq_data - WARNING - 无法获取原始赔率值: record_id=10, field=goal_4
2026-04-14 15:51:39 - tczq_data - INFO - ✓ 记录赔率变化: tczq_total_goal_odds.goal_4 0.000 -> 0.000 (diff=0.000)
2026-04-14 15:51:39 - tczq_data - WARNING - 无法获取原始赔率值: record_id=10, field=goal_5
2026-04-14 15:51:39 - tczq_data - INFO - ✓ 记录赔率变化: tczq_total_goal_odds.goal_5 0.000 -> 0.000 (diff=0.000)
2026-04-14 15:51:39 - tczq_data - WARNING - 无法获取原始赔率值: record_id=10, field=goal_6
2026-04-14 15:51:39 - tczq_data - INFO - ✓ 记录赔率变化: tczq_total_goal_odds.goal_6 0.000 -> 0.000 (diff=0.000)
2026-04-14 15:51:39 - tczq_data - WARNING - 无法获取原始赔率值: record_id=10, field=goal_about
2026-04-14 15:51:39 - tczq_data - INFO - ✓ 记录赔率变化: tczq_total_goal_odds.goal_about 0.000 -> 0.000 (diff=0.000)
2026-04-14 15:51:39 - tczq_data - WARNING - 无法获取原始赔率值: record_id=10, field=half_win_full_win
2026-04-14 15:51:39 - tczq_data - INFO - ✓ 记录赔率变化: tczq_ht_ft_odds.half_win_full_win 0.000 -> 0.000 (diff=0.000)
2026-04-14 15:51:39 - tczq_data - WARNING - 无法获取原始赔率值: record_id=10, field=half_win_full_draw
2026-04-14 15:51:39 - tczq_data - INFO - ✓ 记录赔率变化: tczq_ht_ft_odds.half_win_full_draw 0.000 -> 0.000 (diff=0.000)
2026-04-14 15:51:39 - tczq_data - WARNING - 无法获取原始赔率值: record_id=10, field=half_win_full_lose
2026-04-14 15:51:39 - tczq_data - INFO - ✓ 记录赔率变化: tczq_ht_ft_odds.half_win_full_lose 0.000 -> 0.000 (diff=0.000)
2026-04-14 15:51:39 - tczq_data - WARNING - 无法获取原始赔率值: record_id=10, field=half_draw_full_win
2026-04-14 15:51:39 - tczq_data - INFO - ✓ 记录赔率变化: tczq_ht_ft_odds.half_draw_full_win 0.000 -> 0.000 (diff=0.000)
2026-04-14 15:51:39 - tczq_data - WARNING - 无法获取原始赔率值: record_id=10, field=half_draw_full_lose
2026-04-14 15:51:39 - tczq_data - INFO - ✓ 记录赔率变化: tczq_ht_ft_odds.half_draw_full_lose 0.000 -> 0.000 (diff=0.000)
2026-04-14 15:51:39 - tczq_data - WARNING - 无法获取原始赔率值: record_id=10, field=half_lose_full_win
2026-04-14 15:51:39 - tczq_data - INFO - ✓ 记录赔率变化: tczq_ht_ft_odds.half_lose_full_win 0.000 -> 0.000 (diff=0.000)
2026-04-14 15:51:39 - tczq_data - WARNING - 无法获取原始赔率值: record_id=10, field=half_lose_full_draw
2026-04-14 15:51:39 - tczq_data - INFO - ✓ 记录赔率变化: tczq_ht_ft_odds.half_lose_full_draw 0.000 -> 0.000 (diff=0.000)
2026-04-14 15:51:39 - tczq_data - WARNING - 无法获取原始赔率值: record_id=10, field=half_lose_full_lose
2026-04-14 15:51:39 - tczq_data - INFO - ✓ 记录赔率变化: tczq_ht_ft_odds.half_lose_full_lose 0.000 -> 0.000 (diff=0.000)
2026-04-14 15:51:39 - tczq_data - WARNING - 无法获取原始赔率值: record_id=11, field=goal_0
2026-04-14 15:51:39 - tczq_data - INFO - ✓ 记录赔率变化: tczq_total_goal_odds.goal_0 0.000 -> 0.000 (diff=0.000)
2026-04-14 15:51:39 - tczq_data - WARNING - 无法获取原始赔率值: record_id=11, field=goal_1
2026-04-14 15:51:39 - tczq_data - INFO - ✓ 记录赔率变化: tczq_total_goal_odds.goal_1 0.000 -> 0.000 (diff=0.000)
2026-04-14 15:51:39 - tczq_data - WARNING - 无法获取原始赔率值: record_id=11, field=goal_2
2026-04-14 15:51:39 - tczq_data - INFO - ✓ 记录赔率变化: tczq_total_goal_odds.goal_2 0.000 -> 0.000 (diff=0.000)
2026-04-14 15:51:39 - tczq_data - WARNING - 无法获取原始赔率值: record_id=11, field=goal_3
2026-04-14 15:51:39 - tczq_data - INFO - ✓ 记录赔率变化: tczq_total_goal_odds.goal_3 0.000 -> 0.000 (diff=0.000)
2026-04-14 15:51:39 - tczq_data - WARNING - 无法获取原始赔率值: record_id=11, field=goal_4
2026-04-14 15:51:39 - tczq_data - INFO - ✓ 记录赔率变化: tczq_total_goal_odds.goal_4 0.000 -> 0.000 (diff=0.000)
2026-04-14 15:51:39 - tczq_data - WARNING - 无法获取原始赔率值: record_id=11, field=goal_5
2026-04-14 15:51:39 - tczq_data - INFO - ✓ 记录赔率变化: tczq_total_goal_odds.goal_5 0.000 -> 0.000 (diff=0.000)
2026-04-14 15:51:39 - tczq_data - WARNING - 无法获取原始赔率值: record_id=11, field=goal_6
2026-04-14 15:51:39 - tczq_data - INFO - ✓ 记录赔率变化: tczq_total_goal_odds.goal_6 0.000 -> 0.000 (diff=0.000)
2026-04-14 15:51:39 - tczq_data - WARNING - 无法获取原始赔率值: record_id=11, field=goal_about
2026-04-14 15:51:39 - tczq_data - INFO - ✓ 记录赔率变化: tczq_total_goal_odds.goal_about 0.000 -> 0.000 (diff=0.000)
2026-04-14 15:51:39 - tczq_data - WARNING - 无法获取原始赔率值: record_id=11, field=half_win_full_win
2026-04-14 15:51:39 - tczq_data - INFO - ✓ 记录赔率变化: tczq_ht_ft_odds.half_win_full_win 0.000 -> 0.000 (diff=0.000)
2026-04-14 15:51:39 - tczq_data - WARNING - 无法获取原始赔率值: record_id=11, field=half_win_full_draw
2026-04-14 15:51:39 - tczq_data - INFO - ✓ 记录赔率变化: tczq_ht_ft_odds.half_win_full_draw 0.000 -> 0.000 (diff=0.000)
2026-04-14 15:51:39 - tczq_data - WARNING - 无法获取原始赔率值: record_id=11, field=half_win_full_lose
2026-04-14 15:51:39 - tczq_data - INFO - ✓ 记录赔率变化: tczq_ht_ft_odds.half_win_full_lose 0.000 -> 0.000 (diff=0.000)
2026-04-14 15:51:39 - tczq_data - WARNING - 无法获取原始赔率值: record_id=11, field=half_draw_full_win
2026-04-14 15:51:39 - tczq_data - INFO - ✓ 记录赔率变化: tczq_ht_ft_odds.half_draw_full_win 0.000 -> 0.000 (diff=0.000)
2026-04-14 15:51:39 - tczq_data - WARNING - 无法获取原始赔率值: record_id=11, field=half_draw_full_lose
2026-04-14 15:51:40 - tczq_data - INFO - ✓ 记录赔率变化: tczq_ht_ft_odds.half_draw_full_lose 0.000 -> 0.000 (diff=0.000)
2026-04-14 15:51:40 - tczq_data - WARNING - 无法获取原始赔率值: record_id=11, field=half_lose_full_win
2026-04-14 15:51:40 - tczq_data - INFO - ✓ 记录赔率变化: tczq_ht_ft_odds.half_lose_full_win 0.000 -> 0.000 (diff=0.000)
2026-04-14 15:51:40 - tczq_data - WARNING - 无法获取原始赔率值: record_id=11, field=half_lose_full_draw
2026-04-14 15:51:40 - tczq_data - INFO - ✓ 记录赔率变化: tczq_ht_ft_odds.half_lose_full_draw 0.000 -> 0.000 (diff=0.000)
2026-04-14 15:51:40 - tczq_data - WARNING - 无法获取原始赔率值: record_id=11, field=half_lose_full_lose
2026-04-14 15:51:40 - tczq_data - INFO - ✓ 记录赔率变化: tczq_ht_ft_odds.half_lose_full_lose 0.000 -> 0.000 (diff=0.000)
2026-04-14 15:51:40 - tczq_data - WARNING - 无法获取原始赔率值: record_id=12, field=goal_0
2026-04-14 15:51:40 - tczq_data - INFO - ✓ 记录赔率变化: tczq_total_goal_odds.goal_0 0.000 -> 0.000 (diff=0.000)
2026-04-14 15:51:40 - tczq_data - WARNING - 无法获取原始赔率值: record_id=12, field=goal_1
2026-04-14 15:51:40 - tczq_data - INFO - ✓ 记录赔率变化: tczq_total_goal_odds.goal_1 0.000 -> 0.000 (diff=0.000)
2026-04-14 15:51:40 - tczq_data - WARNING - 无法获取原始赔率值: record_id=12, field=goal_2
2026-04-14 15:51:40 - tczq_data - INFO - ✓ 记录赔率变化: tczq_total_goal_odds.goal_2 0.000 -> 0.000 (diff=0.000)
2026-04-14 15:51:40 - tczq_data - WARNING - 无法获取原始赔率值: record_id=12, field=goal_3
2026-04-14 15:51:40 - tczq_data - INFO - ✓ 记录赔率变化: tczq_total_goal_odds.goal_3 0.000 -> 0.000 (diff=0.000)
2026-04-14 15:51:40 - tczq_data - WARNING - 无法获取原始赔率值: record_id=12, field=goal_4
2026-04-14 15:51:40 - tczq_data - INFO - ✓ 记录赔率变化: tczq_total_goal_odds.goal_4 0.000 -> 0.000 (diff=0.000)
2026-04-14 15:51:40 - tczq_data - WARNING - 无法获取原始赔率值: record_id=12, field=goal_5
2026-04-14 15:51:40 - tczq_data - INFO - ✓ 记录赔率变化: tczq_total_goal_odds.goal_5 0.000 -> 0.000 (diff=0.000)
2026-04-14 15:51:40 - tczq_data - WARNING - 无法获取原始赔率值: record_id=12, field=goal_6
2026-04-14 15:51:40 - tczq_data - INFO - ✓ 记录赔率变化: tczq_total_goal_odds.goal_6 0.000 -> 0.000 (diff=0.000)
2026-04-14 15:51:40 - tczq_data - WARNING - 无法获取原始赔率值: record_id=12, field=goal_about
2026-04-14 15:51:40 - tczq_data - INFO - ✓ 记录赔率变化: tczq_total_goal_odds.goal_about 0.000 -> 0.000 (diff=0.000)
2026-04-14 15:51:40 - tczq_data - WARNING - 无法获取原始赔率值: record_id=12, field=half_win_full_win
2026-04-14 15:51:40 - tczq_data - INFO - ✓ 记录赔率变化: tczq_ht_ft_odds.half_win_full_win 0.000 -> 0.000 (diff=0.000)
2026-04-14 15:51:40 - tczq_data - WARNING - 无法获取原始赔率值: record_id=12, field=half_win_full_draw
2026-04-14 15:51:40 - tczq_data - INFO - ✓ 记录赔率变化: tczq_ht_ft_odds.half_win_full_draw 0.000 -> 0.000 (diff=0.000)
2026-04-14 15:51:40 - tczq_data - WARNING - 无法获取原始赔率值: record_id=12, field=half_win_full_lose
2026-04-14 15:51:40 - tczq_data - INFO - ✓ 记录赔率变化: tczq_ht_ft_odds.half_win_full_lose 0.000 -> 0.000 (diff=0.000)
2026-04-14 15:51:40 - tczq_data - WARNING - 无法获取原始赔率值: record_id=12, field=half_draw_full_win
2026-04-14 15:51:40 - tczq_data - INFO - ✓ 记录赔率变化: tczq_ht_ft_odds.half_draw_full_win 0.000 -> 0.000 (diff=0.000)
2026-04-14 15:51:40 - tczq_data - WARNING - 无法获取原始赔率值: record_id=12, field=half_draw_full_lose
2026-04-14 15:51:40 - tczq_data - INFO - ✓ 记录赔率变化: tczq_ht_ft_odds.half_draw_full_lose 0.000 -> 0.000 (diff=0.000)
2026-04-14 15:51:40 - tczq_data - WARNING - 无法获取原始赔率值: record_id=12, field=half_lose_full_win
2026-04-14 15:51:40 - tczq_data - INFO - ✓ 记录赔率变化: tczq_ht_ft_odds.half_lose_full_win 0.000 -> 0.000 (diff=0.000)
2026-04-14 15:51:40 - tczq_data - WARNING - 无法获取原始赔率值: record_id=12, field=half_lose_full_draw
2026-04-14 15:51:40 - tczq_data - INFO - ✓ 记录赔率变化: tczq_ht_ft_odds.half_lose_full_draw 0.000 -> 0.000 (diff=0.000)
2026-04-14 15:51:40 - tczq_data - WARNING - 无法获取原始赔率值: record_id=12, field=half_lose_full_lose
2026-04-14 15:51:40 - tczq_data - INFO - ✓ 记录赔率变化: tczq_ht_ft_odds.half_lose_full_lose 0.000 -> 0.000 (diff=0.000)
2026-04-14 15:51:40 - tczq_data - INFO - 赔率数据处理完成
2026-04-14 15:51:41 - tczq_data - WARNING - 无法获取原始赔率值: record_id=1, field=h1
2026-04-14 15:51:41 - tczq_data - WARNING - 无法获取原始赔率值: record_id=1, field=h2
2026-04-14 15:51:41 - tczq_data - WARNING - 无法获取原始赔率值: record_id=1, field=h3
2026-04-14 15:51:41 - tczq_data - WARNING - 无法获取原始赔率值: record_id=1, field=h4
2026-04-14 15:51:41 - tczq_data - WARNING - 无法获取原始赔率值: record_id=1, field=h5
2026-04-14 15:51:41 - tczq_data - WARNING - 无法获取原始赔率值: record_id=1, field=h6
2026-04-14 15:51:41 - tczq_data - WARNING - 无法获取原始赔率值: record_id=1, field=a1
2026-04-14 15:51:41 - tczq_data - WARNING - 无法获取原始赔率值: record_id=1, field=a2
2026-04-14 15:51:41 - tczq_data - WARNING - 无法获取原始赔率值: record_id=1, field=a3
2026-04-14 15:51:41 - tczq_data - WARNING - 无法获取原始赔率值: record_id=1, field=a4
2026-04-14 15:51:41 - tczq_data - WARNING - 无法获取原始赔率值: record_id=1, field=a5
2026-04-14 15:51:41 - tczq_data - WARNING - 无法获取原始赔率值: record_id=1, field=a6
2026-04-14 15:51:41 - tczq_data - WARNING - 无法获取原始赔率值: record_id=2, field=h1
2026-04-14 15:51:41 - tczq_data - WARNING - 无法获取原始赔率值: record_id=2, field=h2
2026-04-14 15:51:41 - tczq_data - WARNING - 无法获取原始赔率值: record_id=2, field=h3
2026-04-14 15:51:41 - tczq_data - WARNING - 无法获取原始赔率值: record_id=2, field=h4
2026-04-14 15:51:41 - tczq_data - WARNING - 无法获取原始赔率值: record_id=2, field=h5
2026-04-14 15:51:41 - tczq_data - WARNING - 无法获取原始赔率值: record_id=2, field=h6
2026-04-14 15:51:41 - tczq_data - WARNING - 无法获取原始赔率值: record_id=2, field=a1
2026-04-14 15:51:41 - tczq_data - WARNING - 无法获取原始赔率值: record_id=2, field=a2
2026-04-14 15:51:41 - tczq_data - WARNING - 无法获取原始赔率值: record_id=2, field=a3
2026-04-14 15:51:41 - tczq_data - WARNING - 无法获取原始赔率值: record_id=2, field=a4
2026-04-14 15:51:41 - tczq_data - WARNING - 无法获取原始赔率值: record_id=2, field=a5
2026-04-14 15:51:41 - tczq_data - WARNING - 无法获取原始赔率值: record_id=2, field=a6
2026-04-14 15:51:41 - tczq_data - WARNING - 无法获取原始赔率值: record_id=3, field=h1
2026-04-14 15:51:41 - tczq_data - WARNING - 无法获取原始赔率值: record_id=3, field=h2
2026-04-14 15:51:41 - tczq_data - WARNING - 无法获取原始赔率值: record_id=3, field=h3
2026-04-14 15:51:41 - tczq_data - WARNING - 无法获取原始赔率值: record_id=3, field=h4
2026-04-14 15:51:41 - tczq_data - WARNING - 无法获取原始赔率值: record_id=3, field=h5
2026-04-14 15:51:41 - tczq_data - WARNING - 无法获取原始赔率值: record_id=3, field=h6
2026-04-14 15:51:41 - tczq_data - WARNING - 无法获取原始赔率值: record_id=3, field=a1
2026-04-14 15:51:41 - tczq_data - WARNING - 无法获取原始赔率值: record_id=3, field=a2
2026-04-14 15:51:41 - tczq_data - WARNING - 无法获取原始赔率值: record_id=3, field=a3
2026-04-14 15:51:41 - tczq_data - WARNING - 无法获取原始赔率值: record_id=3, field=a4
2026-04-14 15:51:41 - tczq_data - WARNING - 无法获取原始赔率值: record_id=3, field=a5
2026-04-14 15:51:41 - tczq_data - WARNING - 无法获取原始赔率值: record_id=3, field=a6
2026-04-14 15:51:41 - tczq_data - WARNING - 无法获取原始赔率值: record_id=4, field=h1
2026-04-14 15:51:41 - tczq_data - WARNING - 无法获取原始赔率值: record_id=4, field=h2
2026-04-14 15:51:41 - tczq_data - WARNING - 无法获取原始赔率值: record_id=4, field=h3
2026-04-14 15:51:41 - tczq_data - WARNING - 无法获取原始赔率值: record_id=4, field=h4
2026-04-14 15:51:42 - tczq_data - WARNING - 无法获取原始赔率值: record_id=4, field=h5
2026-04-14 15:51:42 - tczq_data - WARNING - 无法获取原始赔率值: record_id=4, field=h6
2026-04-14 15:51:42 - tczq_data - WARNING - 无法获取原始赔率值: record_id=4, field=a1
2026-04-14 15:51:42 - tczq_data - WARNING - 无法获取原始赔率值: record_id=4, field=a2
2026-04-14 15:51:42 - tczq_data - WARNING - 无法获取原始赔率值: record_id=4, field=a3
2026-04-14 15:51:42 - tczq_data - WARNING - 无法获取原始赔率值: record_id=4, field=a4
2026-04-14 15:51:42 - tczq_data - WARNING - 无法获取原始赔率值: record_id=4, field=a5
2026-04-14 15:51:42 - tczq_data - WARNING - 无法获取原始赔率值: record_id=4, field=a6
2026-04-14 15:52:43 - tczq_data - INFO - 开始获取当前比赛数据（带赔率）...
2026-04-14 15:52:43 - tczq_data - INFO - 共获取 12 场比赛
2026-04-14 15:52:43 - tczq_data - ERROR - 保存比赛数据失败 (match_id=2039101): 'match_num_date' is an invalid keyword argument for TczqMatch
2026-04-14 15:52:43 - tczq_data - ERROR - 保存比赛数据失败 (match_id=2039102): 'match_num_date' is an invalid keyword argument for TczqMatch
2026-04-14 15:52:43 - tczq_data - ERROR - 保存比赛数据失败 (match_id=2039103): 'match_num_date' is an invalid keyword argument for TczqMatch
2026-04-14 15:52:43 - tczq_data - ERROR - 保存比赛数据失败 (match_id=2039104): 'match_num_date' is an invalid keyword argument for TczqMatch
2026-04-14 15:52:43 - tczq_data - ERROR - 保存比赛数据失败 (match_id=2039105): 'match_num_date' is an invalid keyword argument for TczqMatch
2026-04-14 15:52:43 - tczq_data - ERROR - 保存比赛数据失败 (match_id=2039106): 'match_num_date' is an invalid keyword argument for TczqMatch
2026-04-14 15:52:43 - tczq_data - ERROR - 保存比赛数据失败 (match_id=2039107): 'match_num_date' is an invalid keyword argument for TczqMatch
2026-04-14 15:52:43 - tczq_data - ERROR - 保存比赛数据失败 (match_id=2039108): 'match_num_date' is an invalid keyword argument for TczqMatch
2026-04-14 15:52:43 - tczq_data - ERROR - 保存比赛数据失败 (match_id=2039112): 'match_num_date' is an invalid keyword argument for TczqMatch
2026-04-14 15:52:43 - tczq_data - ERROR - 保存比赛数据失败 (match_id=2039113): 'match_num_date' is an invalid keyword argument for TczqMatch
2026-04-14 15:52:43 - tczq_data - ERROR - 保存比赛数据失败 (match_id=2039114): 'match_num_date' is an invalid keyword argument for TczqMatch
2026-04-14 15:52:43 - tczq_data - ERROR - 保存比赛数据失败 (match_id=2039115): 'match_num_date' is an invalid keyword argument for TczqMatch
2026-04-14 15:52:43 - tczq_data - INFO - 成功保存 0 条比赛记录
2026-04-14 15:52:43 - tczq_data - INFO - 开始处理 12 条赔率数据
2026-04-14 15:52:44 - tczq_data - WARNING - 无法获取原始赔率值: record_id=1, field=goal_0
2026-04-14 15:52:44 - tczq_data - INFO - ✓ 记录赔率变化: tczq_total_goal_odds.goal_0 0.000 -> 0.000 (diff=0.000)
2026-04-14 15:52:44 - tczq_data - WARNING - 无法获取原始赔率值: record_id=1, field=goal_1
2026-04-14 15:52:44 - tczq_data - INFO - ✓ 记录赔率变化: tczq_total_goal_odds.goal_1 0.000 -> 0.000 (diff=0.000)
2026-04-14 15:52:44 - tczq_data - WARNING - 无法获取原始赔率值: record_id=1, field=goal_2
2026-04-14 15:52:44 - tczq_data - INFO - ✓ 记录赔率变化: tczq_total_goal_odds.goal_2 0.000 -> 0.000 (diff=0.000)
2026-04-14 15:52:44 - tczq_data - WARNING - 无法获取原始赔率值: record_id=1, field=goal_3
2026-04-14 15:52:44 - tczq_data - INFO - ✓ 记录赔率变化: tczq_total_goal_odds.goal_3 0.000 -> 0.000 (diff=0.000)
2026-04-14 15:52:44 - tczq_data - WARNING - 无法获取原始赔率值: record_id=1, field=goal_4
2026-04-14 15:52:44 - tczq_data - INFO - ✓ 记录赔率变化: tczq_total_goal_odds.goal_4 0.000 -> 0.000 (diff=0.000)
2026-04-14 15:52:44 - tczq_data - WARNING - 无法获取原始赔率值: record_id=1, field=goal_5
2026-04-14 15:52:44 - tczq_data - INFO - ✓ 记录赔率变化: tczq_total_goal_odds.goal_5 0.000 -> 0.000 (diff=0.000)
2026-04-14 15:52:44 - tczq_data - WARNING - 无法获取原始赔率值: record_id=1, field=goal_6
2026-04-14 15:52:44 - tczq_data - INFO - ✓ 记录赔率变化: tczq_total_goal_odds.goal_6 0.000 -> 0.000 (diff=0.000)
2026-04-14 15:52:44 - tczq_data - WARNING - 无法获取原始赔率值: record_id=1, field=goal_about
2026-04-14 15:52:44 - tczq_data - INFO - ✓ 记录赔率变化: tczq_total_goal_odds.goal_about 0.000 -> 0.000 (diff=0.000)
2026-04-14 15:52:44 - tczq_data - WARNING - 无法获取原始赔率值: record_id=1, field=half_win_full_win
2026-04-14 15:52:44 - tczq_data - INFO - ✓ 记录赔率变化: tczq_ht_ft_odds.half_win_full_win 0.000 -> 0.000 (diff=0.000)
2026-04-14 15:52:44 - tczq_data - WARNING - 无法获取原始赔率值: record_id=1, field=half_win_full_draw
2026-04-14 15:52:44 - tczq_data - INFO - ✓ 记录赔率变化: tczq_ht_ft_odds.half_win_full_draw 0.000 -> 0.000 (diff=0.000)
2026-04-14 15:52:44 - tczq_data - WARNING - 无法获取原始赔率值: record_id=1, field=half_win_full_lose
2026-04-14 15:52:44 - tczq_data - INFO - ✓ 记录赔率变化: tczq_ht_ft_odds.half_win_full_lose 0.000 -> 0.000 (diff=0.000)
2026-04-14 15:52:44 - tczq_data - WARNING - 无法获取原始赔率值: record_id=1, field=half_draw_full_win
2026-04-14 15:52:44 - tczq_data - INFO - ✓ 记录赔率变化: tczq_ht_ft_odds.half_draw_full_win 0.000 -> 0.000 (diff=0.000)
2026-04-14 15:52:44 - tczq_data - WARNING - 无法获取原始赔率值: record_id=1, field=half_draw_full_lose
2026-04-14 15:52:44 - tczq_data - INFO - ✓ 记录赔率变化: tczq_ht_ft_odds.half_draw_full_lose 0.000 -> 0.000 (diff=0.000)
2026-04-14 15:52:44 - tczq_data - WARNING - 无法获取原始赔率值: record_id=1, field=half_lose_full_win
2026-04-14 15:52:44 - tczq_data - INFO - ✓ 记录赔率变化: tczq_ht_ft_odds.half_lose_full_win 0.000 -> 0.000 (diff=0.000)
2026-04-14 15:52:44 - tczq_data - WARNING - 无法获取原始赔率值: record_id=1, field=half_lose_full_draw
2026-04-14 15:52:44 - tczq_data - INFO - ✓ 记录赔率变化: tczq_ht_ft_odds.half_lose_full_draw 0.000 -> 0.000 (diff=0.000)
2026-04-14 15:52:44 - tczq_data - WARNING - 无法获取原始赔率值: record_id=1, field=half_lose_full_lose
2026-04-14 15:52:44 - tczq_data - INFO - ✓ 记录赔率变化: tczq_ht_ft_odds.half_lose_full_lose 0.000 -> 0.000 (diff=0.000)
2026-04-14 15:52:44 - tczq_data - WARNING - 无法获取原始赔率值: record_id=2, field=goal_0
2026-04-14 15:52:44 - tczq_data - INFO - ✓ 记录赔率变化: tczq_total_goal_odds.goal_0 0.000 -> 0.000 (diff=0.000)
2026-04-14 15:52:44 - tczq_data - WARNING - 无法获取原始赔率值: record_id=2, field=goal_1
2026-04-14 15:52:44 - tczq_data - INFO - ✓ 记录赔率变化: tczq_total_goal_odds.goal_1 0.000 -> 0.000 (diff=0.000)
2026-04-14 15:52:44 - tczq_data - WARNING - 无法获取原始赔率值: record_id=2, field=goal_2
2026-04-14 15:52:44 - tczq_data - INFO - ✓ 记录赔率变化: tczq_total_goal_odds.goal_2 0.000 -> 0.000 (diff=0.000)
2026-04-14 15:52:44 - tczq_data - WARNING - 无法获取原始赔率值: record_id=2, field=goal_3
2026-04-14 15:52:44 - tczq_data - INFO - ✓ 记录赔率变化: tczq_total_goal_odds.goal_3 0.000 -> 0.000 (diff=0.000)
2026-04-14 15:52:44 - tczq_data - WARNING - 无法获取原始赔率值: record_id=2, field=goal_4
2026-04-14 15:52:44 - tczq_data - INFO - ✓ 记录赔率变化: tczq_total_goal_odds.goal_4 0.000 -> 0.000 (diff=0.000)
2026-04-14 15:52:44 - tczq_data - WARNING - 无法获取原始赔率值: record_id=2, field=goal_5
2026-04-14 15:52:44 - tczq_data - INFO - ✓ 记录赔率变化: tczq_total_goal_odds.goal_5 0.000 -> 0.000 (diff=0.000)
2026-04-14 15:52:44 - tczq_data - WARNING - 无法获取原始赔率值: record_id=2, field=goal_6
2026-04-14 15:52:44 - tczq_data - INFO - ✓ 记录赔率变化: tczq_total_goal_odds.goal_6 0.000 -> 0.000 (diff=0.000)
2026-04-14 15:52:44 - tczq_data - WARNING - 无法获取原始赔率值: record_id=2, field=goal_about
2026-04-14 15:52:44 - tczq_data - INFO - ✓ 记录赔率变化: tczq_total_goal_odds.goal_about 0.000 -> 0.000 (diff=0.000)
2026-04-14 15:52:44 - tczq_data - WARNING - 无法获取原始赔率值: record_id=2, field=half_win_full_win
2026-04-14 15:52:44 - tczq_data - INFO - ✓ 记录赔率变化: tczq_ht_ft_odds.half_win_full_win 0.000 -> 0.000 (diff=0.000)
2026-04-14 15:52:44 - tczq_data - WARNING - 无法获取原始赔率值: record_id=2, field=half_win_full_draw
2026-04-14 15:52:44 - tczq_data - INFO - ✓ 记录赔率变化: tczq_ht_ft_odds.half_win_full_draw 0.000 -> 0.000 (diff=0.000)
2026-04-14 15:52:44 - tczq_data - WARNING - 无法获取原始赔率值: record_id=2, field=half_win_full_lose
2026-04-14 15:52:44 - tczq_data - INFO - ✓ 记录赔率变化: tczq_ht_ft_odds.half_win_full_lose 0.000 -> 0.000 (diff=0.000)
2026-04-14 15:52:44 - tczq_data - WARNING - 无法获取原始赔率值: record_id=2, field=half_draw_full_win
2026-04-14 15:52:44 - tczq_data - INFO - ✓ 记录赔率变化: tczq_ht_ft_odds.half_draw_full_win 0.000 -> 0.000 (diff=0.000)
2026-04-14 15:52:44 - tczq_data - WARNING - 无法获取原始赔率值: record_id=2, field=half_draw_full_lose
2026-04-14 15:52:44 - tczq_data - INFO - ✓ 记录赔率变化: tczq_ht_ft_odds.half_draw_full_lose 0.000 -> 0.000 (diff=0.000)
2026-04-14 15:52:44 - tczq_data - WARNING - 无法获取原始赔率值: record_id=2, field=half_lose_full_win
2026-04-14 15:52:44 - tczq_data - INFO - ✓ 记录赔率变化: tczq_ht_ft_odds.half_lose_full_win 0.000 -> 0.000 (diff=0.000)
2026-04-14 15:52:44 - tczq_data - WARNING - 无法获取原始赔率值: record_id=2, field=half_lose_full_draw
2026-04-14 15:52:44 - tczq_data - INFO - ✓ 记录赔率变化: tczq_ht_ft_odds.half_lose_full_draw 0.000 -> 0.000 (diff=0.000)
2026-04-14 15:52:44 - tczq_data - WARNING - 无法获取原始赔率值: record_id=2, field=half_lose_full_lose
2026-04-14 15:52:44 - tczq_data - INFO - ✓ 记录赔率变化: tczq_ht_ft_odds.half_lose_full_lose 0.000 -> 0.000 (diff=0.000)
2026-04-14 15:52:44 - tczq_data - WARNING - 无法获取原始赔率值: record_id=3, field=goal_0
2026-04-14 15:52:44 - tczq_data - INFO - ✓ 记录赔率变化: tczq_total_goal_odds.goal_0 0.000 -> 0.000 (diff=0.000)
2026-04-14 15:52:44 - tczq_data - WARNING - 无法获取原始赔率值: record_id=3, field=goal_1
2026-04-14 15:52:44 - tczq_data - INFO - ✓ 记录赔率变化: tczq_total_goal_odds.goal_1 0.000 -> 0.000 (diff=0.000)
2026-04-14 15:52:44 - tczq_data - WARNING - 无法获取原始赔率值: record_id=3, field=goal_2
2026-04-14 15:52:44 - tczq_data - INFO - ✓ 记录赔率变化: tczq_total_goal_odds.goal_2 0.000 -> 0.000 (diff=0.000)
2026-04-14 15:52:44 - tczq_data - WARNING - 无法获取原始赔率值: record_id=3, field=goal_3
2026-04-14 15:52:44 - tczq_data - INFO - ✓ 记录赔率变化: tczq_total_goal_odds.goal_3 0.000 -> 0.000 (diff=0.000)
2026-04-14 15:52:44 - tczq_data - WARNING - 无法获取原始赔率值: record_id=3, field=goal_4
2026-04-14 15:52:44 - tczq_data - INFO - ✓ 记录赔率变化: tczq_total_goal_odds.goal_4 0.000 -> 0.000 (diff=0.000)
2026-04-14 15:52:44 - tczq_data - WARNING - 无法获取原始赔率值: record_id=3, field=goal_5
2026-04-14 15:52:44 - tczq_data - INFO - ✓ 记录赔率变化: tczq_total_goal_odds.goal_5 0.000 -> 0.000 (diff=0.000)
2026-04-14 15:52:44 - tczq_data - WARNING - 无法获取原始赔率值: record_id=3, field=goal_6
2026-04-14 15:52:44 - tczq_data - INFO - ✓ 记录赔率变化: tczq_total_goal_odds.goal_6 0.000 -> 0.000 (diff=0.000)
2026-04-14 15:52:44 - tczq_data - WARNING - 无法获取原始赔率值: record_id=3, field=goal_about
2026-04-14 15:52:44 - tczq_data - INFO - ✓ 记录赔率变化: tczq_total_goal_odds.goal_about 0.000 -> 0.000 (diff=0.000)
2026-04-14 15:52:44 - tczq_data - WARNING - 无法获取原始赔率值: record_id=3, field=half_win_full_win
2026-04-14 15:52:44 - tczq_data - INFO - ✓ 记录赔率变化: tczq_ht_ft_odds.half_win_full_win 0.000 -> 0.000 (diff=0.000)
2026-04-14 15:52:44 - tczq_data - WARNING - 无法获取原始赔率值: record_id=3, field=half_win_full_draw
2026-04-14 15:52:44 - tczq_data - INFO - ✓ 记录赔率变化: tczq_ht_ft_odds.half_win_full_draw 0.000 -> 0.000 (diff=0.000)
2026-04-14 15:52:44 - tczq_data - WARNING - 无法获取原始赔率值: record_id=3, field=half_win_full_lose
2026-04-14 15:52:44 - tczq_data - INFO - ✓ 记录赔率变化: tczq_ht_ft_odds.half_win_full_lose 0.000 -> 0.000 (diff=0.000)
2026-04-14 15:52:44 - tczq_data - WARNING - 无法获取原始赔率值: record_id=3, field=half_draw_full_win
2026-04-14 15:52:44 - tczq_data - INFO - ✓ 记录赔率变化: tczq_ht_ft_odds.half_draw_full_win 0.000 -> 0.000 (diff=0.000)
2026-04-14 15:52:44 - tczq_data - WARNING - 无法获取原始赔率值: record_id=3, field=half_draw_full_lose
2026-04-14 15:52:45 - tczq_data - INFO - ✓ 记录赔率变化: tczq_ht_ft_odds.half_draw_full_lose 0.000 -> 0.000 (diff=0.000)
2026-04-14 15:52:45 - tczq_data - WARNING - 无法获取原始赔率值: record_id=3, field=half_lose_full_win
2026-04-14 15:52:45 - tczq_data - INFO - ✓ 记录赔率变化: tczq_ht_ft_odds.half_lose_full_win 0.000 -> 0.000 (diff=0.000)
2026-04-14 15:52:45 - tczq_data - WARNING - 无法获取原始赔率值: record_id=3, field=half_lose_full_draw
2026-04-14 15:52:45 - tczq_data - INFO - ✓ 记录赔率变化: tczq_ht_ft_odds.half_lose_full_draw 0.000 -> 0.000 (diff=0.000)
2026-04-14 15:52:45 - tczq_data - WARNING - 无法获取原始赔率值: record_id=3, field=half_lose_full_lose
2026-04-14 15:52:45 - tczq_data - INFO - ✓ 记录赔率变化: tczq_ht_ft_odds.half_lose_full_lose 0.000 -> 0.000 (diff=0.000)
2026-04-14 15:52:45 - tczq_data - WARNING - 无法获取原始赔率值: record_id=4, field=goal_0
2026-04-14 15:52:45 - tczq_data - INFO - ✓ 记录赔率变化: tczq_total_goal_odds.goal_0 0.000 -> 0.000 (diff=0.000)
2026-04-14 15:52:45 - tczq_data - WARNING - 无法获取原始赔率值: record_id=4, field=goal_1
2026-04-14 15:52:45 - tczq_data - INFO - ✓ 记录赔率变化: tczq_total_goal_odds.goal_1 0.000 -> 0.000 (diff=0.000)
2026-04-14 15:52:45 - tczq_data - WARNING - 无法获取原始赔率值: record_id=4, field=goal_2
2026-04-14 15:52:45 - tczq_data - INFO - ✓ 记录赔率变化: tczq_total_goal_odds.goal_2 0.000 -> 0.000 (diff=0.000)
2026-04-14 15:52:45 - tczq_data - WARNING - 无法获取原始赔率值: record_id=4, field=goal_3
2026-04-14 15:52:45 - tczq_data - INFO - ✓ 记录赔率变化: tczq_total_goal_odds.goal_3 0.000 -> 0.000 (diff=0.000)
2026-04-14 15:52:45 - tczq_data - WARNING - 无法获取原始赔率值: record_id=4, field=goal_4
2026-04-14 15:52:45 - tczq_data - INFO - ✓ 记录赔率变化: tczq_total_goal_odds.goal_4 0.000 -> 0.000 (diff=0.000)
2026-04-14 15:52:45 - tczq_data - WARNING - 无法获取原始赔率值: record_id=4, field=goal_5
2026-04-14 15:52:45 - tczq_data - INFO - ✓ 记录赔率变化: tczq_total_goal_odds.goal_5 0.000 -> 0.000 (diff=0.000)
2026-04-14 15:52:45 - tczq_data - WARNING - 无法获取原始赔率值: record_id=4, field=goal_6
2026-04-14 15:52:45 - tczq_data - INFO - ✓ 记录赔率变化: tczq_total_goal_odds.goal_6 0.000 -> 0.000 (diff=0.000)
2026-04-14 15:52:45 - tczq_data - WARNING - 无法获取原始赔率值: record_id=4, field=goal_about
2026-04-14 15:52:45 - tczq_data - INFO - ✓ 记录赔率变化: tczq_total_goal_odds.goal_about 0.000 -> 0.000 (diff=0.000)
2026-04-14 15:52:45 - tczq_data - WARNING - 无法获取原始赔率值: record_id=4, field=half_win_full_win
2026-04-14 15:52:45 - tczq_data - INFO - ✓ 记录赔率变化: tczq_ht_ft_odds.half_win_full_win 0.000 -> 0.000 (diff=0.000)
2026-04-14 15:52:45 - tczq_data - WARNING - 无法获取原始赔率值: record_id=4, field=half_win_full_draw
2026-04-14 15:52:45 - tczq_data - INFO - ✓ 记录赔率变化: tczq_ht_ft_odds.half_win_full_draw 0.000 -> 0.000 (diff=0.000)
2026-04-14 15:52:45 - tczq_data - WARNING - 无法获取原始赔率值: record_id=4, field=half_win_full_lose
2026-04-14 15:52:45 - tczq_data - INFO - ✓ 记录赔率变化: tczq_ht_ft_odds.half_win_full_lose 0.000 -> 0.000 (diff=0.000)
2026-04-14 15:52:45 - tczq_data - WARNING - 无法获取原始赔率值: record_id=4, field=half_draw_full_win
2026-04-14 15:52:45 - tczq_data - INFO - ✓ 记录赔率变化: tczq_ht_ft_odds.half_draw_full_win 0.000 -> 0.000 (diff=0.000)
2026-04-14 15:52:45 - tczq_data - WARNING - 无法获取原始赔率值: record_id=4, field=half_draw_full_lose
2026-04-14 15:52:45 - tczq_data - INFO - ✓ 记录赔率变化: tczq_ht_ft_odds.half_draw_full_lose 0.000 -> 0.000 (diff=0.000)
2026-04-14 15:52:45 - tczq_data - WARNING - 无法获取原始赔率值: record_id=4, field=half_lose_full_win
2026-04-14 15:52:45 - tczq_data - INFO - ✓ 记录赔率变化: tczq_ht_ft_odds.half_lose_full_win 0.000 -> 0.000 (diff=0.000)
2026-04-14 15:52:45 - tczq_data - WARNING - 无法获取原始赔率值: record_id=4, field=half_lose_full_draw
2026-04-14 15:52:45 - tczq_data - INFO - ✓ 记录赔率变化: tczq_ht_ft_odds.half_lose_full_draw 0.000 -> 0.000 (diff=0.000)
2026-04-14 15:52:45 - tczq_data - WARNING - 无法获取原始赔率值: record_id=4, field=half_lose_full_lose
2026-04-14 15:52:45 - tczq_data - INFO - ✓ 记录赔率变化: tczq_ht_ft_odds.half_lose_full_lose 0.000 -> 0.000 (diff=0.000)
2026-04-14 15:52:45 - tczq_data - WARNING - 无法获取原始赔率值: record_id=5, field=goal_0
2026-04-14 15:52:45 - tczq_data - INFO - ✓ 记录赔率变化: tczq_total_goal_odds.goal_0 0.000 -> 0.000 (diff=0.000)
2026-04-14 15:52:45 - tczq_data - WARNING - 无法获取原始赔率值: record_id=5, field=goal_1
2026-04-14 15:52:45 - tczq_data - INFO - ✓ 记录赔率变化: tczq_total_goal_odds.goal_1 0.000 -> 0.000 (diff=0.000)
2026-04-14 15:52:45 - tczq_data - WARNING - 无法获取原始赔率值: record_id=5, field=goal_2
2026-04-14 15:52:45 - tczq_data - INFO - ✓ 记录赔率变化: tczq_total_goal_odds.goal_2 0.000 -> 0.000 (diff=0.000)
2026-04-14 15:52:45 - tczq_data - WARNING - 无法获取原始赔率值: record_id=5, field=goal_3
2026-04-14 15:52:45 - tczq_data - INFO - ✓ 记录赔率变化: tczq_total_goal_odds.goal_3 0.000 -> 0.000 (diff=0.000)
2026-04-14 15:52:45 - tczq_data - WARNING - 无法获取原始赔率值: record_id=5, field=goal_4
2026-04-14 15:52:45 - tczq_data - INFO - ✓ 记录赔率变化: tczq_total_goal_odds.goal_4 0.000 -> 0.000 (diff=0.000)
2026-04-14 15:52:45 - tczq_data - WARNING - 无法获取原始赔率值: record_id=5, field=goal_5
2026-04-14 15:52:45 - tczq_data - INFO - ✓ 记录赔率变化: tczq_total_goal_odds.goal_5 0.000 -> 0.000 (diff=0.000)
2026-04-14 15:52:45 - tczq_data - WARNING - 无法获取原始赔率值: record_id=5, field=goal_6
2026-04-14 15:52:45 - tczq_data - INFO - ✓ 记录赔率变化: tczq_total_goal_odds.goal_6 0.000 -> 0.000 (diff=0.000)
2026-04-14 15:52:45 - tczq_data - WARNING - 无法获取原始赔率值: record_id=5, field=goal_about
2026-04-14 15:52:45 - tczq_data - INFO - ✓ 记录赔率变化: tczq_total_goal_odds.goal_about 0.000 -> 0.000 (diff=0.000)
2026-04-14 15:52:45 - tczq_data - WARNING - 无法获取原始赔率值: record_id=5, field=half_win_full_win
2026-04-14 15:52:45 - tczq_data - INFO - ✓ 记录赔率变化: tczq_ht_ft_odds.half_win_full_win 0.000 -> 0.000 (diff=0.000)
2026-04-14 15:52:45 - tczq_data - WARNING - 无法获取原始赔率值: record_id=5, field=half_win_full_draw
2026-04-14 15:52:45 - tczq_data - INFO - ✓ 记录赔率变化: tczq_ht_ft_odds.half_win_full_draw 0.000 -> 0.000 (diff=0.000)
2026-04-14 15:52:45 - tczq_data - WARNING - 无法获取原始赔率值: record_id=5, field=half_win_full_lose
2026-04-14 15:52:45 - tczq_data - INFO - ✓ 记录赔率变化: tczq_ht_ft_odds.half_win_full_lose 0.000 -> 0.000 (diff=0.000)
2026-04-14 15:52:45 - tczq_data - WARNING - 无法获取原始赔率值: record_id=5, field=half_draw_full_win
2026-04-14 15:52:45 - tczq_data - INFO - ✓ 记录赔率变化: tczq_ht_ft_odds.half_draw_full_win 0.000 -> 0.000 (diff=0.000)
2026-04-14 15:52:45 - tczq_data - WARNING - 无法获取原始赔率值: record_id=5, field=half_draw_full_lose
2026-04-14 15:52:45 - tczq_data - INFO - ✓ 记录赔率变化: tczq_ht_ft_odds.half_draw_full_lose 0.000 -> 0.000 (diff=0.000)
2026-04-14 15:52:45 - tczq_data - WARNING - 无法获取原始赔率值: record_id=5, field=half_lose_full_win
2026-04-14 15:52:45 - tczq_data - INFO - ✓ 记录赔率变化: tczq_ht_ft_odds.half_lose_full_win 0.000 -> 0.000 (diff=0.000)
2026-04-14 15:52:45 - tczq_data - WARNING - 无法获取原始赔率值: record_id=5, field=half_lose_full_draw
2026-04-14 15:52:45 - tczq_data - INFO - ✓ 记录赔率变化: tczq_ht_ft_odds.half_lose_full_draw 0.000 -> 0.000 (diff=0.000)
2026-04-14 15:52:45 - tczq_data - WARNING - 无法获取原始赔率值: record_id=5, field=half_lose_full_lose
2026-04-14 15:52:45 - tczq_data - INFO - ✓ 记录赔率变化: tczq_ht_ft_odds.half_lose_full_lose 0.000 -> 0.000 (diff=0.000)
2026-04-14 15:52:45 - tczq_data - WARNING - 无法获取原始赔率值: record_id=6, field=goal_0
2026-04-14 15:52:45 - tczq_data - INFO - ✓ 记录赔率变化: tczq_total_goal_odds.goal_0 0.000 -> 0.000 (diff=0.000)
2026-04-14 15:52:45 - tczq_data - WARNING - 无法获取原始赔率值: record_id=6, field=goal_1
2026-04-14 15:52:45 - tczq_data - INFO - ✓ 记录赔率变化: tczq_total_goal_odds.goal_1 0.000 -> 0.000 (diff=0.000)
2026-04-14 15:52:45 - tczq_data - WARNING - 无法获取原始赔率值: record_id=6, field=goal_2
2026-04-14 15:52:45 - tczq_data - INFO - ✓ 记录赔率变化: tczq_total_goal_odds.goal_2 0.000 -> 0.000 (diff=0.000)
2026-04-14 15:52:45 - tczq_data - WARNING - 无法获取原始赔率值: record_id=6, field=goal_3
2026-04-14 15:52:45 - tczq_data - INFO - ✓ 记录赔率变化: tczq_total_goal_odds.goal_3 0.000 -> 0.000 (diff=0.000)
2026-04-14 15:52:45 - tczq_data - WARNING - 无法获取原始赔率值: record_id=6, field=goal_4
2026-04-14 15:52:45 - tczq_data - INFO - ✓ 记录赔率变化: tczq_total_goal_odds.goal_4 0.000 -> 0.000 (diff=0.000)
2026-04-14 15:52:45 - tczq_data - WARNING - 无法获取原始赔率值: record_id=6, field=goal_5
2026-04-14 15:52:45 - tczq_data - INFO - ✓ 记录赔率变化: tczq_total_goal_odds.goal_5 0.000 -> 0.000 (diff=0.000)
2026-04-14 15:52:45 - tczq_data - WARNING - 无法获取原始赔率值: record_id=6, field=goal_6
2026-04-14 15:52:45 - tczq_data - INFO - ✓ 记录赔率变化: tczq_total_goal_odds.goal_6 0.000 -> 0.000 (diff=0.000)
2026-04-14 15:52:45 - tczq_data - WARNING - 无法获取原始赔率值: record_id=6, field=goal_about
2026-04-14 15:52:45 - tczq_data - INFO - ✓ 记录赔率变化: tczq_total_goal_odds.goal_about 0.000 -> 0.000 (diff=0.000)
2026-04-14 15:52:45 - tczq_data - WARNING - 无法获取原始赔率值: record_id=6, field=half_win_full_win
2026-04-14 15:52:45 - tczq_data - INFO - ✓ 记录赔率变化: tczq_ht_ft_odds.half_win_full_win 0.000 -> 0.000 (diff=0.000)
2026-04-14 15:52:45 - tczq_data - WARNING - 无法获取原始赔率值: record_id=6, field=half_win_full_draw
2026-04-14 15:52:45 - tczq_data - INFO - ✓ 记录赔率变化: tczq_ht_ft_odds.half_win_full_draw 0.000 -> 0.000 (diff=0.000)
2026-04-14 15:52:45 - tczq_data - WARNING - 无法获取原始赔率值: record_id=6, field=half_win_full_lose
2026-04-14 15:52:45 - tczq_data - INFO - ✓ 记录赔率变化: tczq_ht_ft_odds.half_win_full_lose 0.000 -> 0.000 (diff=0.000)
2026-04-14 15:52:45 - tczq_data - WARNING - 无法获取原始赔率值: record_id=6, field=half_draw_full_win
2026-04-14 15:52:45 - tczq_data - INFO - ✓ 记录赔率变化: tczq_ht_ft_odds.half_draw_full_win 0.000 -> 0.000 (diff=0.000)
2026-04-14 15:52:46 - tczq_data - WARNING - 无法获取原始赔率值: record_id=6, field=half_draw_full_lose
2026-04-14 15:52:46 - tczq_data - INFO - ✓ 记录赔率变化: tczq_ht_ft_odds.half_draw_full_lose 0.000 -> 0.000 (diff=0.000)
2026-04-14 15:52:46 - tczq_data - WARNING - 无法获取原始赔率值: record_id=6, field=half_lose_full_win
2026-04-14 15:52:46 - tczq_data - INFO - ✓ 记录赔率变化: tczq_ht_ft_odds.half_lose_full_win 0.000 -> 0.000 (diff=0.000)
2026-04-14 15:52:46 - tczq_data - WARNING - 无法获取原始赔率值: record_id=6, field=half_lose_full_draw
2026-04-14 15:52:46 - tczq_data - INFO - ✓ 记录赔率变化: tczq_ht_ft_odds.half_lose_full_draw 0.000 -> 0.000 (diff=0.000)
2026-04-14 15:52:46 - tczq_data - WARNING - 无法获取原始赔率值: record_id=6, field=half_lose_full_lose
2026-04-14 15:52:46 - tczq_data - INFO - ✓ 记录赔率变化: tczq_ht_ft_odds.half_lose_full_lose 0.000 -> 0.000 (diff=0.000)
2026-04-14 15:52:46 - tczq_data - WARNING - 无法获取原始赔率值: record_id=7, field=goal_0
2026-04-14 15:52:46 - tczq_data - INFO - ✓ 记录赔率变化: tczq_total_goal_odds.goal_0 0.000 -> 0.000 (diff=0.000)
2026-04-14 15:52:46 - tczq_data - WARNING - 无法获取原始赔率值: record_id=7, field=goal_1
2026-04-14 15:52:46 - tczq_data - INFO - ✓ 记录赔率变化: tczq_total_goal_odds.goal_1 0.000 -> 0.000 (diff=0.000)
2026-04-14 15:52:46 - tczq_data - WARNING - 无法获取原始赔率值: record_id=7, field=goal_2
2026-04-14 15:52:46 - tczq_data - INFO - ✓ 记录赔率变化: tczq_total_goal_odds.goal_2 0.000 -> 0.000 (diff=0.000)
2026-04-14 15:52:46 - tczq_data - WARNING - 无法获取原始赔率值: record_id=7, field=goal_3
2026-04-14 15:52:46 - tczq_data - INFO - ✓ 记录赔率变化: tczq_total_goal_odds.goal_3 0.000 -> 0.000 (diff=0.000)
2026-04-14 15:52:46 - tczq_data - WARNING - 无法获取原始赔率值: record_id=7, field=goal_4
2026-04-14 15:52:46 - tczq_data - INFO - ✓ 记录赔率变化: tczq_total_goal_odds.goal_4 0.000 -> 0.000 (diff=0.000)
2026-04-14 15:52:46 - tczq_data - WARNING - 无法获取原始赔率值: record_id=7, field=goal_5
2026-04-14 15:52:46 - tczq_data - INFO - ✓ 记录赔率变化: tczq_total_goal_odds.goal_5 0.000 -> 0.000 (diff=0.000)
2026-04-14 15:52:46 - tczq_data - WARNING - 无法获取原始赔率值: record_id=7, field=goal_6
2026-04-14 15:52:46 - tczq_data - INFO - ✓ 记录赔率变化: tczq_total_goal_odds.goal_6 0.000 -> 0.000 (diff=0.000)
2026-04-14 15:52:46 - tczq_data - WARNING - 无法获取原始赔率值: record_id=7, field=goal_about
2026-04-14 15:52:46 - tczq_data - INFO - ✓ 记录赔率变化: tczq_total_goal_odds.goal_about 0.000 -> 0.000 (diff=0.000)
2026-04-14 15:52:46 - tczq_data - WARNING - 无法获取原始赔率值: record_id=7, field=half_win_full_win
2026-04-14 15:52:46 - tczq_data - INFO - ✓ 记录赔率变化: tczq_ht_ft_odds.half_win_full_win 0.000 -> 0.000 (diff=0.000)
2026-04-14 15:52:46 - tczq_data - WARNING - 无法获取原始赔率值: record_id=7, field=half_win_full_draw
2026-04-14 15:52:46 - tczq_data - INFO - ✓ 记录赔率变化: tczq_ht_ft_odds.half_win_full_draw 0.000 -> 0.000 (diff=0.000)
2026-04-14 15:52:46 - tczq_data - WARNING - 无法获取原始赔率值: record_id=7, field=half_win_full_lose
2026-04-14 15:52:46 - tczq_data - INFO - ✓ 记录赔率变化: tczq_ht_ft_odds.half_win_full_lose 0.000 -> 0.000 (diff=0.000)
2026-04-14 15:52:46 - tczq_data - WARNING - 无法获取原始赔率值: record_id=7, field=half_draw_full_win
2026-04-14 15:52:46 - tczq_data - INFO - ✓ 记录赔率变化: tczq_ht_ft_odds.half_draw_full_win 0.000 -> 0.000 (diff=0.000)
2026-04-14 15:52:46 - tczq_data - WARNING - 无法获取原始赔率值: record_id=7, field=half_draw_full_lose
2026-04-14 15:52:46 - tczq_data - INFO - ✓ 记录赔率变化: tczq_ht_ft_odds.half_draw_full_lose 0.000 -> 0.000 (diff=0.000)
2026-04-14 15:52:46 - tczq_data - WARNING - 无法获取原始赔率值: record_id=7, field=half_lose_full_win
2026-04-14 15:52:46 - tczq_data - INFO - ✓ 记录赔率变化: tczq_ht_ft_odds.half_lose_full_win 0.000 -> 0.000 (diff=0.000)
2026-04-14 15:52:46 - tczq_data - WARNING - 无法获取原始赔率值: record_id=7, field=half_lose_full_draw
2026-04-14 15:52:46 - tczq_data - INFO - ✓ 记录赔率变化: tczq_ht_ft_odds.half_lose_full_draw 0.000 -> 0.000 (diff=0.000)
2026-04-14 15:52:46 - tczq_data - WARNING - 无法获取原始赔率值: record_id=7, field=half_lose_full_lose
2026-04-14 15:52:46 - tczq_data - INFO - ✓ 记录赔率变化: tczq_ht_ft_odds.half_lose_full_lose 0.000 -> 0.000 (diff=0.000)
2026-04-14 15:52:46 - tczq_data - WARNING - 无法获取原始赔率值: record_id=8, field=goal_0
2026-04-14 15:52:46 - tczq_data - INFO - ✓ 记录赔率变化: tczq_total_goal_odds.goal_0 0.000 -> 0.000 (diff=0.000)
2026-04-14 15:52:46 - tczq_data - WARNING - 无法获取原始赔率值: record_id=8, field=goal_1
2026-04-14 15:52:46 - tczq_data - INFO - ✓ 记录赔率变化: tczq_total_goal_odds.goal_1 0.000 -> 0.000 (diff=0.000)
2026-04-14 15:52:46 - tczq_data - WARNING - 无法获取原始赔率值: record_id=8, field=goal_2
2026-04-14 15:52:46 - tczq_data - INFO - ✓ 记录赔率变化: tczq_total_goal_odds.goal_2 0.000 -> 0.000 (diff=0.000)
2026-04-14 15:52:46 - tczq_data - WARNING - 无法获取原始赔率值: record_id=8, field=goal_3
2026-04-14 15:52:46 - tczq_data - INFO - ✓ 记录赔率变化: tczq_total_goal_odds.goal_3 0.000 -> 0.000 (diff=0.000)
2026-04-14 15:52:46 - tczq_data - WARNING - 无法获取原始赔率值: record_id=8, field=goal_4
2026-04-14 15:52:46 - tczq_data - INFO - ✓ 记录赔率变化: tczq_total_goal_odds.goal_4 0.000 -> 0.000 (diff=0.000)
2026-04-14 15:52:46 - tczq_data - WARNING - 无法获取原始赔率值: record_id=8, field=goal_5
2026-04-14 15:52:46 - tczq_data - INFO - ✓ 记录赔率变化: tczq_total_goal_odds.goal_5 0.000 -> 0.000 (diff=0.000)
2026-04-14 15:52:46 - tczq_data - WARNING - 无法获取原始赔率值: record_id=8, field=goal_6
2026-04-14 15:52:46 - tczq_data - INFO - ✓ 记录赔率变化: tczq_total_goal_odds.goal_6 0.000 -> 0.000 (diff=0.000)
2026-04-14 15:52:46 - tczq_data - WARNING - 无法获取原始赔率值: record_id=8, field=goal_about
2026-04-14 15:52:46 - tczq_data - INFO - ✓ 记录赔率变化: tczq_total_goal_odds.goal_about 0.000 -> 0.000 (diff=0.000)
2026-04-14 15:52:46 - tczq_data - WARNING - 无法获取原始赔率值: record_id=8, field=half_win_full_win
2026-04-14 15:52:46 - tczq_data - INFO - ✓ 记录赔率变化: tczq_ht_ft_odds.half_win_full_win 0.000 -> 0.000 (diff=0.000)
2026-04-14 15:52:46 - tczq_data - WARNING - 无法获取原始赔率值: record_id=8, field=half_win_full_draw
2026-04-14 15:52:46 - tczq_data - INFO - ✓ 记录赔率变化: tczq_ht_ft_odds.half_win_full_draw 0.000 -> 0.000 (diff=0.000)
2026-04-14 15:52:46 - tczq_data - WARNING - 无法获取原始赔率值: record_id=8, field=half_win_full_lose
2026-04-14 15:52:46 - tczq_data - INFO - ✓ 记录赔率变化: tczq_ht_ft_odds.half_win_full_lose 0.000 -> 0.000 (diff=0.000)
2026-04-14 15:52:46 - tczq_data - WARNING - 无法获取原始赔率值: record_id=8, field=half_draw_full_win
2026-04-14 15:52:46 - tczq_data - INFO - ✓ 记录赔率变化: tczq_ht_ft_odds.half_draw_full_win 0.000 -> 0.000 (diff=0.000)
2026-04-14 15:52:46 - tczq_data - WARNING - 无法获取原始赔率值: record_id=8, field=half_draw_full_lose
2026-04-14 15:52:46 - tczq_data - INFO - ✓ 记录赔率变化: tczq_ht_ft_odds.half_draw_full_lose 0.000 -> 0.000 (diff=0.000)
2026-04-14 15:52:46 - tczq_data - WARNING - 无法获取原始赔率值: record_id=8, field=half_lose_full_win
2026-04-14 15:52:46 - tczq_data - INFO - ✓ 记录赔率变化: tczq_ht_ft_odds.half_lose_full_win 0.000 -> 0.000 (diff=0.000)
2026-04-14 15:52:46 - tczq_data - WARNING - 无法获取原始赔率值: record_id=8, field=half_lose_full_draw
2026-04-14 15:52:46 - tczq_data - INFO - ✓ 记录赔率变化: tczq_ht_ft_odds.half_lose_full_draw 0.000 -> 0.000 (diff=0.000)
2026-04-14 15:52:46 - tczq_data - WARNING - 无法获取原始赔率值: record_id=8, field=half_lose_full_lose
2026-04-14 15:52:46 - tczq_data - INFO - ✓ 记录赔率变化: tczq_ht_ft_odds.half_lose_full_lose 0.000 -> 0.000 (diff=0.000)
2026-04-14 15:52:46 - tczq_data - WARNING - 无法获取原始赔率值: record_id=9, field=goal_0
2026-04-14 15:52:46 - tczq_data - INFO - ✓ 记录赔率变化: tczq_total_goal_odds.goal_0 0.000 -> 0.000 (diff=0.000)
2026-04-14 15:52:46 - tczq_data - WARNING - 无法获取原始赔率值: record_id=9, field=goal_1
2026-04-14 15:52:46 - tczq_data - INFO - ✓ 记录赔率变化: tczq_total_goal_odds.goal_1 0.000 -> 0.000 (diff=0.000)
2026-04-14 15:52:46 - tczq_data - WARNING - 无法获取原始赔率值: record_id=9, field=goal_2
2026-04-14 15:52:46 - tczq_data - INFO - ✓ 记录赔率变化: tczq_total_goal_odds.goal_2 0.000 -> 0.000 (diff=0.000)
2026-04-14 15:52:46 - tczq_data - WARNING - 无法获取原始赔率值: record_id=9, field=goal_3
2026-04-14 15:52:46 - tczq_data - INFO - ✓ 记录赔率变化: tczq_total_goal_odds.goal_3 0.000 -> 0.000 (diff=0.000)
2026-04-14 15:52:46 - tczq_data - WARNING - 无法获取原始赔率值: record_id=9, field=goal_4
2026-04-14 15:52:46 - tczq_data - INFO - ✓ 记录赔率变化: tczq_total_goal_odds.goal_4 0.000 -> 0.000 (diff=0.000)
2026-04-14 15:52:46 - tczq_data - WARNING - 无法获取原始赔率值: record_id=9, field=goal_5
2026-04-14 15:52:46 - tczq_data - INFO - ✓ 记录赔率变化: tczq_total_goal_odds.goal_5 0.000 -> 0.000 (diff=0.000)
2026-04-14 15:52:46 - tczq_data - WARNING - 无法获取原始赔率值: record_id=9, field=goal_6
2026-04-14 15:52:46 - tczq_data - INFO - ✓ 记录赔率变化: tczq_total_goal_odds.goal_6 0.000 -> 0.000 (diff=0.000)
2026-04-14 15:52:46 - tczq_data - WARNING - 无法获取原始赔率值: record_id=9, field=goal_about
2026-04-14 15:52:46 - tczq_data - INFO - ✓ 记录赔率变化: tczq_total_goal_odds.goal_about 0.000 -> 0.000 (diff=0.000)
2026-04-14 15:52:46 - tczq_data - WARNING - 无法获取原始赔率值: record_id=9, field=half_win_full_win
2026-04-14 15:52:46 - tczq_data - INFO - ✓ 记录赔率变化: tczq_ht_ft_odds.half_win_full_win 0.000 -> 0.000 (diff=0.000)
2026-04-14 15:52:46 - tczq_data - WARNING - 无法获取原始赔率值: record_id=9, field=half_win_full_draw
2026-04-14 15:52:46 - tczq_data - INFO - ✓ 记录赔率变化: tczq_ht_ft_odds.half_win_full_draw 0.000 -> 0.000 (diff=0.000)
2026-04-14 15:52:46 - tczq_data - WARNING - 无法获取原始赔率值: record_id=9, field=half_win_full_lose
2026-04-14 15:52:47 - tczq_data - INFO - ✓ 记录赔率变化: tczq_ht_ft_odds.half_win_full_lose 0.000 -> 0.000 (diff=0.000)
2026-04-14 15:52:47 - tczq_data - WARNING - 无法获取原始赔率值: record_id=9, field=half_draw_full_win
2026-04-14 15:52:47 - tczq_data - INFO - ✓ 记录赔率变化: tczq_ht_ft_odds.half_draw_full_win 0.000 -> 0.000 (diff=0.000)
2026-04-14 15:52:47 - tczq_data - WARNING - 无法获取原始赔率值: record_id=9, field=half_draw_full_lose
2026-04-14 15:52:47 - tczq_data - INFO - ✓ 记录赔率变化: tczq_ht_ft_odds.half_draw_full_lose 0.000 -> 0.000 (diff=0.000)
2026-04-14 15:52:47 - tczq_data - WARNING - 无法获取原始赔率值: record_id=9, field=half_lose_full_win
2026-04-14 15:52:47 - tczq_data - INFO - ✓ 记录赔率变化: tczq_ht_ft_odds.half_lose_full_win 0.000 -> 0.000 (diff=0.000)
2026-04-14 15:52:47 - tczq_data - WARNING - 无法获取原始赔率值: record_id=9, field=half_lose_full_draw
2026-04-14 15:52:47 - tczq_data - INFO - ✓ 记录赔率变化: tczq_ht_ft_odds.half_lose_full_draw 0.000 -> 0.000 (diff=0.000)
2026-04-14 15:52:47 - tczq_data - WARNING - 无法获取原始赔率值: record_id=9, field=half_lose_full_lose
2026-04-14 15:52:47 - tczq_data - INFO - ✓ 记录赔率变化: tczq_ht_ft_odds.half_lose_full_lose 0.000 -> 0.000 (diff=0.000)
2026-04-14 15:52:47 - tczq_data - WARNING - 无法获取原始赔率值: record_id=10, field=goal_0
2026-04-14 15:52:47 - tczq_data - INFO - ✓ 记录赔率变化: tczq_total_goal_odds.goal_0 0.000 -> 0.000 (diff=0.000)
2026-04-14 15:52:47 - tczq_data - WARNING - 无法获取原始赔率值: record_id=10, field=goal_1
2026-04-14 15:52:47 - tczq_data - INFO - ✓ 记录赔率变化: tczq_total_goal_odds.goal_1 0.000 -> 0.000 (diff=0.000)
2026-04-14 15:52:47 - tczq_data - WARNING - 无法获取原始赔率值: record_id=10, field=goal_2
2026-04-14 15:52:47 - tczq_data - INFO - ✓ 记录赔率变化: tczq_total_goal_odds.goal_2 0.000 -> 0.000 (diff=0.000)
2026-04-14 15:52:47 - tczq_data - WARNING - 无法获取原始赔率值: record_id=10, field=goal_3
2026-04-14 15:52:47 - tczq_data - INFO - ✓ 记录赔率变化: tczq_total_goal_odds.goal_3 0.000 -> 0.000 (diff=0.000)
2026-04-14 15:52:47 - tczq_data - WARNING - 无法获取原始赔率值: record_id=10, field=goal_4
2026-04-14 15:52:47 - tczq_data - INFO - ✓ 记录赔率变化: tczq_total_goal_odds.goal_4 0.000 -> 0.000 (diff=0.000)
2026-04-14 15:52:47 - tczq_data - WARNING - 无法获取原始赔率值: record_id=10, field=goal_5
2026-04-14 15:52:47 - tczq_data - INFO - ✓ 记录赔率变化: tczq_total_goal_odds.goal_5 0.000 -> 0.000 (diff=0.000)
2026-04-14 15:52:47 - tczq_data - WARNING - 无法获取原始赔率值: record_id=10, field=goal_6
2026-04-14 15:52:47 - tczq_data - INFO - ✓ 记录赔率变化: tczq_total_goal_odds.goal_6 0.000 -> 0.000 (diff=0.000)
2026-04-14 15:52:47 - tczq_data - WARNING - 无法获取原始赔率值: record_id=10, field=goal_about
2026-04-14 15:52:47 - tczq_data - INFO - ✓ 记录赔率变化: tczq_total_goal_odds.goal_about 0.000 -> 0.000 (diff=0.000)
2026-04-14 15:52:47 - tczq_data - WARNING - 无法获取原始赔率值: record_id=10, field=half_win_full_win
2026-04-14 15:52:47 - tczq_data - INFO - ✓ 记录赔率变化: tczq_ht_ft_odds.half_win_full_win 0.000 -> 0.000 (diff=0.000)
2026-04-14 15:52:47 - tczq_data - WARNING - 无法获取原始赔率值: record_id=10, field=half_win_full_draw
2026-04-14 15:52:47 - tczq_data - INFO - ✓ 记录赔率变化: tczq_ht_ft_odds.half_win_full_draw 0.000 -> 0.000 (diff=0.000)
2026-04-14 15:52:47 - tczq_data - WARNING - 无法获取原始赔率值: record_id=10, field=half_win_full_lose
2026-04-14 15:52:47 - tczq_data - INFO - ✓ 记录赔率变化: tczq_ht_ft_odds.half_win_full_lose 0.000 -> 0.000 (diff=0.000)
2026-04-14 15:52:47 - tczq_data - WARNING - 无法获取原始赔率值: record_id=10, field=half_draw_full_win
2026-04-14 15:52:47 - tczq_data - INFO - ✓ 记录赔率变化: tczq_ht_ft_odds.half_draw_full_win 0.000 -> 0.000 (diff=0.000)
2026-04-14 15:52:47 - tczq_data - WARNING - 无法获取原始赔率值: record_id=10, field=half_draw_full_lose
2026-04-14 15:52:47 - tczq_data - INFO - ✓ 记录赔率变化: tczq_ht_ft_odds.half_draw_full_lose 0.000 -> 0.000 (diff=0.000)
2026-04-14 15:52:47 - tczq_data - WARNING - 无法获取原始赔率值: record_id=10, field=half_lose_full_win
2026-04-14 15:52:47 - tczq_data - INFO - ✓ 记录赔率变化: tczq_ht_ft_odds.half_lose_full_win 0.000 -> 0.000 (diff=0.000)
2026-04-14 15:52:47 - tczq_data - WARNING - 无法获取原始赔率值: record_id=10, field=half_lose_full_draw
2026-04-14 15:52:47 - tczq_data - INFO - ✓ 记录赔率变化: tczq_ht_ft_odds.half_lose_full_draw 0.000 -> 0.000 (diff=0.000)
2026-04-14 15:52:47 - tczq_data - WARNING - 无法获取原始赔率值: record_id=10, field=half_lose_full_lose
2026-04-14 15:52:47 - tczq_data - INFO - ✓ 记录赔率变化: tczq_ht_ft_odds.half_lose_full_lose 0.000 -> 0.000 (diff=0.000)
2026-04-14 15:52:47 - tczq_data - WARNING - 无法获取原始赔率值: record_id=11, field=goal_0
2026-04-14 15:52:47 - tczq_data - INFO - ✓ 记录赔率变化: tczq_total_goal_odds.goal_0 0.000 -> 0.000 (diff=0.000)
2026-04-14 15:52:47 - tczq_data - WARNING - 无法获取原始赔率值: record_id=11, field=goal_1
2026-04-14 15:52:47 - tczq_data - INFO - ✓ 记录赔率变化: tczq_total_goal_odds.goal_1 0.000 -> 0.000 (diff=0.000)
2026-04-14 15:52:47 - tczq_data - WARNING - 无法获取原始赔率值: record_id=11, field=goal_2
2026-04-14 15:52:47 - tczq_data - INFO - ✓ 记录赔率变化: tczq_total_goal_odds.goal_2 0.000 -> 0.000 (diff=0.000)
2026-04-14 15:52:47 - tczq_data - WARNING - 无法获取原始赔率值: record_id=11, field=goal_3
2026-04-14 15:52:47 - tczq_data - INFO - ✓ 记录赔率变化: tczq_total_goal_odds.goal_3 0.000 -> 0.000 (diff=0.000)
2026-04-14 15:52:47 - tczq_data - WARNING - 无法获取原始赔率值: record_id=11, field=goal_4
2026-04-14 15:52:47 - tczq_data - INFO - ✓ 记录赔率变化: tczq_total_goal_odds.goal_4 0.000 -> 0.000 (diff=0.000)
2026-04-14 15:52:47 - tczq_data - WARNING - 无法获取原始赔率值: record_id=11, field=goal_5
2026-04-14 15:52:47 - tczq_data - INFO - ✓ 记录赔率变化: tczq_total_goal_odds.goal_5 0.000 -> 0.000 (diff=0.000)
2026-04-14 15:52:47 - tczq_data - WARNING - 无法获取原始赔率值: record_id=11, field=goal_6
2026-04-14 15:52:47 - tczq_data - INFO - ✓ 记录赔率变化: tczq_total_goal_odds.goal_6 0.000 -> 0.000 (diff=0.000)
2026-04-14 15:52:47 - tczq_data - WARNING - 无法获取原始赔率值: record_id=11, field=goal_about
2026-04-14 15:52:47 - tczq_data - INFO - ✓ 记录赔率变化: tczq_total_goal_odds.goal_about 0.000 -> 0.000 (diff=0.000)
2026-04-14 15:52:47 - tczq_data - WARNING - 无法获取原始赔率值: record_id=11, field=half_win_full_win
2026-04-14 15:52:47 - tczq_data - INFO - ✓ 记录赔率变化: tczq_ht_ft_odds.half_win_full_win 0.000 -> 0.000 (diff=0.000)
2026-04-14 15:52:47 - tczq_data - WARNING - 无法获取原始赔率值: record_id=11, field=half_win_full_draw
2026-04-14 15:52:47 - tczq_data - INFO - ✓ 记录赔率变化: tczq_ht_ft_odds.half_win_full_draw 0.000 -> 0.000 (diff=0.000)
2026-04-14 15:52:47 - tczq_data - WARNING - 无法获取原始赔率值: record_id=11, field=half_win_full_lose
2026-04-14 15:52:47 - tczq_data - INFO - ✓ 记录赔率变化: tczq_ht_ft_odds.half_win_full_lose 0.000 -> 0.000 (diff=0.000)
2026-04-14 15:52:47 - tczq_data - WARNING - 无法获取原始赔率值: record_id=11, field=half_draw_full_win
2026-04-14 15:52:47 - tczq_data - INFO - ✓ 记录赔率变化: tczq_ht_ft_odds.half_draw_full_win 0.000 -> 0.000 (diff=0.000)
2026-04-14 15:52:47 - tczq_data - WARNING - 无法获取原始赔率值: record_id=11, field=half_draw_full_lose
2026-04-14 15:52:47 - tczq_data - INFO - ✓ 记录赔率变化: tczq_ht_ft_odds.half_draw_full_lose 0.000 -> 0.000 (diff=0.000)
2026-04-14 15:52:47 - tczq_data - WARNING - 无法获取原始赔率值: record_id=11, field=half_lose_full_win
2026-04-14 15:52:47 - tczq_data - INFO - ✓ 记录赔率变化: tczq_ht_ft_odds.half_lose_full_win 0.000 -> 0.000 (diff=0.000)
2026-04-14 15:52:47 - tczq_data - WARNING - 无法获取原始赔率值: record_id=11, field=half_lose_full_draw
2026-04-14 15:52:47 - tczq_data - INFO - ✓ 记录赔率变化: tczq_ht_ft_odds.half_lose_full_draw 0.000 -> 0.000 (diff=0.000)
2026-04-14 15:52:47 - tczq_data - WARNING - 无法获取原始赔率值: record_id=11, field=half_lose_full_lose
2026-04-14 15:52:47 - tczq_data - INFO - ✓ 记录赔率变化: tczq_ht_ft_odds.half_lose_full_lose 0.000 -> 0.000 (diff=0.000)
2026-04-14 15:52:47 - tczq_data - WARNING - 无法获取原始赔率值: record_id=12, field=goal_0
2026-04-14 15:52:47 - tczq_data - INFO - ✓ 记录赔率变化: tczq_total_goal_odds.goal_0 0.000 -> 0.000 (diff=0.000)
2026-04-14 15:52:47 - tczq_data - WARNING - 无法获取原始赔率值: record_id=12, field=goal_1
2026-04-14 15:52:47 - tczq_data - INFO - ✓ 记录赔率变化: tczq_total_goal_odds.goal_1 0.000 -> 0.000 (diff=0.000)
2026-04-14 15:52:47 - tczq_data - WARNING - 无法获取原始赔率值: record_id=12, field=goal_2
2026-04-14 15:52:47 - tczq_data - INFO - ✓ 记录赔率变化: tczq_total_goal_odds.goal_2 0.000 -> 0.000 (diff=0.000)
2026-04-14 15:52:47 - tczq_data - WARNING - 无法获取原始赔率值: record_id=12, field=goal_3
2026-04-14 15:52:47 - tczq_data - INFO - ✓ 记录赔率变化: tczq_total_goal_odds.goal_3 0.000 -> 0.000 (diff=0.000)
2026-04-14 15:52:47 - tczq_data - WARNING - 无法获取原始赔率值: record_id=12, field=goal_4
2026-04-14 15:52:48 - tczq_data - INFO - ✓ 记录赔率变化: tczq_total_goal_odds.goal_4 0.000 -> 0.000 (diff=0.000)
2026-04-14 15:52:48 - tczq_data - WARNING - 无法获取原始赔率值: record_id=12, field=goal_5
2026-04-14 15:52:48 - tczq_data - INFO - ✓ 记录赔率变化: tczq_total_goal_odds.goal_5 0.000 -> 0.000 (diff=0.000)
2026-04-14 15:52:48 - tczq_data - WARNING - 无法获取原始赔率值: record_id=12, field=goal_6
2026-04-14 15:52:48 - tczq_data - INFO - ✓ 记录赔率变化: tczq_total_goal_odds.goal_6 0.000 -> 0.000 (diff=0.000)
2026-04-14 15:52:48 - tczq_data - WARNING - 无法获取原始赔率值: record_id=12, field=goal_about
2026-04-14 15:52:48 - tczq_data - INFO - ✓ 记录赔率变化: tczq_total_goal_odds.goal_about 0.000 -> 0.000 (diff=0.000)
2026-04-14 15:52:48 - tczq_data - WARNING - 无法获取原始赔率值: record_id=12, field=half_win_full_win
2026-04-14 15:52:48 - tczq_data - INFO - ✓ 记录赔率变化: tczq_ht_ft_odds.half_win_full_win 0.000 -> 0.000 (diff=0.000)
2026-04-14 15:52:48 - tczq_data - WARNING - 无法获取原始赔率值: record_id=12, field=half_win_full_draw
2026-04-14 15:52:48 - tczq_data - INFO - ✓ 记录赔率变化: tczq_ht_ft_odds.half_win_full_draw 0.000 -> 0.000 (diff=0.000)
2026-04-14 15:52:48 - tczq_data - WARNING - 无法获取原始赔率值: record_id=12, field=half_win_full_lose
2026-04-14 15:52:48 - tczq_data - INFO - ✓ 记录赔率变化: tczq_ht_ft_odds.half_win_full_lose 0.000 -> 0.000 (diff=0.000)
2026-04-14 15:52:48 - tczq_data - WARNING - 无法获取原始赔率值: record_id=12, field=half_draw_full_win
2026-04-14 15:52:48 - tczq_data - INFO - ✓ 记录赔率变化: tczq_ht_ft_odds.half_draw_full_win 0.000 -> 0.000 (diff=0.000)
2026-04-14 15:52:48 - tczq_data - WARNING - 无法获取原始赔率值: record_id=12, field=half_draw_full_lose
2026-04-14 15:52:48 - tczq_data - INFO - ✓ 记录赔率变化: tczq_ht_ft_odds.half_draw_full_lose 0.000 -> 0.000 (diff=0.000)
2026-04-14 15:52:48 - tczq_data - WARNING - 无法获取原始赔率值: record_id=12, field=half_lose_full_win
2026-04-14 15:52:48 - tczq_data - INFO - ✓ 记录赔率变化: tczq_ht_ft_odds.half_lose_full_win 0.000 -> 0.000 (diff=0.000)
2026-04-14 15:52:48 - tczq_data - WARNING - 无法获取原始赔率值: record_id=12, field=half_lose_full_draw
2026-04-14 15:52:48 - tczq_data - INFO - ✓ 记录赔率变化: tczq_ht_ft_odds.half_lose_full_draw 0.000 -> 0.000 (diff=0.000)
2026-04-14 15:52:48 - tczq_data - WARNING - 无法获取原始赔率值: record_id=12, field=half_lose_full_lose
2026-04-14 15:52:48 - tczq_data - INFO - ✓ 记录赔率变化: tczq_ht_ft_odds.half_lose_full_lose 0.000 -> 0.000 (diff=0.000)
2026-04-14 15:52:48 - tczq_data - INFO - 赔率数据处理完成
2026-04-14 15:54:35 - tczq_data - INFO - 开始获取当前比赛数据（带赔率）...
2026-04-14 15:54:35 - tczq_data - INFO - 共获取 12 场比赛
2026-04-14 15:54:36 - tczq_data - INFO - 成功保存 12 条比赛记录
2026-04-14 15:54:36 - tczq_data - INFO - 开始处理 12 条赔率数据
2026-04-14 15:54:36 - tczq_data - WARNING - 无法获取原始赔率值: record_id=1, field=goal_0
2026-04-14 15:54:36 - tczq_data - INFO - ✓ 记录赔率变化: tczq_total_goal_odds.goal_0 0.000 -> 0.000 (diff=0.000)
2026-04-14 15:54:36 - tczq_data - WARNING - 无法获取原始赔率值: record_id=1, field=goal_1
2026-04-14 15:54:36 - tczq_data - INFO - ✓ 记录赔率变化: tczq_total_goal_odds.goal_1 0.000 -> 0.000 (diff=0.000)
2026-04-14 15:54:36 - tczq_data - WARNING - 无法获取原始赔率值: record_id=1, field=goal_2
2026-04-14 15:54:36 - tczq_data - INFO - ✓ 记录赔率变化: tczq_total_goal_odds.goal_2 0.000 -> 0.000 (diff=0.000)
2026-04-14 15:54:36 - tczq_data - WARNING - 无法获取原始赔率值: record_id=1, field=goal_3
2026-04-14 15:54:36 - tczq_data - INFO - ✓ 记录赔率变化: tczq_total_goal_odds.goal_3 0.000 -> 0.000 (diff=0.000)
2026-04-14 15:54:36 - tczq_data - WARNING - 无法获取原始赔率值: record_id=1, field=goal_4
2026-04-14 15:54:36 - tczq_data - INFO - ✓ 记录赔率变化: tczq_total_goal_odds.goal_4 0.000 -> 0.000 (diff=0.000)
2026-04-14 15:54:36 - tczq_data - WARNING - 无法获取原始赔率值: record_id=1, field=goal_5
2026-04-14 15:54:36 - tczq_data - INFO - ✓ 记录赔率变化: tczq_total_goal_odds.goal_5 0.000 -> 0.000 (diff=0.000)
2026-04-14 15:54:36 - tczq_data - WARNING - 无法获取原始赔率值: record_id=1, field=goal_6
2026-04-14 15:54:36 - tczq_data - INFO - ✓ 记录赔率变化: tczq_total_goal_odds.goal_6 0.000 -> 0.000 (diff=0.000)
2026-04-14 15:54:36 - tczq_data - WARNING - 无法获取原始赔率值: record_id=1, field=goal_about
2026-04-14 15:54:36 - tczq_data - INFO - ✓ 记录赔率变化: tczq_total_goal_odds.goal_about 0.000 -> 0.000 (diff=0.000)
2026-04-14 15:54:36 - tczq_data - WARNING - 无法获取原始赔率值: record_id=1, field=half_win_full_win
2026-04-14 15:54:36 - tczq_data - INFO - ✓ 记录赔率变化: tczq_ht_ft_odds.half_win_full_win 0.000 -> 0.000 (diff=0.000)
2026-04-14 15:54:36 - tczq_data - WARNING - 无法获取原始赔率值: record_id=1, field=half_win_full_draw
2026-04-14 15:54:36 - tczq_data - INFO - ✓ 记录赔率变化: tczq_ht_ft_odds.half_win_full_draw 0.000 -> 0.000 (diff=0.000)
2026-04-14 15:54:36 - tczq_data - WARNING - 无法获取原始赔率值: record_id=1, field=half_win_full_lose
2026-04-14 15:54:36 - tczq_data - INFO - ✓ 记录赔率变化: tczq_ht_ft_odds.half_win_full_lose 0.000 -> 0.000 (diff=0.000)
2026-04-14 15:54:36 - tczq_data - WARNING - 无法获取原始赔率值: record_id=1, field=half_draw_full_win
2026-04-14 15:54:36 - tczq_data - INFO - ✓ 记录赔率变化: tczq_ht_ft_odds.half_draw_full_win 0.000 -> 0.000 (diff=0.000)
2026-04-14 15:54:36 - tczq_data - WARNING - 无法获取原始赔率值: record_id=1, field=half_draw_full_lose
2026-04-14 15:54:36 - tczq_data - INFO - ✓ 记录赔率变化: tczq_ht_ft_odds.half_draw_full_lose 0.000 -> 0.000 (diff=0.000)
2026-04-14 15:54:36 - tczq_data - WARNING - 无法获取原始赔率值: record_id=1, field=half_lose_full_win
2026-04-14 15:54:36 - tczq_data - INFO - ✓ 记录赔率变化: tczq_ht_ft_odds.half_lose_full_win 0.000 -> 0.000 (diff=0.000)
2026-04-14 15:54:36 - tczq_data - WARNING - 无法获取原始赔率值: record_id=1, field=half_lose_full_draw
2026-04-14 15:54:36 - tczq_data - INFO - ✓ 记录赔率变化: tczq_ht_ft_odds.half_lose_full_draw 0.000 -> 0.000 (diff=0.000)
2026-04-14 15:54:36 - tczq_data - WARNING - 无法获取原始赔率值: record_id=1, field=half_lose_full_lose
2026-04-14 15:54:36 - tczq_data - INFO - ✓ 记录赔率变化: tczq_ht_ft_odds.half_lose_full_lose 0.000 -> 0.000 (diff=0.000)
2026-04-14 15:54:36 - tczq_data - WARNING - 无法获取原始赔率值: record_id=2, field=goal_0
2026-04-14 15:54:36 - tczq_data - INFO - ✓ 记录赔率变化: tczq_total_goal_odds.goal_0 0.000 -> 0.000 (diff=0.000)
2026-04-14 15:54:36 - tczq_data - WARNING - 无法获取原始赔率值: record_id=2, field=goal_1
2026-04-14 15:54:36 - tczq_data - INFO - ✓ 记录赔率变化: tczq_total_goal_odds.goal_1 0.000 -> 0.000 (diff=0.000)
2026-04-14 15:54:36 - tczq_data - WARNING - 无法获取原始赔率值: record_id=2, field=goal_2
2026-04-14 15:54:36 - tczq_data - INFO - ✓ 记录赔率变化: tczq_total_goal_odds.goal_2 0.000 -> 0.000 (diff=0.000)
2026-04-14 15:54:36 - tczq_data - WARNING - 无法获取原始赔率值: record_id=2, field=goal_3
2026-04-14 15:54:36 - tczq_data - INFO - ✓ 记录赔率变化: tczq_total_goal_odds.goal_3 0.000 -> 0.000 (diff=0.000)
2026-04-14 15:54:36 - tczq_data - WARNING - 无法获取原始赔率值: record_id=2, field=goal_4
2026-04-14 15:54:36 - tczq_data - INFO - ✓ 记录赔率变化: tczq_total_goal_odds.goal_4 0.000 -> 0.000 (diff=0.000)
2026-04-14 15:54:36 - tczq_data - WARNING - 无法获取原始赔率值: record_id=2, field=goal_5
2026-04-14 15:54:36 - tczq_data - INFO - ✓ 记录赔率变化: tczq_total_goal_odds.goal_5 0.000 -> 0.000 (diff=0.000)
2026-04-14 15:54:36 - tczq_data - WARNING - 无法获取原始赔率值: record_id=2, field=goal_6
2026-04-14 15:54:36 - tczq_data - INFO - ✓ 记录赔率变化: tczq_total_goal_odds.goal_6 0.000 -> 0.000 (diff=0.000)
2026-04-14 15:54:36 - tczq_data - WARNING - 无法获取原始赔率值: record_id=2, field=goal_about
2026-04-14 15:54:36 - tczq_data - INFO - ✓ 记录赔率变化: tczq_total_goal_odds.goal_about 0.000 -> 0.000 (diff=0.000)
2026-04-14 15:54:36 - tczq_data - WARNING - 无法获取原始赔率值: record_id=2, field=half_win_full_win
2026-04-14 15:54:36 - tczq_data - INFO - ✓ 记录赔率变化: tczq_ht_ft_odds.half_win_full_win 0.000 -> 0.000 (diff=0.000)
2026-04-14 15:54:36 - tczq_data - WARNING - 无法获取原始赔率值: record_id=2, field=half_win_full_draw
2026-04-14 15:54:36 - tczq_data - INFO - ✓ 记录赔率变化: tczq_ht_ft_odds.half_win_full_draw 0.000 -> 0.000 (diff=0.000)
2026-04-14 15:54:36 - tczq_data - WARNING - 无法获取原始赔率值: record_id=2, field=half_win_full_lose
2026-04-14 15:54:36 - tczq_data - INFO - ✓ 记录赔率变化: tczq_ht_ft_odds.half_win_full_lose 0.000 -> 0.000 (diff=0.000)
2026-04-14 15:54:36 - tczq_data - WARNING - 无法获取原始赔率值: record_id=2, field=half_draw_full_win
2026-04-14 15:54:36 - tczq_data - INFO - ✓ 记录赔率变化: tczq_ht_ft_odds.half_draw_full_win 0.000 -> 0.000 (diff=0.000)
2026-04-14 15:54:36 - tczq_data - WARNING - 无法获取原始赔率值: record_id=2, field=half_draw_full_lose
2026-04-14 15:54:36 - tczq_data - INFO - ✓ 记录赔率变化: tczq_ht_ft_odds.half_draw_full_lose 0.000 -> 0.000 (diff=0.000)
2026-04-14 15:54:36 - tczq_data - WARNING - 无法获取原始赔率值: record_id=2, field=half_lose_full_win
2026-04-14 15:54:37 - tczq_data - INFO - ✓ 记录赔率变化: tczq_ht_ft_odds.half_lose_full_win 0.000 -> 0.000 (diff=0.000)
2026-04-14 15:54:37 - tczq_data - WARNING - 无法获取原始赔率值: record_id=2, field=half_lose_full_draw
2026-04-14 15:54:37 - tczq_data - INFO - ✓ 记录赔率变化: tczq_ht_ft_odds.half_lose_full_draw 0.000 -> 0.000 (diff=0.000)
2026-04-14 15:54:37 - tczq_data - WARNING - 无法获取原始赔率值: record_id=2, field=half_lose_full_lose
2026-04-14 15:54:37 - tczq_data - INFO - ✓ 记录赔率变化: tczq_ht_ft_odds.half_lose_full_lose 0.000 -> 0.000 (diff=0.000)
2026-04-14 15:54:37 - tczq_data - WARNING - 无法获取原始赔率值: record_id=3, field=goal_0
2026-04-14 15:54:37 - tczq_data - INFO - ✓ 记录赔率变化: tczq_total_goal_odds.goal_0 0.000 -> 0.000 (diff=0.000)
2026-04-14 15:54:37 - tczq_data - WARNING - 无法获取原始赔率值: record_id=3, field=goal_1
2026-04-14 15:54:37 - tczq_data - INFO - ✓ 记录赔率变化: tczq_total_goal_odds.goal_1 0.000 -> 0.000 (diff=0.000)
2026-04-14 15:54:37 - tczq_data - WARNING - 无法获取原始赔率值: record_id=3, field=goal_2
2026-04-14 15:54:37 - tczq_data - INFO - ✓ 记录赔率变化: tczq_total_goal_odds.goal_2 0.000 -> 0.000 (diff=0.000)
2026-04-14 15:54:37 - tczq_data - WARNING - 无法获取原始赔率值: record_id=3, field=goal_3
2026-04-14 15:54:37 - tczq_data - INFO - ✓ 记录赔率变化: tczq_total_goal_odds.goal_3 0.000 -> 0.000 (diff=0.000)
2026-04-14 15:54:37 - tczq_data - WARNING - 无法获取原始赔率值: record_id=3, field=goal_4
2026-04-14 15:54:37 - tczq_data - INFO - ✓ 记录赔率变化: tczq_total_goal_odds.goal_4 0.000 -> 0.000 (diff=0.000)
2026-04-14 15:54:37 - tczq_data - WARNING - 无法获取原始赔率值: record_id=3, field=goal_5
2026-04-14 15:54:37 - tczq_data - INFO - ✓ 记录赔率变化: tczq_total_goal_odds.goal_5 0.000 -> 0.000 (diff=0.000)
2026-04-14 15:54:37 - tczq_data - WARNING - 无法获取原始赔率值: record_id=3, field=goal_6
2026-04-14 15:54:37 - tczq_data - INFO - ✓ 记录赔率变化: tczq_total_goal_odds.goal_6 0.000 -> 0.000 (diff=0.000)
2026-04-14 15:54:37 - tczq_data - WARNING - 无法获取原始赔率值: record_id=3, field=goal_about
2026-04-14 15:54:37 - tczq_data - INFO - ✓ 记录赔率变化: tczq_total_goal_odds.goal_about 0.000 -> 0.000 (diff=0.000)
2026-04-14 15:54:37 - tczq_data - WARNING - 无法获取原始赔率值: record_id=3, field=half_win_full_win
2026-04-14 15:54:37 - tczq_data - INFO - ✓ 记录赔率变化: tczq_ht_ft_odds.half_win_full_win 0.000 -> 0.000 (diff=0.000)
2026-04-14 15:54:37 - tczq_data - WARNING - 无法获取原始赔率值: record_id=3, field=half_win_full_draw
2026-04-14 15:54:37 - tczq_data - INFO - ✓ 记录赔率变化: tczq_ht_ft_odds.half_win_full_draw 0.000 -> 0.000 (diff=0.000)
2026-04-14 15:54:37 - tczq_data - WARNING - 无法获取原始赔率值: record_id=3, field=half_win_full_lose
2026-04-14 15:54:37 - tczq_data - INFO - ✓ 记录赔率变化: tczq_ht_ft_odds.half_win_full_lose 0.000 -> 0.000 (diff=0.000)
2026-04-14 15:54:37 - tczq_data - WARNING - 无法获取原始赔率值: record_id=3, field=half_draw_full_win
2026-04-14 15:54:37 - tczq_data - INFO - ✓ 记录赔率变化: tczq_ht_ft_odds.half_draw_full_win 0.000 -> 0.000 (diff=0.000)
2026-04-14 15:54:37 - tczq_data - WARNING - 无法获取原始赔率值: record_id=3, field=half_draw_full_lose
2026-04-14 15:54:37 - tczq_data - INFO - ✓ 记录赔率变化: tczq_ht_ft_odds.half_draw_full_lose 0.000 -> 0.000 (diff=0.000)
2026-04-14 15:54:37 - tczq_data - WARNING - 无法获取原始赔率值: record_id=3, field=half_lose_full_win
2026-04-14 15:54:37 - tczq_data - INFO - ✓ 记录赔率变化: tczq_ht_ft_odds.half_lose_full_win 0.000 -> 0.000 (diff=0.000)
2026-04-14 15:54:37 - tczq_data - WARNING - 无法获取原始赔率值: record_id=3, field=half_lose_full_draw
2026-04-14 15:54:37 - tczq_data - INFO - ✓ 记录赔率变化: tczq_ht_ft_odds.half_lose_full_draw 0.000 -> 0.000 (diff=0.000)
2026-04-14 15:54:37 - tczq_data - WARNING - 无法获取原始赔率值: record_id=3, field=half_lose_full_lose
2026-04-14 15:54:37 - tczq_data - INFO - ✓ 记录赔率变化: tczq_ht_ft_odds.half_lose_full_lose 0.000 -> 0.000 (diff=0.000)
2026-04-14 15:54:37 - tczq_data - WARNING - 无法获取原始赔率值: record_id=4, field=goal_0
2026-04-14 15:54:37 - tczq_data - INFO - ✓ 记录赔率变化: tczq_total_goal_odds.goal_0 0.000 -> 0.000 (diff=0.000)
2026-04-14 15:54:37 - tczq_data - WARNING - 无法获取原始赔率值: record_id=4, field=goal_1
2026-04-14 15:54:37 - tczq_data - INFO - ✓ 记录赔率变化: tczq_total_goal_odds.goal_1 0.000 -> 0.000 (diff=0.000)
2026-04-14 15:54:37 - tczq_data - WARNING - 无法获取原始赔率值: record_id=4, field=goal_2
2026-04-14 15:54:37 - tczq_data - INFO - ✓ 记录赔率变化: tczq_total_goal_odds.goal_2 0.000 -> 0.000 (diff=0.000)
2026-04-14 15:54:37 - tczq_data - WARNING - 无法获取原始赔率值: record_id=4, field=goal_3
2026-04-14 15:54:37 - tczq_data - INFO - ✓ 记录赔率变化: tczq_total_goal_odds.goal_3 0.000 -> 0.000 (diff=0.000)
2026-04-14 15:54:37 - tczq_data - WARNING - 无法获取原始赔率值: record_id=4, field=goal_4
2026-04-14 15:54:37 - tczq_data - INFO - ✓ 记录赔率变化: tczq_total_goal_odds.goal_4 0.000 -> 0.000 (diff=0.000)
2026-04-14 15:54:37 - tczq_data - WARNING - 无法获取原始赔率值: record_id=4, field=goal_5
2026-04-14 15:54:37 - tczq_data - INFO - ✓ 记录赔率变化: tczq_total_goal_odds.goal_5 0.000 -> 0.000 (diff=0.000)
2026-04-14 15:54:37 - tczq_data - WARNING - 无法获取原始赔率值: record_id=4, field=goal_6
2026-04-14 15:54:37 - tczq_data - INFO - ✓ 记录赔率变化: tczq_total_goal_odds.goal_6 0.000 -> 0.000 (diff=0.000)
2026-04-14 15:54:37 - tczq_data - WARNING - 无法获取原始赔率值: record_id=4, field=goal_about
2026-04-14 15:54:37 - tczq_data - INFO - ✓ 记录赔率变化: tczq_total_goal_odds.goal_about 0.000 -> 0.000 (diff=0.000)
2026-04-14 15:54:37 - tczq_data - WARNING - 无法获取原始赔率值: record_id=4, field=half_win_full_win
2026-04-14 15:54:37 - tczq_data - INFO - ✓ 记录赔率变化: tczq_ht_ft_odds.half_win_full_win 0.000 -> 0.000 (diff=0.000)
2026-04-14 15:54:37 - tczq_data - WARNING - 无法获取原始赔率值: record_id=4, field=half_win_full_draw
2026-04-14 15:54:37 - tczq_data - INFO - ✓ 记录赔率变化: tczq_ht_ft_odds.half_win_full_draw 0.000 -> 0.000 (diff=0.000)
2026-04-14 15:54:37 - tczq_data - WARNING - 无法获取原始赔率值: record_id=4, field=half_win_full_lose
2026-04-14 15:54:37 - tczq_data - INFO - ✓ 记录赔率变化: tczq_ht_ft_odds.half_win_full_lose 0.000 -> 0.000 (diff=0.000)
2026-04-14 15:54:37 - tczq_data - WARNING - 无法获取原始赔率值: record_id=4, field=half_draw_full_win
2026-04-14 15:54:37 - tczq_data - INFO - ✓ 记录赔率变化: tczq_ht_ft_odds.half_draw_full_win 0.000 -> 0.000 (diff=0.000)
2026-04-14 15:54:37 - tczq_data - WARNING - 无法获取原始赔率值: record_id=4, field=half_draw_full_lose
2026-04-14 15:54:37 - tczq_data - INFO - ✓ 记录赔率变化: tczq_ht_ft_odds.half_draw_full_lose 0.000 -> 0.000 (diff=0.000)
2026-04-14 15:54:37 - tczq_data - WARNING - 无法获取原始赔率值: record_id=4, field=half_lose_full_win
2026-04-14 15:54:37 - tczq_data - INFO - ✓ 记录赔率变化: tczq_ht_ft_odds.half_lose_full_win 0.000 -> 0.000 (diff=0.000)
2026-04-14 15:54:37 - tczq_data - WARNING - 无法获取原始赔率值: record_id=4, field=half_lose_full_draw
2026-04-14 15:54:37 - tczq_data - INFO - ✓ 记录赔率变化: tczq_ht_ft_odds.half_lose_full_draw 0.000 -> 0.000 (diff=0.000)
2026-04-14 15:54:37 - tczq_data - WARNING - 无法获取原始赔率值: record_id=4, field=half_lose_full_lose
2026-04-14 15:54:37 - tczq_data - INFO - ✓ 记录赔率变化: tczq_ht_ft_odds.half_lose_full_lose 0.000 -> 0.000 (diff=0.000)
2026-04-14 15:54:37 - tczq_data - WARNING - 无法获取原始赔率值: record_id=5, field=goal_0
2026-04-14 15:54:37 - tczq_data - INFO - ✓ 记录赔率变化: tczq_total_goal_odds.goal_0 0.000 -> 0.000 (diff=0.000)
2026-04-14 15:54:37 - tczq_data - WARNING - 无法获取原始赔率值: record_id=5, field=goal_1
2026-04-14 15:54:38 - tczq_data - INFO - ✓ 记录赔率变化: tczq_total_goal_odds.goal_1 0.000 -> 0.000 (diff=0.000)
2026-04-14 15:54:38 - tczq_data - WARNING - 无法获取原始赔率值: record_id=5, field=goal_2
2026-04-14 15:54:38 - tczq_data - INFO - ✓ 记录赔率变化: tczq_total_goal_odds.goal_2 0.000 -> 0.000 (diff=0.000)
2026-04-14 15:54:38 - tczq_data - WARNING - 无法获取原始赔率值: record_id=5, field=goal_3
2026-04-14 15:54:38 - tczq_data - INFO - ✓ 记录赔率变化: tczq_total_goal_odds.goal_3 0.000 -> 0.000 (diff=0.000)
2026-04-14 15:54:38 - tczq_data - WARNING - 无法获取原始赔率值: record_id=5, field=goal_4
2026-04-14 15:54:38 - tczq_data - INFO - ✓ 记录赔率变化: tczq_total_goal_odds.goal_4 0.000 -> 0.000 (diff=0.000)
2026-04-14 15:54:38 - tczq_data - WARNING - 无法获取原始赔率值: record_id=5, field=goal_5
2026-04-14 15:54:38 - tczq_data - INFO - ✓ 记录赔率变化: tczq_total_goal_odds.goal_5 0.000 -> 0.000 (diff=0.000)
2026-04-14 15:54:38 - tczq_data - WARNING - 无法获取原始赔率值: record_id=5, field=goal_6
2026-04-14 15:54:38 - tczq_data - INFO - ✓ 记录赔率变化: tczq_total_goal_odds.goal_6 0.000 -> 0.000 (diff=0.000)
2026-04-14 15:54:38 - tczq_data - WARNING - 无法获取原始赔率值: record_id=5, field=goal_about
2026-04-14 15:54:38 - tczq_data - INFO - ✓ 记录赔率变化: tczq_total_goal_odds.goal_about 0.000 -> 0.000 (diff=0.000)
2026-04-14 15:54:38 - tczq_data - WARNING - 无法获取原始赔率值: record_id=5, field=half_win_full_win
2026-04-14 15:54:38 - tczq_data - INFO - ✓ 记录赔率变化: tczq_ht_ft_odds.half_win_full_win 0.000 -> 0.000 (diff=0.000)
2026-04-14 15:54:38 - tczq_data - WARNING - 无法获取原始赔率值: record_id=5, field=half_win_full_draw
2026-04-14 15:54:38 - tczq_data - INFO - ✓ 记录赔率变化: tczq_ht_ft_odds.half_win_full_draw 0.000 -> 0.000 (diff=0.000)
2026-04-14 15:54:38 - tczq_data - WARNING - 无法获取原始赔率值: record_id=5, field=half_win_full_lose
2026-04-14 15:54:38 - tczq_data - INFO - ✓ 记录赔率变化: tczq_ht_ft_odds.half_win_full_lose 0.000 -> 0.000 (diff=0.000)
2026-04-14 15:54:38 - tczq_data - WARNING - 无法获取原始赔率值: record_id=5, field=half_draw_full_win
2026-04-14 15:54:38 - tczq_data - INFO - ✓ 记录赔率变化: tczq_ht_ft_odds.half_draw_full_win 0.000 -> 0.000 (diff=0.000)
2026-04-14 15:54:38 - tczq_data - WARNING - 无法获取原始赔率值: record_id=5, field=half_draw_full_lose
2026-04-14 15:54:38 - tczq_data - INFO - ✓ 记录赔率变化: tczq_ht_ft_odds.half_draw_full_lose 0.000 -> 0.000 (diff=0.000)
2026-04-14 15:54:38 - tczq_data - WARNING - 无法获取原始赔率值: record_id=5, field=half_lose_full_win
2026-04-14 15:54:38 - tczq_data - INFO - ✓ 记录赔率变化: tczq_ht_ft_odds.half_lose_full_win 0.000 -> 0.000 (diff=0.000)
2026-04-14 15:54:38 - tczq_data - WARNING - 无法获取原始赔率值: record_id=5, field=half_lose_full_draw
2026-04-14 15:54:38 - tczq_data - INFO - ✓ 记录赔率变化: tczq_ht_ft_odds.half_lose_full_draw 0.000 -> 0.000 (diff=0.000)
2026-04-14 15:54:38 - tczq_data - WARNING - 无法获取原始赔率值: record_id=5, field=half_lose_full_lose
2026-04-14 15:54:38 - tczq_data - INFO - ✓ 记录赔率变化: tczq_ht_ft_odds.half_lose_full_lose 0.000 -> 0.000 (diff=0.000)
2026-04-14 15:54:38 - tczq_data - WARNING - 无法获取原始赔率值: record_id=6, field=goal_0
2026-04-14 15:54:38 - tczq_data - INFO - ✓ 记录赔率变化: tczq_total_goal_odds.goal_0 0.000 -> 0.000 (diff=0.000)
2026-04-14 15:54:38 - tczq_data - WARNING - 无法获取原始赔率值: record_id=6, field=goal_1
2026-04-14 15:54:38 - tczq_data - INFO - ✓ 记录赔率变化: tczq_total_goal_odds.goal_1 0.000 -> 0.000 (diff=0.000)
2026-04-14 15:54:38 - tczq_data - WARNING - 无法获取原始赔率值: record_id=6, field=goal_2
2026-04-14 15:54:38 - tczq_data - INFO - ✓ 记录赔率变化: tczq_total_goal_odds.goal_2 0.000 -> 0.000 (diff=0.000)
2026-04-14 15:54:38 - tczq_data - WARNING - 无法获取原始赔率值: record_id=6, field=goal_3
2026-04-14 15:54:38 - tczq_data - INFO - ✓ 记录赔率变化: tczq_total_goal_odds.goal_3 0.000 -> 0.000 (diff=0.000)
2026-04-14 15:54:38 - tczq_data - WARNING - 无法获取原始赔率值: record_id=6, field=goal_4
2026-04-14 15:54:38 - tczq_data - INFO - ✓ 记录赔率变化: tczq_total_goal_odds.goal_4 0.000 -> 0.000 (diff=0.000)
2026-04-14 15:54:38 - tczq_data - WARNING - 无法获取原始赔率值: record_id=6, field=goal_5
2026-04-14 15:54:38 - tczq_data - INFO - ✓ 记录赔率变化: tczq_total_goal_odds.goal_5 0.000 -> 0.000 (diff=0.000)
2026-04-14 15:54:38 - tczq_data - WARNING - 无法获取原始赔率值: record_id=6, field=goal_6
2026-04-14 15:54:38 - tczq_data - INFO - ✓ 记录赔率变化: tczq_total_goal_odds.goal_6 0.000 -> 0.000 (diff=0.000)
2026-04-14 15:54:38 - tczq_data - WARNING - 无法获取原始赔率值: record_id=6, field=goal_about
2026-04-14 15:54:38 - tczq_data - INFO - ✓ 记录赔率变化: tczq_total_goal_odds.goal_about 0.000 -> 0.000 (diff=0.000)
2026-04-14 15:54:38 - tczq_data - WARNING - 无法获取原始赔率值: record_id=6, field=half_win_full_win
2026-04-14 15:54:38 - tczq_data - INFO - ✓ 记录赔率变化: tczq_ht_ft_odds.half_win_full_win 0.000 -> 0.000 (diff=0.000)
2026-04-14 15:54:38 - tczq_data - WARNING - 无法获取原始赔率值: record_id=6, field=half_win_full_draw
2026-04-14 15:54:38 - tczq_data - INFO - ✓ 记录赔率变化: tczq_ht_ft_odds.half_win_full_draw 0.000 -> 0.000 (diff=0.000)
2026-04-14 15:54:38 - tczq_data - WARNING - 无法获取原始赔率值: record_id=6, field=half_win_full_lose
2026-04-14 15:54:38 - tczq_data - INFO - ✓ 记录赔率变化: tczq_ht_ft_odds.half_win_full_lose 0.000 -> 0.000 (diff=0.000)
2026-04-14 15:54:38 - tczq_data - WARNING - 无法获取原始赔率值: record_id=6, field=half_draw_full_win
2026-04-14 15:54:38 - tczq_data - INFO - ✓ 记录赔率变化: tczq_ht_ft_odds.half_draw_full_win 0.000 -> 0.000 (diff=0.000)
2026-04-14 15:54:38 - tczq_data - WARNING - 无法获取原始赔率值: record_id=6, field=half_draw_full_lose
2026-04-14 15:54:38 - tczq_data - INFO - ✓ 记录赔率变化: tczq_ht_ft_odds.half_draw_full_lose 0.000 -> 0.000 (diff=0.000)
2026-04-14 15:54:38 - tczq_data - WARNING - 无法获取原始赔率值: record_id=6, field=half_lose_full_win
2026-04-14 15:54:38 - tczq_data - INFO - ✓ 记录赔率变化: tczq_ht_ft_odds.half_lose_full_win 0.000 -> 0.000 (diff=0.000)
2026-04-14 15:54:38 - tczq_data - WARNING - 无法获取原始赔率值: record_id=6, field=half_lose_full_draw
2026-04-14 15:54:38 - tczq_data - INFO - ✓ 记录赔率变化: tczq_ht_ft_odds.half_lose_full_draw 0.000 -> 0.000 (diff=0.000)
2026-04-14 15:54:38 - tczq_data - WARNING - 无法获取原始赔率值: record_id=6, field=half_lose_full_lose
2026-04-14 15:54:38 - tczq_data - INFO - ✓ 记录赔率变化: tczq_ht_ft_odds.half_lose_full_lose 0.000 -> 0.000 (diff=0.000)
2026-04-14 15:54:38 - tczq_data - WARNING - 无法获取原始赔率值: record_id=7, field=goal_0
2026-04-14 15:54:38 - tczq_data - INFO - ✓ 记录赔率变化: tczq_total_goal_odds.goal_0 0.000 -> 0.000 (diff=0.000)
2026-04-14 15:54:38 - tczq_data - WARNING - 无法获取原始赔率值: record_id=7, field=goal_1
2026-04-14 15:54:38 - tczq_data - INFO - ✓ 记录赔率变化: tczq_total_goal_odds.goal_1 0.000 -> 0.000 (diff=0.000)
2026-04-14 15:54:38 - tczq_data - WARNING - 无法获取原始赔率值: record_id=7, field=goal_2
2026-04-14 15:54:38 - tczq_data - INFO - ✓ 记录赔率变化: tczq_total_goal_odds.goal_2 0.000 -> 0.000 (diff=0.000)
2026-04-14 15:54:38 - tczq_data - WARNING - 无法获取原始赔率值: record_id=7, field=goal_3
2026-04-14 15:54:38 - tczq_data - INFO - ✓ 记录赔率变化: tczq_total_goal_odds.goal_3 0.000 -> 0.000 (diff=0.000)
2026-04-14 15:54:38 - tczq_data - WARNING - 无法获取原始赔率值: record_id=7, field=goal_4
2026-04-14 15:54:38 - tczq_data - INFO - ✓ 记录赔率变化: tczq_total_goal_odds.goal_4 0.000 -> 0.000 (diff=0.000)
2026-04-14 15:54:38 - tczq_data - WARNING - 无法获取原始赔率值: record_id=7, field=goal_5
2026-04-14 15:54:38 - tczq_data - INFO - ✓ 记录赔率变化: tczq_total_goal_odds.goal_5 0.000 -> 0.000 (diff=0.000)
2026-04-14 15:54:38 - tczq_data - WARNING - 无法获取原始赔率值: record_id=7, field=goal_6
2026-04-14 15:54:38 - tczq_data - INFO - ✓ 记录赔率变化: tczq_total_goal_odds.goal_6 0.000 -> 0.000 (diff=0.000)
2026-04-14 15:54:38 - tczq_data - WARNING - 无法获取原始赔率值: record_id=7, field=goal_about
2026-04-14 15:54:38 - tczq_data - INFO - ✓ 记录赔率变化: tczq_total_goal_odds.goal_about 0.000 -> 0.000 (diff=0.000)
2026-04-14 15:54:38 - tczq_data - WARNING - 无法获取原始赔率值: record_id=7, field=half_win_full_win
2026-04-14 15:54:38 - tczq_data - INFO - ✓ 记录赔率变化: tczq_ht_ft_odds.half_win_full_win 0.000 -> 0.000 (diff=0.000)
2026-04-14 15:54:38 - tczq_data - WARNING - 无法获取原始赔率值: record_id=7, field=half_win_full_draw
2026-04-14 15:54:38 - tczq_data - INFO - ✓ 记录赔率变化: tczq_ht_ft_odds.half_win_full_draw 0.000 -> 0.000 (diff=0.000)
2026-04-14 15:54:38 - tczq_data - WARNING - 无法获取原始赔率值: record_id=7, field=half_win_full_lose
2026-04-14 15:54:38 - tczq_data - INFO - ✓ 记录赔率变化: tczq_ht_ft_odds.half_win_full_lose 0.000 -> 0.000 (diff=0.000)
2026-04-14 15:54:38 - tczq_data - WARNING - 无法获取原始赔率值: record_id=7, field=half_draw_full_win
2026-04-14 15:54:38 - tczq_data - INFO - ✓ 记录赔率变化: tczq_ht_ft_odds.half_draw_full_win 0.000 -> 0.000 (diff=0.000)
2026-04-14 15:54:38 - tczq_data - WARNING - 无法获取原始赔率值: record_id=7, field=half_draw_full_lose
2026-04-14 15:54:38 - tczq_data - INFO - ✓ 记录赔率变化: tczq_ht_ft_odds.half_draw_full_lose 0.000 -> 0.000 (diff=0.000)
2026-04-14 15:54:38 - tczq_data - WARNING - 无法获取原始赔率值: record_id=7, field=half_lose_full_win
2026-04-14 15:54:38 - tczq_data - INFO - ✓ 记录赔率变化: tczq_ht_ft_odds.half_lose_full_win 0.000 -> 0.000 (diff=0.000)
2026-04-14 15:54:38 - tczq_data - WARNING - 无法获取原始赔率值: record_id=7, field=half_lose_full_draw
2026-04-14 15:54:38 - tczq_data - INFO - ✓ 记录赔率变化: tczq_ht_ft_odds.half_lose_full_draw 0.000 -> 0.000 (diff=0.000)
2026-04-14 15:54:38 - tczq_data - WARNING - 无法获取原始赔率值: record_id=7, field=half_lose_full_lose
2026-04-14 15:54:39 - tczq_data - INFO - ✓ 记录赔率变化: tczq_ht_ft_odds.half_lose_full_lose 0.000 -> 0.000 (diff=0.000)
2026-04-14 15:54:39 - tczq_data - WARNING - 无法获取原始赔率值: record_id=8, field=goal_0
2026-04-14 15:54:39 - tczq_data - INFO - ✓ 记录赔率变化: tczq_total_goal_odds.goal_0 0.000 -> 0.000 (diff=0.000)
2026-04-14 15:54:39 - tczq_data - WARNING - 无法获取原始赔率值: record_id=8, field=goal_1
2026-04-14 15:54:39 - tczq_data - INFO - ✓ 记录赔率变化: tczq_total_goal_odds.goal_1 0.000 -> 0.000 (diff=0.000)
2026-04-14 15:54:39 - tczq_data - WARNING - 无法获取原始赔率值: record_id=8, field=goal_2
2026-04-14 15:54:39 - tczq_data - INFO - ✓ 记录赔率变化: tczq_total_goal_odds.goal_2 0.000 -> 0.000 (diff=0.000)
2026-04-14 15:54:39 - tczq_data - WARNING - 无法获取原始赔率值: record_id=8, field=goal_3
2026-04-14 15:54:39 - tczq_data - INFO - ✓ 记录赔率变化: tczq_total_goal_odds.goal_3 0.000 -> 0.000 (diff=0.000)
2026-04-14 15:54:39 - tczq_data - WARNING - 无法获取原始赔率值: record_id=8, field=goal_4
2026-04-14 15:54:39 - tczq_data - INFO - ✓ 记录赔率变化: tczq_total_goal_odds.goal_4 0.000 -> 0.000 (diff=0.000)
2026-04-14 15:54:39 - tczq_data - WARNING - 无法获取原始赔率值: record_id=8, field=goal_5
2026-04-14 15:54:39 - tczq_data - INFO - ✓ 记录赔率变化: tczq_total_goal_odds.goal_5 0.000 -> 0.000 (diff=0.000)
2026-04-14 15:54:39 - tczq_data - WARNING - 无法获取原始赔率值: record_id=8, field=goal_6
2026-04-14 15:54:39 - tczq_data - INFO - ✓ 记录赔率变化: tczq_total_goal_odds.goal_6 0.000 -> 0.000 (diff=0.000)
2026-04-14 15:54:39 - tczq_data - WARNING - 无法获取原始赔率值: record_id=8, field=goal_about
2026-04-14 15:54:39 - tczq_data - INFO - ✓ 记录赔率变化: tczq_total_goal_odds.goal_about 0.000 -> 0.000 (diff=0.000)
2026-04-14 15:54:39 - tczq_data - WARNING - 无法获取原始赔率值: record_id=8, field=half_win_full_win
2026-04-14 15:54:39 - tczq_data - INFO - ✓ 记录赔率变化: tczq_ht_ft_odds.half_win_full_win 0.000 -> 0.000 (diff=0.000)
2026-04-14 15:54:39 - tczq_data - WARNING - 无法获取原始赔率值: record_id=8, field=half_win_full_draw
2026-04-14 15:54:39 - tczq_data - INFO - ✓ 记录赔率变化: tczq_ht_ft_odds.half_win_full_draw 0.000 -> 0.000 (diff=0.000)
2026-04-14 15:54:39 - tczq_data - WARNING - 无法获取原始赔率值: record_id=8, field=half_win_full_lose
2026-04-14 15:54:39 - tczq_data - INFO - ✓ 记录赔率变化: tczq_ht_ft_odds.half_win_full_lose 0.000 -> 0.000 (diff=0.000)
2026-04-14 15:54:39 - tczq_data - WARNING - 无法获取原始赔率值: record_id=8, field=half_draw_full_win
2026-04-14 15:54:39 - tczq_data - INFO - ✓ 记录赔率变化: tczq_ht_ft_odds.half_draw_full_win 0.000 -> 0.000 (diff=0.000)
2026-04-14 15:54:39 - tczq_data - WARNING - 无法获取原始赔率值: record_id=8, field=half_draw_full_lose
2026-04-14 15:54:39 - tczq_data - INFO - ✓ 记录赔率变化: tczq_ht_ft_odds.half_draw_full_lose 0.000 -> 0.000 (diff=0.000)
2026-04-14 15:54:39 - tczq_data - WARNING - 无法获取原始赔率值: record_id=8, field=half_lose_full_win
2026-04-14 15:54:39 - tczq_data - INFO - ✓ 记录赔率变化: tczq_ht_ft_odds.half_lose_full_win 0.000 -> 0.000 (diff=0.000)
2026-04-14 15:54:39 - tczq_data - WARNING - 无法获取原始赔率值: record_id=8, field=half_lose_full_draw
2026-04-14 15:54:39 - tczq_data - INFO - ✓ 记录赔率变化: tczq_ht_ft_odds.half_lose_full_draw 0.000 -> 0.000 (diff=0.000)
2026-04-14 15:54:39 - tczq_data - WARNING - 无法获取原始赔率值: record_id=8, field=half_lose_full_lose
2026-04-14 15:54:39 - tczq_data - INFO - ✓ 记录赔率变化: tczq_ht_ft_odds.half_lose_full_lose 0.000 -> 0.000 (diff=0.000)
2026-04-14 15:54:39 - tczq_data - WARNING - 无法获取原始赔率值: record_id=9, field=goal_0
2026-04-14 15:54:39 - tczq_data - INFO - ✓ 记录赔率变化: tczq_total_goal_odds.goal_0 0.000 -> 0.000 (diff=0.000)
2026-04-14 15:54:39 - tczq_data - WARNING - 无法获取原始赔率值: record_id=9, field=goal_1
2026-04-14 15:54:39 - tczq_data - INFO - ✓ 记录赔率变化: tczq_total_goal_odds.goal_1 0.000 -> 0.000 (diff=0.000)
2026-04-14 15:54:39 - tczq_data - WARNING - 无法获取原始赔率值: record_id=9, field=goal_2
2026-04-14 15:54:39 - tczq_data - INFO - ✓ 记录赔率变化: tczq_total_goal_odds.goal_2 0.000 -> 0.000 (diff=0.000)
2026-04-14 15:54:39 - tczq_data - WARNING - 无法获取原始赔率值: record_id=9, field=goal_3
2026-04-14 15:54:39 - tczq_data - INFO - ✓ 记录赔率变化: tczq_total_goal_odds.goal_3 0.000 -> 0.000 (diff=0.000)
2026-04-14 15:54:39 - tczq_data - WARNING - 无法获取原始赔率值: record_id=9, field=goal_4
2026-04-14 15:54:39 - tczq_data - INFO - ✓ 记录赔率变化: tczq_total_goal_odds.goal_4 0.000 -> 0.000 (diff=0.000)
2026-04-14 15:54:39 - tczq_data - WARNING - 无法获取原始赔率值: record_id=9, field=goal_5
2026-04-14 15:54:39 - tczq_data - INFO - ✓ 记录赔率变化: tczq_total_goal_odds.goal_5 0.000 -> 0.000 (diff=0.000)
2026-04-14 15:54:39 - tczq_data - WARNING - 无法获取原始赔率值: record_id=9, field=goal_6
2026-04-14 15:54:39 - tczq_data - INFO - ✓ 记录赔率变化: tczq_total_goal_odds.goal_6 0.000 -> 0.000 (diff=0.000)
2026-04-14 15:54:39 - tczq_data - WARNING - 无法获取原始赔率值: record_id=9, field=goal_about
2026-04-14 15:54:39 - tczq_data - INFO - ✓ 记录赔率变化: tczq_total_goal_odds.goal_about 0.000 -> 0.000 (diff=0.000)
2026-04-14 15:54:39 - tczq_data - WARNING - 无法获取原始赔率值: record_id=9, field=half_win_full_win
2026-04-14 15:54:39 - tczq_data - INFO - ✓ 记录赔率变化: tczq_ht_ft_odds.half_win_full_win 0.000 -> 0.000 (diff=0.000)
2026-04-14 15:54:39 - tczq_data - WARNING - 无法获取原始赔率值: record_id=9, field=half_win_full_draw
2026-04-14 15:54:39 - tczq_data - INFO - ✓ 记录赔率变化: tczq_ht_ft_odds.half_win_full_draw 0.000 -> 0.000 (diff=0.000)
2026-04-14 15:54:39 - tczq_data - WARNING - 无法获取原始赔率值: record_id=9, field=half_win_full_lose
2026-04-14 15:54:39 - tczq_data - INFO - ✓ 记录赔率变化: tczq_ht_ft_odds.half_win_full_lose 0.000 -> 0.000 (diff=0.000)
2026-04-14 15:54:39 - tczq_data - WARNING - 无法获取原始赔率值: record_id=9, field=half_draw_full_win
2026-04-14 15:54:39 - tczq_data - INFO - ✓ 记录赔率变化: tczq_ht_ft_odds.half_draw_full_win 0.000 -> 0.000 (diff=0.000)
2026-04-14 15:54:39 - tczq_data - WARNING - 无法获取原始赔率值: record_id=9, field=half_draw_full_lose
2026-04-14 15:54:39 - tczq_data - INFO - ✓ 记录赔率变化: tczq_ht_ft_odds.half_draw_full_lose 0.000 -> 0.000 (diff=0.000)
2026-04-14 15:54:39 - tczq_data - WARNING - 无法获取原始赔率值: record_id=9, field=half_lose_full_win
2026-04-14 15:54:39 - tczq_data - INFO - ✓ 记录赔率变化: tczq_ht_ft_odds.half_lose_full_win 0.000 -> 0.000 (diff=0.000)
2026-04-14 15:54:39 - tczq_data - WARNING - 无法获取原始赔率值: record_id=9, field=half_lose_full_draw
2026-04-14 15:54:39 - tczq_data - INFO - ✓ 记录赔率变化: tczq_ht_ft_odds.half_lose_full_draw 0.000 -> 0.000 (diff=0.000)
2026-04-14 15:54:39 - tczq_data - WARNING - 无法获取原始赔率值: record_id=9, field=half_lose_full_lose
2026-04-14 15:54:39 - tczq_data - INFO - ✓ 记录赔率变化: tczq_ht_ft_odds.half_lose_full_lose 0.000 -> 0.000 (diff=0.000)
2026-04-14 15:54:39 - tczq_data - WARNING - 无法获取原始赔率值: record_id=10, field=goal_0
2026-04-14 15:54:39 - tczq_data - INFO - ✓ 记录赔率变化: tczq_total_goal_odds.goal_0 0.000 -> 0.000 (diff=0.000)
2026-04-14 15:54:39 - tczq_data - WARNING - 无法获取原始赔率值: record_id=10, field=goal_1
2026-04-14 15:54:39 - tczq_data - INFO - ✓ 记录赔率变化: tczq_total_goal_odds.goal_1 0.000 -> 0.000 (diff=0.000)
2026-04-14 15:54:39 - tczq_data - WARNING - 无法获取原始赔率值: record_id=10, field=goal_2
2026-04-14 15:54:39 - tczq_data - INFO - ✓ 记录赔率变化: tczq_total_goal_odds.goal_2 0.000 -> 0.000 (diff=0.000)
2026-04-14 15:54:39 - tczq_data - WARNING - 无法获取原始赔率值: record_id=10, field=goal_3
2026-04-14 15:54:39 - tczq_data - INFO - ✓ 记录赔率变化: tczq_total_goal_odds.goal_3 0.000 -> 0.000 (diff=0.000)
2026-04-14 15:54:39 - tczq_data - WARNING - 无法获取原始赔率值: record_id=10, field=goal_4
2026-04-14 15:54:39 - tczq_data - INFO - ✓ 记录赔率变化: tczq_total_goal_odds.goal_4 0.000 -> 0.000 (diff=0.000)
2026-04-14 15:54:39 - tczq_data - WARNING - 无法获取原始赔率值: record_id=10, field=goal_5
2026-04-14 15:54:39 - tczq_data - INFO - ✓ 记录赔率变化: tczq_total_goal_odds.goal_5 0.000 -> 0.000 (diff=0.000)
2026-04-14 15:54:39 - tczq_data - WARNING - 无法获取原始赔率值: record_id=10, field=goal_6
2026-04-14 15:54:39 - tczq_data - INFO - ✓ 记录赔率变化: tczq_total_goal_odds.goal_6 0.000 -> 0.000 (diff=0.000)
2026-04-14 15:54:39 - tczq_data - WARNING - 无法获取原始赔率值: record_id=10, field=goal_about
2026-04-14 15:54:39 - tczq_data - INFO - ✓ 记录赔率变化: tczq_total_goal_odds.goal_about 0.000 -> 0.000 (diff=0.000)
2026-04-14 15:54:39 - tczq_data - WARNING - 无法获取原始赔率值: record_id=10, field=half_win_full_win
2026-04-14 15:54:39 - tczq_data - INFO - ✓ 记录赔率变化: tczq_ht_ft_odds.half_win_full_win 0.000 -> 0.000 (diff=0.000)
2026-04-14 15:54:39 - tczq_data - WARNING - 无法获取原始赔率值: record_id=10, field=half_win_full_draw
2026-04-14 15:54:39 - tczq_data - INFO - ✓ 记录赔率变化: tczq_ht_ft_odds.half_win_full_draw 0.000 -> 0.000 (diff=0.000)
2026-04-14 15:54:39 - tczq_data - WARNING - 无法获取原始赔率值: record_id=10, field=half_win_full_lose
2026-04-14 15:54:39 - tczq_data - INFO - ✓ 记录赔率变化: tczq_ht_ft_odds.half_win_full_lose 0.000 -> 0.000 (diff=0.000)
2026-04-14 15:54:39 - tczq_data - WARNING - 无法获取原始赔率值: record_id=10, field=half_draw_full_win
2026-04-14 15:54:39 - tczq_data - INFO - ✓ 记录赔率变化: tczq_ht_ft_odds.half_draw_full_win 0.000 -> 0.000 (diff=0.000)
2026-04-14 15:54:39 - tczq_data - WARNING - 无法获取原始赔率值: record_id=10, field=half_draw_full_lose
2026-04-14 15:54:40 - tczq_data - INFO - ✓ 记录赔率变化: tczq_ht_ft_odds.half_draw_full_lose 0.000 -> 0.000 (diff=0.000)
2026-04-14 15:54:40 - tczq_data - WARNING - 无法获取原始赔率值: record_id=10, field=half_lose_full_win
2026-04-14 15:54:40 - tczq_data - INFO - ✓ 记录赔率变化: tczq_ht_ft_odds.half_lose_full_win 0.000 -> 0.000 (diff=0.000)
2026-04-14 15:54:40 - tczq_data - WARNING - 无法获取原始赔率值: record_id=10, field=half_lose_full_draw
2026-04-14 15:54:40 - tczq_data - INFO - ✓ 记录赔率变化: tczq_ht_ft_odds.half_lose_full_draw 0.000 -> 0.000 (diff=0.000)
2026-04-14 15:54:40 - tczq_data - WARNING - 无法获取原始赔率值: record_id=10, field=half_lose_full_lose
2026-04-14 15:54:40 - tczq_data - INFO - ✓ 记录赔率变化: tczq_ht_ft_odds.half_lose_full_lose 0.000 -> 0.000 (diff=0.000)
2026-04-14 15:54:40 - tczq_data - WARNING - 无法获取原始赔率值: record_id=11, field=goal_0
2026-04-14 15:54:40 - tczq_data - INFO - ✓ 记录赔率变化: tczq_total_goal_odds.goal_0 0.000 -> 0.000 (diff=0.000)
2026-04-14 15:54:40 - tczq_data - WARNING - 无法获取原始赔率值: record_id=11, field=goal_1
2026-04-14 15:54:40 - tczq_data - INFO - ✓ 记录赔率变化: tczq_total_goal_odds.goal_1 0.000 -> 0.000 (diff=0.000)
2026-04-14 15:54:40 - tczq_data - WARNING - 无法获取原始赔率值: record_id=11, field=goal_2
2026-04-14 15:54:40 - tczq_data - INFO - ✓ 记录赔率变化: tczq_total_goal_odds.goal_2 0.000 -> 0.000 (diff=0.000)
2026-04-14 15:54:40 - tczq_data - WARNING - 无法获取原始赔率值: record_id=11, field=goal_3
2026-04-14 15:54:40 - tczq_data - INFO - ✓ 记录赔率变化: tczq_total_goal_odds.goal_3 0.000 -> 0.000 (diff=0.000)
2026-04-14 15:54:40 - tczq_data - WARNING - 无法获取原始赔率值: record_id=11, field=goal_4
2026-04-14 15:54:40 - tczq_data - INFO - ✓ 记录赔率变化: tczq_total_goal_odds.goal_4 0.000 -> 0.000 (diff=0.000)
2026-04-14 15:54:40 - tczq_data - WARNING - 无法获取原始赔率值: record_id=11, field=goal_5
2026-04-14 15:54:40 - tczq_data - INFO - ✓ 记录赔率变化: tczq_total_goal_odds.goal_5 0.000 -> 0.000 (diff=0.000)
2026-04-14 15:54:40 - tczq_data - WARNING - 无法获取原始赔率值: record_id=11, field=goal_6
2026-04-14 15:54:40 - tczq_data - INFO - ✓ 记录赔率变化: tczq_total_goal_odds.goal_6 0.000 -> 0.000 (diff=0.000)
2026-04-14 15:54:40 - tczq_data - WARNING - 无法获取原始赔率值: record_id=11, field=goal_about
2026-04-14 15:54:40 - tczq_data - INFO - ✓ 记录赔率变化: tczq_total_goal_odds.goal_about 0.000 -> 0.000 (diff=0.000)
2026-04-14 15:54:40 - tczq_data - WARNING - 无法获取原始赔率值: record_id=11, field=half_win_full_win
2026-04-14 15:54:40 - tczq_data - INFO - ✓ 记录赔率变化: tczq_ht_ft_odds.half_win_full_win 0.000 -> 0.000 (diff=0.000)
2026-04-14 15:54:40 - tczq_data - WARNING - 无法获取原始赔率值: record_id=11, field=half_win_full_draw
2026-04-14 15:54:40 - tczq_data - INFO - ✓ 记录赔率变化: tczq_ht_ft_odds.half_win_full_draw 0.000 -> 0.000 (diff=0.000)
2026-04-14 15:54:40 - tczq_data - WARNING - 无法获取原始赔率值: record_id=11, field=half_win_full_lose
2026-04-14 15:54:40 - tczq_data - INFO - ✓ 记录赔率变化: tczq_ht_ft_odds.half_win_full_lose 0.000 -> 0.000 (diff=0.000)
2026-04-14 15:54:40 - tczq_data - WARNING - 无法获取原始赔率值: record_id=11, field=half_draw_full_win
2026-04-14 15:54:40 - tczq_data - INFO - ✓ 记录赔率变化: tczq_ht_ft_odds.half_draw_full_win 0.000 -> 0.000 (diff=0.000)
2026-04-14 15:54:40 - tczq_data - WARNING - 无法获取原始赔率值: record_id=11, field=half_draw_full_lose
2026-04-14 15:54:40 - tczq_data - INFO - ✓ 记录赔率变化: tczq_ht_ft_odds.half_draw_full_lose 0.000 -> 0.000 (diff=0.000)
2026-04-14 15:54:40 - tczq_data - WARNING - 无法获取原始赔率值: record_id=11, field=half_lose_full_win
2026-04-14 15:54:40 - tczq_data - INFO - ✓ 记录赔率变化: tczq_ht_ft_odds.half_lose_full_win 0.000 -> 0.000 (diff=0.000)
2026-04-14 15:54:40 - tczq_data - WARNING - 无法获取原始赔率值: record_id=11, field=half_lose_full_draw
2026-04-14 15:54:40 - tczq_data - INFO - ✓ 记录赔率变化: tczq_ht_ft_odds.half_lose_full_draw 0.000 -> 0.000 (diff=0.000)
2026-04-14 15:54:40 - tczq_data - WARNING - 无法获取原始赔率值: record_id=11, field=half_lose_full_lose
2026-04-14 15:54:40 - tczq_data - INFO - ✓ 记录赔率变化: tczq_ht_ft_odds.half_lose_full_lose 0.000 -> 0.000 (diff=0.000)
2026-04-14 15:54:40 - tczq_data - WARNING - 无法获取原始赔率值: record_id=12, field=goal_0
2026-04-14 15:54:40 - tczq_data - INFO - ✓ 记录赔率变化: tczq_total_goal_odds.goal_0 0.000 -> 0.000 (diff=0.000)
2026-04-14 15:54:40 - tczq_data - WARNING - 无法获取原始赔率值: record_id=12, field=goal_1
2026-04-14 15:54:40 - tczq_data - INFO - ✓ 记录赔率变化: tczq_total_goal_odds.goal_1 0.000 -> 0.000 (diff=0.000)
2026-04-14 15:54:40 - tczq_data - WARNING - 无法获取原始赔率值: record_id=12, field=goal_2
2026-04-14 15:54:40 - tczq_data - INFO - ✓ 记录赔率变化: tczq_total_goal_odds.goal_2 0.000 -> 0.000 (diff=0.000)
2026-04-14 15:54:40 - tczq_data - WARNING - 无法获取原始赔率值: record_id=12, field=goal_3
2026-04-14 15:54:40 - tczq_data - INFO - ✓ 记录赔率变化: tczq_total_goal_odds.goal_3 0.000 -> 0.000 (diff=0.000)
2026-04-14 15:54:40 - tczq_data - WARNING - 无法获取原始赔率值: record_id=12, field=goal_4
2026-04-14 15:54:40 - tczq_data - INFO - ✓ 记录赔率变化: tczq_total_goal_odds.goal_4 0.000 -> 0.000 (diff=0.000)
2026-04-14 15:54:40 - tczq_data - WARNING - 无法获取原始赔率值: record_id=12, field=goal_5
2026-04-14 15:54:40 - tczq_data - INFO - ✓ 记录赔率变化: tczq_total_goal_odds.goal_5 0.000 -> 0.000 (diff=0.000)
2026-04-14 15:54:40 - tczq_data - WARNING - 无法获取原始赔率值: record_id=12, field=goal_6
2026-04-14 15:54:40 - tczq_data - INFO - ✓ 记录赔率变化: tczq_total_goal_odds.goal_6 0.000 -> 0.000 (diff=0.000)
2026-04-14 15:54:40 - tczq_data - WARNING - 无法获取原始赔率值: record_id=12, field=goal_about
2026-04-14 15:54:40 - tczq_data - INFO - ✓ 记录赔率变化: tczq_total_goal_odds.goal_about 0.000 -> 0.000 (diff=0.000)
2026-04-14 15:54:40 - tczq_data - WARNING - 无法获取原始赔率值: record_id=12, field=half_win_full_win
2026-04-14 15:54:40 - tczq_data - INFO - ✓ 记录赔率变化: tczq_ht_ft_odds.half_win_full_win 0.000 -> 0.000 (diff=0.000)
2026-04-14 15:54:40 - tczq_data - WARNING - 无法获取原始赔率值: record_id=12, field=half_win_full_draw
2026-04-14 15:54:40 - tczq_data - INFO - ✓ 记录赔率变化: tczq_ht_ft_odds.half_win_full_draw 0.000 -> 0.000 (diff=0.000)
2026-04-14 15:54:40 - tczq_data - WARNING - 无法获取原始赔率值: record_id=12, field=half_win_full_lose
2026-04-14 15:54:40 - tczq_data - INFO - ✓ 记录赔率变化: tczq_ht_ft_odds.half_win_full_lose 0.000 -> 0.000 (diff=0.000)
2026-04-14 15:54:40 - tczq_data - WARNING - 无法获取原始赔率值: record_id=12, field=half_draw_full_win
2026-04-14 15:54:40 - tczq_data - INFO - ✓ 记录赔率变化: tczq_ht_ft_odds.half_draw_full_win 0.000 -> 0.000 (diff=0.000)
2026-04-14 15:54:40 - tczq_data - WARNING - 无法获取原始赔率值: record_id=12, field=half_draw_full_lose
2026-04-14 15:54:40 - tczq_data - INFO - ✓ 记录赔率变化: tczq_ht_ft_odds.half_draw_full_lose 0.000 -> 0.000 (diff=0.000)
2026-04-14 15:54:40 - tczq_data - WARNING - 无法获取原始赔率值: record_id=12, field=half_lose_full_win
2026-04-14 15:54:40 - tczq_data - INFO - ✓ 记录赔率变化: tczq_ht_ft_odds.half_lose_full_win 0.000 -> 0.000 (diff=0.000)
2026-04-14 15:54:40 - tczq_data - WARNING - 无法获取原始赔率值: record_id=12, field=half_lose_full_draw
2026-04-14 15:54:40 - tczq_data - INFO - ✓ 记录赔率变化: tczq_ht_ft_odds.half_lose_full_draw 0.000 -> 0.000 (diff=0.000)
2026-04-14 15:54:40 - tczq_data - WARNING - 无法获取原始赔率值: record_id=12, field=half_lose_full_lose
2026-04-14 15:54:40 - tczq_data - INFO - ✓ 记录赔率变化: tczq_ht_ft_odds.half_lose_full_lose 0.000 -> 0.000 (diff=0.000)
2026-04-14 15:54:40 - tczq_data - INFO - 赔率数据处理完成
2026-04-14 16:00:08 - tczq_data - INFO - 开始获取当前比赛数据（带赔率）...
2026-04-14 16:00:09 - tczq_data - INFO - 共获取 12 场比赛
2026-04-14 16:00:09 - tczq_data - INFO - 成功保存 12 条比赛记录
2026-04-14 16:00:09 - tczq_data - INFO - 开始处理 12 条赔率数据
2026-04-14 16:00:10 - tczq_data - INFO - 赔率数据处理完成
2026-04-14 16:02:29 - tczq_data - INFO - 开始获取当前比赛数据（带赔率）...
2026-04-14 16:02:29 - tczq_data - INFO - 共获取 12 场比赛
2026-04-14 16:02:29 - tczq_data - INFO - 成功保存 12 条比赛记录
2026-04-14 16:02:29 - tczq_data - ERROR - 获取比赛数据异常：'mydb' object has no attribute 'commit'
2026-04-14 16:02:29 - tczq_data - ERROR - Traceback (most recent call last):
  File "E:\my_prog\zqgetdata\app\crawler\tczq.py", line 369, in get_current_matches
    localdb.commit()  # 提交事务
    ^^^^^^^^^^^^^^
AttributeError: 'mydb' object has no attribute 'commit'

2026-04-14 16:03:38 - tczq_data - WARNING - 无法获取原始赔率值: record_id=1, field=h1
2026-04-14 16:03:38 - tczq_data - WARNING - 无法获取原始赔率值: record_id=1, field=h2
2026-04-14 16:03:38 - tczq_data - WARNING - 无法获取原始赔率值: record_id=1, field=h3
2026-04-14 16:03:39 - tczq_data - WARNING - 无法获取原始赔率值: record_id=1, field=h4
2026-04-14 16:03:39 - tczq_data - WARNING - 无法获取原始赔率值: record_id=1, field=h5
2026-04-14 16:03:39 - tczq_data - WARNING - 无法获取原始赔率值: record_id=1, field=h6
2026-04-14 16:03:39 - tczq_data - WARNING - 无法获取原始赔率值: record_id=1, field=a1
2026-04-14 16:03:39 - tczq_data - WARNING - 无法获取原始赔率值: record_id=1, field=a2
2026-04-14 16:03:39 - tczq_data - WARNING - 无法获取原始赔率值: record_id=1, field=a3
2026-04-14 16:03:39 - tczq_data - WARNING - 无法获取原始赔率值: record_id=1, field=a4
2026-04-14 16:03:39 - tczq_data - WARNING - 无法获取原始赔率值: record_id=1, field=a5
2026-04-14 16:03:39 - tczq_data - WARNING - 无法获取原始赔率值: record_id=1, field=a6
2026-04-14 16:03:39 - tczq_data - WARNING - 无法获取原始赔率值: record_id=2, field=h1
2026-04-14 16:03:39 - tczq_data - WARNING - 无法获取原始赔率值: record_id=2, field=h2
2026-04-14 16:03:39 - tczq_data - WARNING - 无法获取原始赔率值: record_id=2, field=h3
2026-04-14 16:03:39 - tczq_data - WARNING - 无法获取原始赔率值: record_id=2, field=h4
2026-04-14 16:03:39 - tczq_data - WARNING - 无法获取原始赔率值: record_id=2, field=h5
2026-04-14 16:03:39 - tczq_data - WARNING - 无法获取原始赔率值: record_id=2, field=h6
2026-04-14 16:03:39 - tczq_data - WARNING - 无法获取原始赔率值: record_id=2, field=a1
2026-04-14 16:03:39 - tczq_data - WARNING - 无法获取原始赔率值: record_id=2, field=a2
2026-04-14 16:03:39 - tczq_data - WARNING - 无法获取原始赔率值: record_id=2, field=a3
2026-04-14 16:03:39 - tczq_data - WARNING - 无法获取原始赔率值: record_id=2, field=a4
2026-04-14 16:03:39 - tczq_data - WARNING - 无法获取原始赔率值: record_id=2, field=a5
2026-04-14 16:03:39 - tczq_data - WARNING - 无法获取原始赔率值: record_id=2, field=a6
2026-04-14 16:03:39 - tczq_data - WARNING - 无法获取原始赔率值: record_id=3, field=h1
2026-04-14 16:03:39 - tczq_data - WARNING - 无法获取原始赔率值: record_id=3, field=h2
2026-04-14 16:03:39 - tczq_data - WARNING - 无法获取原始赔率值: record_id=3, field=h3
2026-04-14 16:03:39 - tczq_data - WARNING - 无法获取原始赔率值: record_id=3, field=h4
2026-04-14 16:03:39 - tczq_data - WARNING - 无法获取原始赔率值: record_id=3, field=h5
2026-04-14 16:03:39 - tczq_data - WARNING - 无法获取原始赔率值: record_id=3, field=h6
2026-04-14 16:03:39 - tczq_data - WARNING - 无法获取原始赔率值: record_id=3, field=a1
2026-04-14 16:03:39 - tczq_data - WARNING - 无法获取原始赔率值: record_id=3, field=a2
2026-04-14 16:03:39 - tczq_data - WARNING - 无法获取原始赔率值: record_id=3, field=a3
2026-04-14 16:03:39 - tczq_data - WARNING - 无法获取原始赔率值: record_id=3, field=a4
2026-04-14 16:03:39 - tczq_data - WARNING - 无法获取原始赔率值: record_id=3, field=a5
2026-04-14 16:03:39 - tczq_data - WARNING - 无法获取原始赔率值: record_id=3, field=a6
2026-04-14 16:03:39 - tczq_data - WARNING - 无法获取原始赔率值: record_id=4, field=h1
2026-04-14 16:03:39 - tczq_data - WARNING - 无法获取原始赔率值: record_id=4, field=h2
2026-04-14 16:03:39 - tczq_data - WARNING - 无法获取原始赔率值: record_id=4, field=h3
2026-04-14 16:03:39 - tczq_data - WARNING - 无法获取原始赔率值: record_id=4, field=h4
2026-04-14 16:03:39 - tczq_data - WARNING - 无法获取原始赔率值: record_id=4, field=h5
2026-04-14 16:03:39 - tczq_data - WARNING - 无法获取原始赔率值: record_id=4, field=h6
2026-04-14 16:03:39 - tczq_data - WARNING - 无法获取原始赔率值: record_id=4, field=a1
2026-04-14 16:03:39 - tczq_data - WARNING - 无法获取原始赔率值: record_id=4, field=a2
2026-04-14 16:03:39 - tczq_data - WARNING - 无法获取原始赔率值: record_id=4, field=a3
2026-04-14 16:03:39 - tczq_data - WARNING - 无法获取原始赔率值: record_id=4, field=a4
2026-04-14 16:03:39 - tczq_data - WARNING - 无法获取原始赔率值: record_id=4, field=a5
2026-04-14 16:03:39 - tczq_data - WARNING - 无法获取原始赔率值: record_id=4, field=a6
2026-04-14 16:03:42 - tczq_data - INFO - 开始获取当前比赛数据（带赔率）...
2026-04-14 16:03:42 - tczq_data - INFO - 共获取 12 场比赛
2026-04-14 16:03:43 - tczq_data - INFO - 成功保存 12 条比赛记录
2026-04-14 16:03:43 - tczq_data - INFO - 开始处理 12 条赔率数据
2026-04-14 16:03:43 - tczq_data - WARNING - 无法获取原始赔率值: record_id=1, field=goal_0
2026-04-14 16:03:43 - tczq_data - INFO - ✓ 记录赔率变化: tczq_total_goal_odds.goal_0 0.000 -> 0.000 (diff=0.000)
2026-04-14 16:03:43 - tczq_data - WARNING - 无法获取原始赔率值: record_id=1, field=goal_1
2026-04-14 16:03:43 - tczq_data - INFO - ✓ 记录赔率变化: tczq_total_goal_odds.goal_1 0.000 -> 0.000 (diff=0.000)
2026-04-14 16:03:43 - tczq_data - WARNING - 无法获取原始赔率值: record_id=1, field=goal_2
2026-04-14 16:03:43 - tczq_data - INFO - ✓ 记录赔率变化: tczq_total_goal_odds.goal_2 0.000 -> 0.000 (diff=0.000)
2026-04-14 16:03:43 - tczq_data - WARNING - 无法获取原始赔率值: record_id=1, field=goal_3
2026-04-14 16:03:43 - tczq_data - INFO - ✓ 记录赔率变化: tczq_total_goal_odds.goal_3 0.000 -> 0.000 (diff=0.000)
2026-04-14 16:03:43 - tczq_data - WARNING - 无法获取原始赔率值: record_id=1, field=goal_4
2026-04-14 16:03:43 - tczq_data - INFO - ✓ 记录赔率变化: tczq_total_goal_odds.goal_4 0.000 -> 0.000 (diff=0.000)
2026-04-14 16:03:43 - tczq_data - WARNING - 无法获取原始赔率值: record_id=1, field=goal_5
2026-04-14 16:03:43 - tczq_data - INFO - ✓ 记录赔率变化: tczq_total_goal_odds.goal_5 0.000 -> 0.000 (diff=0.000)
2026-04-14 16:03:43 - tczq_data - WARNING - 无法获取原始赔率值: record_id=1, field=goal_6
2026-04-14 16:03:43 - tczq_data - INFO - ✓ 记录赔率变化: tczq_total_goal_odds.goal_6 0.000 -> 0.000 (diff=0.000)
2026-04-14 16:03:43 - tczq_data - WARNING - 无法获取原始赔率值: record_id=1, field=goal_about
2026-04-14 16:03:43 - tczq_data - INFO - ✓ 记录赔率变化: tczq_total_goal_odds.goal_about 0.000 -> 0.000 (diff=0.000)
2026-04-14 16:03:43 - tczq_data - WARNING - 无法获取原始赔率值: record_id=1, field=half_win_full_win
2026-04-14 16:03:43 - tczq_data - INFO - ✓ 记录赔率变化: tczq_ht_ft_odds.half_win_full_win 0.000 -> 0.000 (diff=0.000)
2026-04-14 16:03:43 - tczq_data - WARNING - 无法获取原始赔率值: record_id=1, field=half_win_full_draw
2026-04-14 16:03:43 - tczq_data - INFO - ✓ 记录赔率变化: tczq_ht_ft_odds.half_win_full_draw 0.000 -> 0.000 (diff=0.000)
2026-04-14 16:03:43 - tczq_data - WARNING - 无法获取原始赔率值: record_id=1, field=half_win_full_lose
2026-04-14 16:03:43 - tczq_data - INFO - ✓ 记录赔率变化: tczq_ht_ft_odds.half_win_full_lose 0.000 -> 0.000 (diff=0.000)
2026-04-14 16:03:43 - tczq_data - WARNING - 无法获取原始赔率值: record_id=1, field=half_draw_full_win
2026-04-14 16:03:43 - tczq_data - INFO - ✓ 记录赔率变化: tczq_ht_ft_odds.half_draw_full_win 0.000 -> 0.000 (diff=0.000)
2026-04-14 16:03:43 - tczq_data - WARNING - 无法获取原始赔率值: record_id=1, field=half_draw_full_lose
2026-04-14 16:03:43 - tczq_data - INFO - ✓ 记录赔率变化: tczq_ht_ft_odds.half_draw_full_lose 0.000 -> 0.000 (diff=0.000)
2026-04-14 16:03:43 - tczq_data - WARNING - 无法获取原始赔率值: record_id=1, field=half_lose_full_win
2026-04-14 16:03:43 - tczq_data - INFO - ✓ 记录赔率变化: tczq_ht_ft_odds.half_lose_full_win 0.000 -> 0.000 (diff=0.000)
2026-04-14 16:03:43 - tczq_data - WARNING - 无法获取原始赔率值: record_id=1, field=half_lose_full_draw
2026-04-14 16:03:43 - tczq_data - INFO - ✓ 记录赔率变化: tczq_ht_ft_odds.half_lose_full_draw 0.000 -> 0.000 (diff=0.000)
2026-04-14 16:03:43 - tczq_data - WARNING - 无法获取原始赔率值: record_id=1, field=half_lose_full_lose
2026-04-14 16:03:43 - tczq_data - INFO - ✓ 记录赔率变化: tczq_ht_ft_odds.half_lose_full_lose 0.000 -> 0.000 (diff=0.000)
2026-04-14 16:03:43 - tczq_data - WARNING - 无法获取原始赔率值: record_id=2, field=goal_0
2026-04-14 16:03:43 - tczq_data - INFO - ✓ 记录赔率变化: tczq_total_goal_odds.goal_0 0.000 -> 0.000 (diff=0.000)
2026-04-14 16:03:43 - tczq_data - WARNING - 无法获取原始赔率值: record_id=2, field=goal_1
2026-04-14 16:03:43 - tczq_data - INFO - ✓ 记录赔率变化: tczq_total_goal_odds.goal_1 0.000 -> 0.000 (diff=0.000)
2026-04-14 16:03:43 - tczq_data - WARNING - 无法获取原始赔率值: record_id=2, field=goal_2
2026-04-14 16:03:43 - tczq_data - INFO - ✓ 记录赔率变化: tczq_total_goal_odds.goal_2 0.000 -> 0.000 (diff=0.000)
2026-04-14 16:03:43 - tczq_data - WARNING - 无法获取原始赔率值: record_id=2, field=goal_3
2026-04-14 16:03:43 - tczq_data - INFO - ✓ 记录赔率变化: tczq_total_goal_odds.goal_3 0.000 -> 0.000 (diff=0.000)
2026-04-14 16:03:43 - tczq_data - WARNING - 无法获取原始赔率值: record_id=2, field=goal_4
2026-04-14 16:03:43 - tczq_data - INFO - ✓ 记录赔率变化: tczq_total_goal_odds.goal_4 0.000 -> 0.000 (diff=0.000)
2026-04-14 16:03:43 - tczq_data - WARNING - 无法获取原始赔率值: record_id=2, field=goal_5
2026-04-14 16:03:43 - tczq_data - INFO - ✓ 记录赔率变化: tczq_total_goal_odds.goal_5 0.000 -> 0.000 (diff=0.000)
2026-04-14 16:03:43 - tczq_data - WARNING - 无法获取原始赔率值: record_id=2, field=goal_6
2026-04-14 16:03:43 - tczq_data - INFO - ✓ 记录赔率变化: tczq_total_goal_odds.goal_6 0.000 -> 0.000 (diff=0.000)
2026-04-14 16:03:43 - tczq_data - WARNING - 无法获取原始赔率值: record_id=2, field=goal_about
2026-04-14 16:03:43 - tczq_data - INFO - ✓ 记录赔率变化: tczq_total_goal_odds.goal_about 0.000 -> 0.000 (diff=0.000)
2026-04-14 16:03:43 - tczq_data - WARNING - 无法获取原始赔率值: record_id=2, field=half_win_full_win
2026-04-14 16:03:43 - tczq_data - INFO - ✓ 记录赔率变化: tczq_ht_ft_odds.half_win_full_win 0.000 -> 0.000 (diff=0.000)
2026-04-14 16:03:43 - tczq_data - WARNING - 无法获取原始赔率值: record_id=2, field=half_win_full_draw
2026-04-14 16:03:43 - tczq_data - INFO - ✓ 记录赔率变化: tczq_ht_ft_odds.half_win_full_draw 0.000 -> 0.000 (diff=0.000)
2026-04-14 16:03:43 - tczq_data - WARNING - 无法获取原始赔率值: record_id=2, field=half_win_full_lose
2026-04-14 16:03:43 - tczq_data - INFO - ✓ 记录赔率变化: tczq_ht_ft_odds.half_win_full_lose 0.000 -> 0.000 (diff=0.000)
2026-04-14 16:03:43 - tczq_data - WARNING - 无法获取原始赔率值: record_id=2, field=half_draw_full_win
2026-04-14 16:03:43 - tczq_data - INFO - ✓ 记录赔率变化: tczq_ht_ft_odds.half_draw_full_win 0.000 -> 0.000 (diff=0.000)
2026-04-14 16:03:43 - tczq_data - WARNING - 无法获取原始赔率值: record_id=2, field=half_draw_full_lose
2026-04-14 16:03:43 - tczq_data - INFO - ✓ 记录赔率变化: tczq_ht_ft_odds.half_draw_full_lose 0.000 -> 0.000 (diff=0.000)
2026-04-14 16:03:43 - tczq_data - WARNING - 无法获取原始赔率值: record_id=2, field=half_lose_full_win
2026-04-14 16:03:44 - tczq_data - INFO - ✓ 记录赔率变化: tczq_ht_ft_odds.half_lose_full_win 0.000 -> 0.000 (diff=0.000)
2026-04-14 16:03:44 - tczq_data - WARNING - 无法获取原始赔率值: record_id=2, field=half_lose_full_draw
2026-04-14 16:03:44 - tczq_data - INFO - ✓ 记录赔率变化: tczq_ht_ft_odds.half_lose_full_draw 0.000 -> 0.000 (diff=0.000)
2026-04-14 16:03:44 - tczq_data - WARNING - 无法获取原始赔率值: record_id=2, field=half_lose_full_lose
2026-04-14 16:03:44 - tczq_data - INFO - ✓ 记录赔率变化: tczq_ht_ft_odds.half_lose_full_lose 0.000 -> 0.000 (diff=0.000)
2026-04-14 16:03:44 - tczq_data - WARNING - 无法获取原始赔率值: record_id=3, field=goal_0
2026-04-14 16:03:44 - tczq_data - INFO - ✓ 记录赔率变化: tczq_total_goal_odds.goal_0 0.000 -> 0.000 (diff=0.000)
2026-04-14 16:03:44 - tczq_data - WARNING - 无法获取原始赔率值: record_id=3, field=goal_1
2026-04-14 16:03:44 - tczq_data - INFO - ✓ 记录赔率变化: tczq_total_goal_odds.goal_1 0.000 -> 0.000 (diff=0.000)
2026-04-14 16:03:44 - tczq_data - WARNING - 无法获取原始赔率值: record_id=3, field=goal_2
2026-04-14 16:03:44 - tczq_data - INFO - ✓ 记录赔率变化: tczq_total_goal_odds.goal_2 0.000 -> 0.000 (diff=0.000)
2026-04-14 16:03:44 - tczq_data - WARNING - 无法获取原始赔率值: record_id=3, field=goal_3
2026-04-14 16:03:44 - tczq_data - INFO - ✓ 记录赔率变化: tczq_total_goal_odds.goal_3 0.000 -> 0.000 (diff=0.000)
2026-04-14 16:03:44 - tczq_data - WARNING - 无法获取原始赔率值: record_id=3, field=goal_4
2026-04-14 16:03:44 - tczq_data - INFO - ✓ 记录赔率变化: tczq_total_goal_odds.goal_4 0.000 -> 0.000 (diff=0.000)
2026-04-14 16:03:44 - tczq_data - WARNING - 无法获取原始赔率值: record_id=3, field=goal_5
2026-04-14 16:03:44 - tczq_data - INFO - ✓ 记录赔率变化: tczq_total_goal_odds.goal_5 0.000 -> 0.000 (diff=0.000)
2026-04-14 16:03:44 - tczq_data - WARNING - 无法获取原始赔率值: record_id=3, field=goal_6
2026-04-14 16:03:44 - tczq_data - INFO - ✓ 记录赔率变化: tczq_total_goal_odds.goal_6 0.000 -> 0.000 (diff=0.000)
2026-04-14 16:03:44 - tczq_data - WARNING - 无法获取原始赔率值: record_id=3, field=goal_about
2026-04-14 16:03:44 - tczq_data - INFO - ✓ 记录赔率变化: tczq_total_goal_odds.goal_about 0.000 -> 0.000 (diff=0.000)
2026-04-14 16:03:44 - tczq_data - WARNING - 无法获取原始赔率值: record_id=3, field=half_win_full_win
2026-04-14 16:03:44 - tczq_data - INFO - ✓ 记录赔率变化: tczq_ht_ft_odds.half_win_full_win 0.000 -> 0.000 (diff=0.000)
2026-04-14 16:03:44 - tczq_data - WARNING - 无法获取原始赔率值: record_id=3, field=half_win_full_draw
2026-04-14 16:03:44 - tczq_data - INFO - ✓ 记录赔率变化: tczq_ht_ft_odds.half_win_full_draw 0.000 -> 0.000 (diff=0.000)
2026-04-14 16:03:44 - tczq_data - WARNING - 无法获取原始赔率值: record_id=3, field=half_win_full_lose
2026-04-14 16:03:44 - tczq_data - INFO - ✓ 记录赔率变化: tczq_ht_ft_odds.half_win_full_lose 0.000 -> 0.000 (diff=0.000)
2026-04-14 16:03:44 - tczq_data - WARNING - 无法获取原始赔率值: record_id=3, field=half_draw_full_win
2026-04-14 16:03:44 - tczq_data - INFO - ✓ 记录赔率变化: tczq_ht_ft_odds.half_draw_full_win 0.000 -> 0.000 (diff=0.000)
2026-04-14 16:03:44 - tczq_data - WARNING - 无法获取原始赔率值: record_id=3, field=half_draw_full_lose
2026-04-14 16:03:44 - tczq_data - INFO - ✓ 记录赔率变化: tczq_ht_ft_odds.half_draw_full_lose 0.000 -> 0.000 (diff=0.000)
2026-04-14 16:03:44 - tczq_data - WARNING - 无法获取原始赔率值: record_id=3, field=half_lose_full_win
2026-04-14 16:03:44 - tczq_data - INFO - ✓ 记录赔率变化: tczq_ht_ft_odds.half_lose_full_win 0.000 -> 0.000 (diff=0.000)
2026-04-14 16:03:44 - tczq_data - WARNING - 无法获取原始赔率值: record_id=3, field=half_lose_full_draw
2026-04-14 16:03:44 - tczq_data - INFO - ✓ 记录赔率变化: tczq_ht_ft_odds.half_lose_full_draw 0.000 -> 0.000 (diff=0.000)
2026-04-14 16:03:44 - tczq_data - WARNING - 无法获取原始赔率值: record_id=3, field=half_lose_full_lose
2026-04-14 16:03:44 - tczq_data - INFO - ✓ 记录赔率变化: tczq_ht_ft_odds.half_lose_full_lose 0.000 -> 0.000 (diff=0.000)
2026-04-14 16:03:44 - tczq_data - WARNING - 无法获取原始赔率值: record_id=4, field=goal_0
2026-04-14 16:03:44 - tczq_data - INFO - ✓ 记录赔率变化: tczq_total_goal_odds.goal_0 0.000 -> 0.000 (diff=0.000)
2026-04-14 16:03:44 - tczq_data - WARNING - 无法获取原始赔率值: record_id=4, field=goal_1
2026-04-14 16:03:44 - tczq_data - INFO - ✓ 记录赔率变化: tczq_total_goal_odds.goal_1 0.000 -> 0.000 (diff=0.000)
2026-04-14 16:03:44 - tczq_data - WARNING - 无法获取原始赔率值: record_id=4, field=goal_2
2026-04-14 16:03:44 - tczq_data - INFO - ✓ 记录赔率变化: tczq_total_goal_odds.goal_2 0.000 -> 0.000 (diff=0.000)
2026-04-14 16:03:44 - tczq_data - WARNING - 无法获取原始赔率值: record_id=4, field=goal_3
2026-04-14 16:03:44 - tczq_data - INFO - ✓ 记录赔率变化: tczq_total_goal_odds.goal_3 0.000 -> 0.000 (diff=0.000)
2026-04-14 16:03:44 - tczq_data - WARNING - 无法获取原始赔率值: record_id=4, field=goal_4
2026-04-14 16:03:44 - tczq_data - INFO - ✓ 记录赔率变化: tczq_total_goal_odds.goal_4 0.000 -> 0.000 (diff=0.000)
2026-04-14 16:03:44 - tczq_data - WARNING - 无法获取原始赔率值: record_id=4, field=goal_5
2026-04-14 16:03:44 - tczq_data - INFO - ✓ 记录赔率变化: tczq_total_goal_odds.goal_5 0.000 -> 0.000 (diff=0.000)
2026-04-14 16:03:44 - tczq_data - WARNING - 无法获取原始赔率值: record_id=4, field=goal_6
2026-04-14 16:03:44 - tczq_data - INFO - ✓ 记录赔率变化: tczq_total_goal_odds.goal_6 0.000 -> 0.000 (diff=0.000)
2026-04-14 16:03:44 - tczq_data - WARNING - 无法获取原始赔率值: record_id=4, field=goal_about
2026-04-14 16:03:44 - tczq_data - INFO - ✓ 记录赔率变化: tczq_total_goal_odds.goal_about 0.000 -> 0.000 (diff=0.000)
2026-04-14 16:03:44 - tczq_data - WARNING - 无法获取原始赔率值: record_id=4, field=half_win_full_win
2026-04-14 16:03:44 - tczq_data - INFO - ✓ 记录赔率变化: tczq_ht_ft_odds.half_win_full_win 0.000 -> 0.000 (diff=0.000)
2026-04-14 16:03:44 - tczq_data - WARNING - 无法获取原始赔率值: record_id=4, field=half_win_full_draw
2026-04-14 16:03:44 - tczq_data - INFO - ✓ 记录赔率变化: tczq_ht_ft_odds.half_win_full_draw 0.000 -> 0.000 (diff=0.000)
2026-04-14 16:03:44 - tczq_data - WARNING - 无法获取原始赔率值: record_id=4, field=half_win_full_lose
2026-04-14 16:03:44 - tczq_data - INFO - ✓ 记录赔率变化: tczq_ht_ft_odds.half_win_full_lose 0.000 -> 0.000 (diff=0.000)
2026-04-14 16:03:44 - tczq_data - WARNING - 无法获取原始赔率值: record_id=4, field=half_draw_full_win
2026-04-14 16:03:44 - tczq_data - INFO - ✓ 记录赔率变化: tczq_ht_ft_odds.half_draw_full_win 0.000 -> 0.000 (diff=0.000)
2026-04-14 16:03:44 - tczq_data - WARNING - 无法获取原始赔率值: record_id=4, field=half_draw_full_lose
2026-04-14 16:03:44 - tczq_data - INFO - ✓ 记录赔率变化: tczq_ht_ft_odds.half_draw_full_lose 0.000 -> 0.000 (diff=0.000)
2026-04-14 16:03:44 - tczq_data - WARNING - 无法获取原始赔率值: record_id=4, field=half_lose_full_win
2026-04-14 16:03:44 - tczq_data - INFO - ✓ 记录赔率变化: tczq_ht_ft_odds.half_lose_full_win 0.000 -> 0.000 (diff=0.000)
2026-04-14 16:03:44 - tczq_data - WARNING - 无法获取原始赔率值: record_id=4, field=half_lose_full_draw
2026-04-14 16:03:44 - tczq_data - INFO - ✓ 记录赔率变化: tczq_ht_ft_odds.half_lose_full_draw 0.000 -> 0.000 (diff=0.000)
2026-04-14 16:03:44 - tczq_data - WARNING - 无法获取原始赔率值: record_id=4, field=half_lose_full_lose
2026-04-14 16:03:44 - tczq_data - INFO - ✓ 记录赔率变化: tczq_ht_ft_odds.half_lose_full_lose 0.000 -> 0.000 (diff=0.000)
2026-04-14 16:03:44 - tczq_data - WARNING - 无法获取原始赔率值: record_id=5, field=goal_0
2026-04-14 16:03:44 - tczq_data - INFO - ✓ 记录赔率变化: tczq_total_goal_odds.goal_0 0.000 -> 0.000 (diff=0.000)
2026-04-14 16:03:44 - tczq_data - WARNING - 无法获取原始赔率值: record_id=5, field=goal_1
2026-04-14 16:03:44 - tczq_data - INFO - ✓ 记录赔率变化: tczq_total_goal_odds.goal_1 0.000 -> 0.000 (diff=0.000)
2026-04-14 16:03:44 - tczq_data - WARNING - 无法获取原始赔率值: record_id=5, field=goal_2
2026-04-14 16:03:44 - tczq_data - INFO - ✓ 记录赔率变化: tczq_total_goal_odds.goal_2 0.000 -> 0.000 (diff=0.000)
2026-04-14 16:03:44 - tczq_data - WARNING - 无法获取原始赔率值: record_id=5, field=goal_3
2026-04-14 16:03:44 - tczq_data - INFO - ✓ 记录赔率变化: tczq_total_goal_odds.goal_3 0.000 -> 0.000 (diff=0.000)
2026-04-14 16:03:44 - tczq_data - WARNING - 无法获取原始赔率值: record_id=5, field=goal_4
2026-04-14 16:03:44 - tczq_data - INFO - ✓ 记录赔率变化: tczq_total_goal_odds.goal_4 0.000 -> 0.000 (diff=0.000)
2026-04-14 16:03:44 - tczq_data - WARNING - 无法获取原始赔率值: record_id=5, field=goal_5
2026-04-14 16:03:44 - tczq_data - INFO - ✓ 记录赔率变化: tczq_total_goal_odds.goal_5 0.000 -> 0.000 (diff=0.000)
2026-04-14 16:03:44 - tczq_data - WARNING - 无法获取原始赔率值: record_id=5, field=goal_6
2026-04-14 16:03:44 - tczq_data - INFO - ✓ 记录赔率变化: tczq_total_goal_odds.goal_6 0.000 -> 0.000 (diff=0.000)
2026-04-14 16:03:44 - tczq_data - WARNING - 无法获取原始赔率值: record_id=5, field=goal_about
2026-04-14 16:03:45 - tczq_data - INFO - ✓ 记录赔率变化: tczq_total_goal_odds.goal_about 0.000 -> 0.000 (diff=0.000)
2026-04-14 16:03:45 - tczq_data - WARNING - 无法获取原始赔率值: record_id=5, field=half_win_full_win
2026-04-14 16:03:45 - tczq_data - INFO - ✓ 记录赔率变化: tczq_ht_ft_odds.half_win_full_win 0.000 -> 0.000 (diff=0.000)
2026-04-14 16:03:45 - tczq_data - WARNING - 无法获取原始赔率值: record_id=5, field=half_win_full_draw
2026-04-14 16:03:45 - tczq_data - INFO - ✓ 记录赔率变化: tczq_ht_ft_odds.half_win_full_draw 0.000 -> 0.000 (diff=0.000)
2026-04-14 16:03:45 - tczq_data - WARNING - 无法获取原始赔率值: record_id=5, field=half_win_full_lose
2026-04-14 16:03:45 - tczq_data - INFO - ✓ 记录赔率变化: tczq_ht_ft_odds.half_win_full_lose 0.000 -> 0.000 (diff=0.000)
2026-04-14 16:03:45 - tczq_data - WARNING - 无法获取原始赔率值: record_id=5, field=half_draw_full_win
2026-04-14 16:03:45 - tczq_data - INFO - ✓ 记录赔率变化: tczq_ht_ft_odds.half_draw_full_win 0.000 -> 0.000 (diff=0.000)
2026-04-14 16:03:45 - tczq_data - WARNING - 无法获取原始赔率值: record_id=5, field=half_draw_full_lose
2026-04-14 16:03:45 - tczq_data - INFO - ✓ 记录赔率变化: tczq_ht_ft_odds.half_draw_full_lose 0.000 -> 0.000 (diff=0.000)
2026-04-14 16:03:45 - tczq_data - WARNING - 无法获取原始赔率值: record_id=5, field=half_lose_full_win
2026-04-14 16:03:45 - tczq_data - INFO - ✓ 记录赔率变化: tczq_ht_ft_odds.half_lose_full_win 0.000 -> 0.000 (diff=0.000)
2026-04-14 16:03:45 - tczq_data - WARNING - 无法获取原始赔率值: record_id=5, field=half_lose_full_draw
2026-04-14 16:03:45 - tczq_data - INFO - ✓ 记录赔率变化: tczq_ht_ft_odds.half_lose_full_draw 0.000 -> 0.000 (diff=0.000)
2026-04-14 16:03:45 - tczq_data - WARNING - 无法获取原始赔率值: record_id=5, field=half_lose_full_lose
2026-04-14 16:03:45 - tczq_data - INFO - ✓ 记录赔率变化: tczq_ht_ft_odds.half_lose_full_lose 0.000 -> 0.000 (diff=0.000)
2026-04-14 16:03:45 - tczq_data - WARNING - 无法获取原始赔率值: record_id=6, field=goal_0
2026-04-14 16:03:45 - tczq_data - INFO - ✓ 记录赔率变化: tczq_total_goal_odds.goal_0 0.000 -> 0.000 (diff=0.000)
2026-04-14 16:03:45 - tczq_data - WARNING - 无法获取原始赔率值: record_id=6, field=goal_1
2026-04-14 16:03:45 - tczq_data - INFO - ✓ 记录赔率变化: tczq_total_goal_odds.goal_1 0.000 -> 0.000 (diff=0.000)
2026-04-14 16:03:45 - tczq_data - WARNING - 无法获取原始赔率值: record_id=6, field=goal_2
2026-04-14 16:03:45 - tczq_data - INFO - ✓ 记录赔率变化: tczq_total_goal_odds.goal_2 0.000 -> 0.000 (diff=0.000)
2026-04-14 16:03:45 - tczq_data - WARNING - 无法获取原始赔率值: record_id=6, field=goal_3
2026-04-14 16:03:45 - tczq_data - INFO - ✓ 记录赔率变化: tczq_total_goal_odds.goal_3 0.000 -> 0.000 (diff=0.000)
2026-04-14 16:03:45 - tczq_data - WARNING - 无法获取原始赔率值: record_id=6, field=goal_4
2026-04-14 16:03:45 - tczq_data - INFO - ✓ 记录赔率变化: tczq_total_goal_odds.goal_4 0.000 -> 0.000 (diff=0.000)
2026-04-14 16:03:45 - tczq_data - WARNING - 无法获取原始赔率值: record_id=6, field=goal_5
2026-04-14 16:03:45 - tczq_data - INFO - ✓ 记录赔率变化: tczq_total_goal_odds.goal_5 0.000 -> 0.000 (diff=0.000)
2026-04-14 16:03:45 - tczq_data - WARNING - 无法获取原始赔率值: record_id=6, field=goal_6
2026-04-14 16:03:45 - tczq_data - INFO - ✓ 记录赔率变化: tczq_total_goal_odds.goal_6 0.000 -> 0.000 (diff=0.000)
2026-04-14 16:03:45 - tczq_data - WARNING - 无法获取原始赔率值: record_id=6, field=goal_about
2026-04-14 16:03:45 - tczq_data - INFO - ✓ 记录赔率变化: tczq_total_goal_odds.goal_about 0.000 -> 0.000 (diff=0.000)
2026-04-14 16:03:45 - tczq_data - WARNING - 无法获取原始赔率值: record_id=6, field=half_win_full_win
2026-04-14 16:03:45 - tczq_data - INFO - ✓ 记录赔率变化: tczq_ht_ft_odds.half_win_full_win 0.000 -> 0.000 (diff=0.000)
2026-04-14 16:03:45 - tczq_data - WARNING - 无法获取原始赔率值: record_id=6, field=half_win_full_draw
2026-04-14 16:03:45 - tczq_data - INFO - ✓ 记录赔率变化: tczq_ht_ft_odds.half_win_full_draw 0.000 -> 0.000 (diff=0.000)
2026-04-14 16:03:45 - tczq_data - WARNING - 无法获取原始赔率值: record_id=6, field=half_win_full_lose
2026-04-14 16:03:45 - tczq_data - INFO - ✓ 记录赔率变化: tczq_ht_ft_odds.half_win_full_lose 0.000 -> 0.000 (diff=0.000)
2026-04-14 16:03:45 - tczq_data - WARNING - 无法获取原始赔率值: record_id=6, field=half_draw_full_win
2026-04-14 16:03:45 - tczq_data - INFO - ✓ 记录赔率变化: tczq_ht_ft_odds.half_draw_full_win 0.000 -> 0.000 (diff=0.000)
2026-04-14 16:03:45 - tczq_data - WARNING - 无法获取原始赔率值: record_id=6, field=half_draw_full_lose
2026-04-14 16:03:45 - tczq_data - INFO - ✓ 记录赔率变化: tczq_ht_ft_odds.half_draw_full_lose 0.000 -> 0.000 (diff=0.000)
2026-04-14 16:03:45 - tczq_data - WARNING - 无法获取原始赔率值: record_id=6, field=half_lose_full_win
2026-04-14 16:03:45 - tczq_data - INFO - ✓ 记录赔率变化: tczq_ht_ft_odds.half_lose_full_win 0.000 -> 0.000 (diff=0.000)
2026-04-14 16:03:45 - tczq_data - WARNING - 无法获取原始赔率值: record_id=6, field=half_lose_full_draw
2026-04-14 16:03:45 - tczq_data - INFO - ✓ 记录赔率变化: tczq_ht_ft_odds.half_lose_full_draw 0.000 -> 0.000 (diff=0.000)
2026-04-14 16:03:45 - tczq_data - WARNING - 无法获取原始赔率值: record_id=6, field=half_lose_full_lose
2026-04-14 16:03:45 - tczq_data - INFO - ✓ 记录赔率变化: tczq_ht_ft_odds.half_lose_full_lose 0.000 -> 0.000 (diff=0.000)
2026-04-14 16:03:45 - tczq_data - WARNING - 无法获取原始赔率值: record_id=7, field=goal_0
2026-04-14 16:03:45 - tczq_data - INFO - ✓ 记录赔率变化: tczq_total_goal_odds.goal_0 0.000 -> 0.000 (diff=0.000)
2026-04-14 16:03:45 - tczq_data - WARNING - 无法获取原始赔率值: record_id=7, field=goal_1
2026-04-14 16:03:45 - tczq_data - INFO - ✓ 记录赔率变化: tczq_total_goal_odds.goal_1 0.000 -> 0.000 (diff=0.000)
2026-04-14 16:03:45 - tczq_data - WARNING - 无法获取原始赔率值: record_id=7, field=goal_2
2026-04-14 16:03:45 - tczq_data - INFO - ✓ 记录赔率变化: tczq_total_goal_odds.goal_2 0.000 -> 0.000 (diff=0.000)
2026-04-14 16:03:45 - tczq_data - WARNING - 无法获取原始赔率值: record_id=7, field=goal_3
2026-04-14 16:03:45 - tczq_data - INFO - ✓ 记录赔率变化: tczq_total_goal_odds.goal_3 0.000 -> 0.000 (diff=0.000)
2026-04-14 16:03:45 - tczq_data - WARNING - 无法获取原始赔率值: record_id=7, field=goal_4
2026-04-14 16:03:45 - tczq_data - INFO - ✓ 记录赔率变化: tczq_total_goal_odds.goal_4 0.000 -> 0.000 (diff=0.000)
2026-04-14 16:03:45 - tczq_data - WARNING - 无法获取原始赔率值: record_id=7, field=goal_5
2026-04-14 16:03:45 - tczq_data - INFO - ✓ 记录赔率变化: tczq_total_goal_odds.goal_5 0.000 -> 0.000 (diff=0.000)
2026-04-14 16:03:45 - tczq_data - WARNING - 无法获取原始赔率值: record_id=7, field=goal_6
2026-04-14 16:03:45 - tczq_data - INFO - ✓ 记录赔率变化: tczq_total_goal_odds.goal_6 0.000 -> 0.000 (diff=0.000)
2026-04-14 16:03:45 - tczq_data - WARNING - 无法获取原始赔率值: record_id=7, field=goal_about
2026-04-14 16:03:45 - tczq_data - INFO - ✓ 记录赔率变化: tczq_total_goal_odds.goal_about 0.000 -> 0.000 (diff=0.000)
2026-04-14 16:03:45 - tczq_data - WARNING - 无法获取原始赔率值: record_id=7, field=half_win_full_win
2026-04-14 16:03:45 - tczq_data - INFO - ✓ 记录赔率变化: tczq_ht_ft_odds.half_win_full_win 0.000 -> 0.000 (diff=0.000)
2026-04-14 16:03:45 - tczq_data - WARNING - 无法获取原始赔率值: record_id=7, field=half_win_full_draw
2026-04-14 16:03:45 - tczq_data - INFO - ✓ 记录赔率变化: tczq_ht_ft_odds.half_win_full_draw 0.000 -> 0.000 (diff=0.000)
2026-04-14 16:03:45 - tczq_data - WARNING - 无法获取原始赔率值: record_id=7, field=half_win_full_lose
2026-04-14 16:03:45 - tczq_data - INFO - ✓ 记录赔率变化: tczq_ht_ft_odds.half_win_full_lose 0.000 -> 0.000 (diff=0.000)
2026-04-14 16:03:45 - tczq_data - WARNING - 无法获取原始赔率值: record_id=7, field=half_draw_full_win
2026-04-14 16:03:45 - tczq_data - INFO - ✓ 记录赔率变化: tczq_ht_ft_odds.half_draw_full_win 0.000 -> 0.000 (diff=0.000)
2026-04-14 16:03:45 - tczq_data - WARNING - 无法获取原始赔率值: record_id=7, field=half_draw_full_lose
2026-04-14 16:03:45 - tczq_data - INFO - ✓ 记录赔率变化: tczq_ht_ft_odds.half_draw_full_lose 0.000 -> 0.000 (diff=0.000)
2026-04-14 16:03:45 - tczq_data - WARNING - 无法获取原始赔率值: record_id=7, field=half_lose_full_win
2026-04-14 16:03:45 - tczq_data - INFO - ✓ 记录赔率变化: tczq_ht_ft_odds.half_lose_full_win 0.000 -> 0.000 (diff=0.000)
2026-04-14 16:03:45 - tczq_data - WARNING - 无法获取原始赔率值: record_id=7, field=half_lose_full_draw
2026-04-14 16:03:45 - tczq_data - INFO - ✓ 记录赔率变化: tczq_ht_ft_odds.half_lose_full_draw 0.000 -> 0.000 (diff=0.000)
2026-04-14 16:03:45 - tczq_data - WARNING - 无法获取原始赔率值: record_id=7, field=half_lose_full_lose
2026-04-14 16:03:45 - tczq_data - INFO - ✓ 记录赔率变化: tczq_ht_ft_odds.half_lose_full_lose 0.000 -> 0.000 (diff=0.000)
2026-04-14 16:03:45 - tczq_data - WARNING - 无法获取原始赔率值: record_id=8, field=goal_0
2026-04-14 16:03:45 - tczq_data - INFO - ✓ 记录赔率变化: tczq_total_goal_odds.goal_0 0.000 -> 0.000 (diff=0.000)
2026-04-14 16:03:45 - tczq_data - WARNING - 无法获取原始赔率值: record_id=8, field=goal_1
2026-04-14 16:03:45 - tczq_data - INFO - ✓ 记录赔率变化: tczq_total_goal_odds.goal_1 0.000 -> 0.000 (diff=0.000)
2026-04-14 16:03:45 - tczq_data - WARNING - 无法获取原始赔率值: record_id=8, field=goal_2
2026-04-14 16:03:45 - tczq_data - INFO - ✓ 记录赔率变化: tczq_total_goal_odds.goal_2 0.000 -> 0.000 (diff=0.000)
2026-04-14 16:03:45 - tczq_data - WARNING - 无法获取原始赔率值: record_id=8, field=goal_3
2026-04-14 16:03:45 - tczq_data - INFO - ✓ 记录赔率变化: tczq_total_goal_odds.goal_3 0.000 -> 0.000 (diff=0.000)
2026-04-14 16:03:45 - tczq_data - WARNING - 无法获取原始赔率值: record_id=8, field=goal_4
2026-04-14 16:03:46 - tczq_data - INFO - ✓ 记录赔率变化: tczq_total_goal_odds.goal_4 0.000 -> 0.000 (diff=0.000)
2026-04-14 16:03:46 - tczq_data - WARNING - 无法获取原始赔率值: record_id=8, field=goal_5
2026-04-14 16:03:46 - tczq_data - INFO - ✓ 记录赔率变化: tczq_total_goal_odds.goal_5 0.000 -> 0.000 (diff=0.000)
2026-04-14 16:03:46 - tczq_data - WARNING - 无法获取原始赔率值: record_id=8, field=goal_6
2026-04-14 16:03:46 - tczq_data - INFO - ✓ 记录赔率变化: tczq_total_goal_odds.goal_6 0.000 -> 0.000 (diff=0.000)
2026-04-14 16:03:46 - tczq_data - WARNING - 无法获取原始赔率值: record_id=8, field=goal_about
2026-04-14 16:03:46 - tczq_data - INFO - ✓ 记录赔率变化: tczq_total_goal_odds.goal_about 0.000 -> 0.000 (diff=0.000)
2026-04-14 16:03:46 - tczq_data - WARNING - 无法获取原始赔率值: record_id=8, field=half_win_full_win
2026-04-14 16:03:46 - tczq_data - INFO - ✓ 记录赔率变化: tczq_ht_ft_odds.half_win_full_win 0.000 -> 0.000 (diff=0.000)
2026-04-14 16:03:46 - tczq_data - WARNING - 无法获取原始赔率值: record_id=8, field=half_win_full_draw
2026-04-14 16:03:46 - tczq_data - INFO - ✓ 记录赔率变化: tczq_ht_ft_odds.half_win_full_draw 0.000 -> 0.000 (diff=0.000)
2026-04-14 16:03:46 - tczq_data - WARNING - 无法获取原始赔率值: record_id=8, field=half_win_full_lose
2026-04-14 16:03:46 - tczq_data - INFO - ✓ 记录赔率变化: tczq_ht_ft_odds.half_win_full_lose 0.000 -> 0.000 (diff=0.000)
2026-04-14 16:03:46 - tczq_data - WARNING - 无法获取原始赔率值: record_id=8, field=half_draw_full_win
2026-04-14 16:03:46 - tczq_data - INFO - ✓ 记录赔率变化: tczq_ht_ft_odds.half_draw_full_win 0.000 -> 0.000 (diff=0.000)
2026-04-14 16:03:46 - tczq_data - WARNING - 无法获取原始赔率值: record_id=8, field=half_draw_full_lose
2026-04-14 16:03:46 - tczq_data - INFO - ✓ 记录赔率变化: tczq_ht_ft_odds.half_draw_full_lose 0.000 -> 0.000 (diff=0.000)
2026-04-14 16:03:46 - tczq_data - WARNING - 无法获取原始赔率值: record_id=8, field=half_lose_full_win
2026-04-14 16:03:46 - tczq_data - INFO - ✓ 记录赔率变化: tczq_ht_ft_odds.half_lose_full_win 0.000 -> 0.000 (diff=0.000)
2026-04-14 16:03:46 - tczq_data - WARNING - 无法获取原始赔率值: record_id=8, field=half_lose_full_draw
2026-04-14 16:03:46 - tczq_data - INFO - ✓ 记录赔率变化: tczq_ht_ft_odds.half_lose_full_draw 0.000 -> 0.000 (diff=0.000)
2026-04-14 16:03:46 - tczq_data - WARNING - 无法获取原始赔率值: record_id=8, field=half_lose_full_lose
2026-04-14 16:03:46 - tczq_data - INFO - ✓ 记录赔率变化: tczq_ht_ft_odds.half_lose_full_lose 0.000 -> 0.000 (diff=0.000)
2026-04-14 16:03:46 - tczq_data - WARNING - 无法获取原始赔率值: record_id=9, field=goal_0
2026-04-14 16:03:46 - tczq_data - INFO - ✓ 记录赔率变化: tczq_total_goal_odds.goal_0 0.000 -> 0.000 (diff=0.000)
2026-04-14 16:03:46 - tczq_data - WARNING - 无法获取原始赔率值: record_id=9, field=goal_1
2026-04-14 16:03:46 - tczq_data - INFO - ✓ 记录赔率变化: tczq_total_goal_odds.goal_1 0.000 -> 0.000 (diff=0.000)
2026-04-14 16:03:46 - tczq_data - WARNING - 无法获取原始赔率值: record_id=9, field=goal_2
2026-04-14 16:03:46 - tczq_data - INFO - ✓ 记录赔率变化: tczq_total_goal_odds.goal_2 0.000 -> 0.000 (diff=0.000)
2026-04-14 16:03:46 - tczq_data - WARNING - 无法获取原始赔率值: record_id=9, field=goal_3
2026-04-14 16:03:46 - tczq_data - INFO - ✓ 记录赔率变化: tczq_total_goal_odds.goal_3 0.000 -> 0.000 (diff=0.000)
2026-04-14 16:03:46 - tczq_data - WARNING - 无法获取原始赔率值: record_id=9, field=goal_4
2026-04-14 16:03:46 - tczq_data - INFO - ✓ 记录赔率变化: tczq_total_goal_odds.goal_4 0.000 -> 0.000 (diff=0.000)
2026-04-14 16:03:46 - tczq_data - WARNING - 无法获取原始赔率值: record_id=9, field=goal_5
2026-04-14 16:03:46 - tczq_data - INFO - ✓ 记录赔率变化: tczq_total_goal_odds.goal_5 0.000 -> 0.000 (diff=0.000)
2026-04-14 16:03:46 - tczq_data - WARNING - 无法获取原始赔率值: record_id=9, field=goal_6
2026-04-14 16:03:46 - tczq_data - INFO - ✓ 记录赔率变化: tczq_total_goal_odds.goal_6 0.000 -> 0.000 (diff=0.000)
2026-04-14 16:03:46 - tczq_data - WARNING - 无法获取原始赔率值: record_id=9, field=goal_about
2026-04-14 16:03:46 - tczq_data - INFO - ✓ 记录赔率变化: tczq_total_goal_odds.goal_about 0.000 -> 0.000 (diff=0.000)
2026-04-14 16:03:46 - tczq_data - WARNING - 无法获取原始赔率值: record_id=9, field=half_win_full_win
2026-04-14 16:03:46 - tczq_data - INFO - ✓ 记录赔率变化: tczq_ht_ft_odds.half_win_full_win 0.000 -> 0.000 (diff=0.000)
2026-04-14 16:03:46 - tczq_data - WARNING - 无法获取原始赔率值: record_id=9, field=half_win_full_draw
2026-04-14 16:03:46 - tczq_data - INFO - ✓ 记录赔率变化: tczq_ht_ft_odds.half_win_full_draw 0.000 -> 0.000 (diff=0.000)
2026-04-14 16:03:46 - tczq_data - WARNING - 无法获取原始赔率值: record_id=9, field=half_win_full_lose
2026-04-14 16:03:46 - tczq_data - INFO - ✓ 记录赔率变化: tczq_ht_ft_odds.half_win_full_lose 0.000 -> 0.000 (diff=0.000)
2026-04-14 16:03:46 - tczq_data - WARNING - 无法获取原始赔率值: record_id=9, field=half_draw_full_win
2026-04-14 16:03:46 - tczq_data - INFO - ✓ 记录赔率变化: tczq_ht_ft_odds.half_draw_full_win 0.000 -> 0.000 (diff=0.000)
2026-04-14 16:03:46 - tczq_data - WARNING - 无法获取原始赔率值: record_id=9, field=half_draw_full_lose
2026-04-14 16:03:46 - tczq_data - INFO - ✓ 记录赔率变化: tczq_ht_ft_odds.half_draw_full_lose 0.000 -> 0.000 (diff=0.000)
2026-04-14 16:03:46 - tczq_data - WARNING - 无法获取原始赔率值: record_id=9, field=half_lose_full_win
2026-04-14 16:03:46 - tczq_data - INFO - ✓ 记录赔率变化: tczq_ht_ft_odds.half_lose_full_win 0.000 -> 0.000 (diff=0.000)
2026-04-14 16:03:46 - tczq_data - WARNING - 无法获取原始赔率值: record_id=9, field=half_lose_full_draw
2026-04-14 16:03:46 - tczq_data - INFO - ✓ 记录赔率变化: tczq_ht_ft_odds.half_lose_full_draw 0.000 -> 0.000 (diff=0.000)
2026-04-14 16:03:46 - tczq_data - WARNING - 无法获取原始赔率值: record_id=9, field=half_lose_full_lose
2026-04-14 16:03:46 - tczq_data - INFO - ✓ 记录赔率变化: tczq_ht_ft_odds.half_lose_full_lose 0.000 -> 0.000 (diff=0.000)
2026-04-14 16:03:46 - tczq_data - WARNING - 无法获取原始赔率值: record_id=10, field=goal_0
2026-04-14 16:03:46 - tczq_data - INFO - ✓ 记录赔率变化: tczq_total_goal_odds.goal_0 0.000 -> 0.000 (diff=0.000)
2026-04-14 16:03:46 - tczq_data - WARNING - 无法获取原始赔率值: record_id=10, field=goal_1
2026-04-14 16:03:46 - tczq_data - INFO - ✓ 记录赔率变化: tczq_total_goal_odds.goal_1 0.000 -> 0.000 (diff=0.000)
2026-04-14 16:03:46 - tczq_data - WARNING - 无法获取原始赔率值: record_id=10, field=goal_2
2026-04-14 16:03:46 - tczq_data - INFO - ✓ 记录赔率变化: tczq_total_goal_odds.goal_2 0.000 -> 0.000 (diff=0.000)
2026-04-14 16:03:46 - tczq_data - WARNING - 无法获取原始赔率值: record_id=10, field=goal_3
2026-04-14 16:03:46 - tczq_data - INFO - ✓ 记录赔率变化: tczq_total_goal_odds.goal_3 0.000 -> 0.000 (diff=0.000)
2026-04-14 16:03:46 - tczq_data - WARNING - 无法获取原始赔率值: record_id=10, field=goal_4
2026-04-14 16:03:46 - tczq_data - INFO - ✓ 记录赔率变化: tczq_total_goal_odds.goal_4 0.000 -> 0.000 (diff=0.000)
2026-04-14 16:03:46 - tczq_data - WARNING - 无法获取原始赔率值: record_id=10, field=goal_5
2026-04-14 16:03:46 - tczq_data - INFO - ✓ 记录赔率变化: tczq_total_goal_odds.goal_5 0.000 -> 0.000 (diff=0.000)
2026-04-14 16:03:46 - tczq_data - WARNING - 无法获取原始赔率值: record_id=10, field=goal_6
2026-04-14 16:03:46 - tczq_data - INFO - ✓ 记录赔率变化: tczq_total_goal_odds.goal_6 0.000 -> 0.000 (diff=0.000)
2026-04-14 16:03:46 - tczq_data - WARNING - 无法获取原始赔率值: record_id=10, field=goal_about
2026-04-14 16:03:46 - tczq_data - INFO - ✓ 记录赔率变化: tczq_total_goal_odds.goal_about 0.000 -> 0.000 (diff=0.000)
2026-04-14 16:03:46 - tczq_data - WARNING - 无法获取原始赔率值: record_id=10, field=half_win_full_win
2026-04-14 16:03:46 - tczq_data - INFO - ✓ 记录赔率变化: tczq_ht_ft_odds.half_win_full_win 0.000 -> 0.000 (diff=0.000)
2026-04-14 16:03:46 - tczq_data - WARNING - 无法获取原始赔率值: record_id=10, field=half_win_full_draw
2026-04-14 16:03:46 - tczq_data - INFO - ✓ 记录赔率变化: tczq_ht_ft_odds.half_win_full_draw 0.000 -> 0.000 (diff=0.000)
2026-04-14 16:03:46 - tczq_data - WARNING - 无法获取原始赔率值: record_id=10, field=half_win_full_lose
2026-04-14 16:03:46 - tczq_data - INFO - ✓ 记录赔率变化: tczq_ht_ft_odds.half_win_full_lose 0.000 -> 0.000 (diff=0.000)
2026-04-14 16:03:46 - tczq_data - WARNING - 无法获取原始赔率值: record_id=10, field=half_draw_full_win
2026-04-14 16:03:46 - tczq_data - INFO - ✓ 记录赔率变化: tczq_ht_ft_odds.half_draw_full_win 0.000 -> 0.000 (diff=0.000)
2026-04-14 16:03:46 - tczq_data - WARNING - 无法获取原始赔率值: record_id=10, field=half_draw_full_lose
2026-04-14 16:03:46 - tczq_data - INFO - ✓ 记录赔率变化: tczq_ht_ft_odds.half_draw_full_lose 0.000 -> 0.000 (diff=0.000)
2026-04-14 16:03:46 - tczq_data - WARNING - 无法获取原始赔率值: record_id=10, field=half_lose_full_win
2026-04-14 16:03:46 - tczq_data - INFO - ✓ 记录赔率变化: tczq_ht_ft_odds.half_lose_full_win 0.000 -> 0.000 (diff=0.000)
2026-04-14 16:03:46 - tczq_data - WARNING - 无法获取原始赔率值: record_id=10, field=half_lose_full_draw
2026-04-14 16:03:46 - tczq_data - INFO - ✓ 记录赔率变化: tczq_ht_ft_odds.half_lose_full_draw 0.000 -> 0.000 (diff=0.000)
2026-04-14 16:03:46 - tczq_data - WARNING - 无法获取原始赔率值: record_id=10, field=half_lose_full_lose
2026-04-14 16:03:47 - tczq_data - INFO - ✓ 记录赔率变化: tczq_ht_ft_odds.half_lose_full_lose 0.000 -> 0.000 (diff=0.000)
2026-04-14 16:03:47 - tczq_data - WARNING - 无法获取原始赔率值: record_id=11, field=goal_0
2026-04-14 16:03:47 - tczq_data - INFO - ✓ 记录赔率变化: tczq_total_goal_odds.goal_0 0.000 -> 0.000 (diff=0.000)
2026-04-14 16:03:47 - tczq_data - WARNING - 无法获取原始赔率值: record_id=11, field=goal_1
2026-04-14 16:03:47 - tczq_data - INFO - ✓ 记录赔率变化: tczq_total_goal_odds.goal_1 0.000 -> 0.000 (diff=0.000)
2026-04-14 16:03:47 - tczq_data - WARNING - 无法获取原始赔率值: record_id=11, field=goal_2
2026-04-14 16:03:47 - tczq_data - INFO - ✓ 记录赔率变化: tczq_total_goal_odds.goal_2 0.000 -> 0.000 (diff=0.000)
2026-04-14 16:03:47 - tczq_data - WARNING - 无法获取原始赔率值: record_id=11, field=goal_3
2026-04-14 16:03:47 - tczq_data - INFO - ✓ 记录赔率变化: tczq_total_goal_odds.goal_3 0.000 -> 0.000 (diff=0.000)
2026-04-14 16:03:47 - tczq_data - WARNING - 无法获取原始赔率值: record_id=11, field=goal_4
2026-04-14 16:03:47 - tczq_data - INFO - ✓ 记录赔率变化: tczq_total_goal_odds.goal_4 0.000 -> 0.000 (diff=0.000)
2026-04-14 16:03:47 - tczq_data - WARNING - 无法获取原始赔率值: record_id=11, field=goal_5
2026-04-14 16:03:47 - tczq_data - INFO - ✓ 记录赔率变化: tczq_total_goal_odds.goal_5 0.000 -> 0.000 (diff=0.000)
2026-04-14 16:03:47 - tczq_data - WARNING - 无法获取原始赔率值: record_id=11, field=goal_6
2026-04-14 16:03:47 - tczq_data - INFO - ✓ 记录赔率变化: tczq_total_goal_odds.goal_6 0.000 -> 0.000 (diff=0.000)
2026-04-14 16:03:47 - tczq_data - WARNING - 无法获取原始赔率值: record_id=11, field=goal_about
2026-04-14 16:03:47 - tczq_data - INFO - ✓ 记录赔率变化: tczq_total_goal_odds.goal_about 0.000 -> 0.000 (diff=0.000)
2026-04-14 16:03:47 - tczq_data - WARNING - 无法获取原始赔率值: record_id=11, field=half_win_full_win
2026-04-14 16:03:47 - tczq_data - INFO - ✓ 记录赔率变化: tczq_ht_ft_odds.half_win_full_win 0.000 -> 0.000 (diff=0.000)
2026-04-14 16:03:47 - tczq_data - WARNING - 无法获取原始赔率值: record_id=11, field=half_win_full_draw
2026-04-14 16:03:47 - tczq_data - INFO - ✓ 记录赔率变化: tczq_ht_ft_odds.half_win_full_draw 0.000 -> 0.000 (diff=0.000)
2026-04-14 16:03:47 - tczq_data - WARNING - 无法获取原始赔率值: record_id=11, field=half_win_full_lose
2026-04-14 16:03:47 - tczq_data - INFO - ✓ 记录赔率变化: tczq_ht_ft_odds.half_win_full_lose 0.000 -> 0.000 (diff=0.000)
2026-04-14 16:03:47 - tczq_data - WARNING - 无法获取原始赔率值: record_id=11, field=half_draw_full_win
2026-04-14 16:03:47 - tczq_data - INFO - ✓ 记录赔率变化: tczq_ht_ft_odds.half_draw_full_win 0.000 -> 0.000 (diff=0.000)
2026-04-14 16:03:47 - tczq_data - WARNING - 无法获取原始赔率值: record_id=11, field=half_draw_full_lose
2026-04-14 16:03:47 - tczq_data - INFO - ✓ 记录赔率变化: tczq_ht_ft_odds.half_draw_full_lose 0.000 -> 0.000 (diff=0.000)
2026-04-14 16:03:47 - tczq_data - WARNING - 无法获取原始赔率值: record_id=11, field=half_lose_full_win
2026-04-14 16:03:47 - tczq_data - INFO - ✓ 记录赔率变化: tczq_ht_ft_odds.half_lose_full_win 0.000 -> 0.000 (diff=0.000)
2026-04-14 16:03:47 - tczq_data - WARNING - 无法获取原始赔率值: record_id=11, field=half_lose_full_draw
2026-04-14 16:03:47 - tczq_data - INFO - ✓ 记录赔率变化: tczq_ht_ft_odds.half_lose_full_draw 0.000 -> 0.000 (diff=0.000)
2026-04-14 16:03:47 - tczq_data - WARNING - 无法获取原始赔率值: record_id=11, field=half_lose_full_lose
2026-04-14 16:03:47 - tczq_data - INFO - ✓ 记录赔率变化: tczq_ht_ft_odds.half_lose_full_lose 0.000 -> 0.000 (diff=0.000)
2026-04-14 16:03:47 - tczq_data - WARNING - 无法获取原始赔率值: record_id=12, field=goal_0
2026-04-14 16:03:47 - tczq_data - INFO - ✓ 记录赔率变化: tczq_total_goal_odds.goal_0 0.000 -> 0.000 (diff=0.000)
2026-04-14 16:03:47 - tczq_data - WARNING - 无法获取原始赔率值: record_id=12, field=goal_1
2026-04-14 16:03:47 - tczq_data - INFO - ✓ 记录赔率变化: tczq_total_goal_odds.goal_1 0.000 -> 0.000 (diff=0.000)
2026-04-14 16:03:47 - tczq_data - WARNING - 无法获取原始赔率值: record_id=12, field=goal_2
2026-04-14 16:03:47 - tczq_data - INFO - ✓ 记录赔率变化: tczq_total_goal_odds.goal_2 0.000 -> 0.000 (diff=0.000)
2026-04-14 16:03:47 - tczq_data - WARNING - 无法获取原始赔率值: record_id=12, field=goal_3
2026-04-14 16:03:47 - tczq_data - INFO - ✓ 记录赔率变化: tczq_total_goal_odds.goal_3 0.000 -> 0.000 (diff=0.000)
2026-04-14 16:03:47 - tczq_data - WARNING - 无法获取原始赔率值: record_id=12, field=goal_4
2026-04-14 16:03:47 - tczq_data - INFO - ✓ 记录赔率变化: tczq_total_goal_odds.goal_4 0.000 -> 0.000 (diff=0.000)
2026-04-14 16:03:47 - tczq_data - WARNING - 无法获取原始赔率值: record_id=12, field=goal_5
2026-04-14 16:03:47 - tczq_data - INFO - ✓ 记录赔率变化: tczq_total_goal_odds.goal_5 0.000 -> 0.000 (diff=0.000)
2026-04-14 16:03:47 - tczq_data - WARNING - 无法获取原始赔率值: record_id=12, field=goal_6
2026-04-14 16:03:47 - tczq_data - INFO - ✓ 记录赔率变化: tczq_total_goal_odds.goal_6 0.000 -> 0.000 (diff=0.000)
2026-04-14 16:03:47 - tczq_data - WARNING - 无法获取原始赔率值: record_id=12, field=goal_about
2026-04-14 16:03:47 - tczq_data - INFO - ✓ 记录赔率变化: tczq_total_goal_odds.goal_about 0.000 -> 0.000 (diff=0.000)
2026-04-14 16:03:47 - tczq_data - WARNING - 无法获取原始赔率值: record_id=12, field=half_win_full_win
2026-04-14 16:03:47 - tczq_data - INFO - ✓ 记录赔率变化: tczq_ht_ft_odds.half_win_full_win 0.000 -> 0.000 (diff=0.000)
2026-04-14 16:03:47 - tczq_data - WARNING - 无法获取原始赔率值: record_id=12, field=half_win_full_draw
2026-04-14 16:03:47 - tczq_data - INFO - ✓ 记录赔率变化: tczq_ht_ft_odds.half_win_full_draw 0.000 -> 0.000 (diff=0.000)
2026-04-14 16:03:47 - tczq_data - WARNING - 无法获取原始赔率值: record_id=12, field=half_win_full_lose
2026-04-14 16:03:47 - tczq_data - INFO - ✓ 记录赔率变化: tczq_ht_ft_odds.half_win_full_lose 0.000 -> 0.000 (diff=0.000)
2026-04-14 16:03:47 - tczq_data - WARNING - 无法获取原始赔率值: record_id=12, field=half_draw_full_win
2026-04-14 16:03:47 - tczq_data - INFO - ✓ 记录赔率变化: tczq_ht_ft_odds.half_draw_full_win 0.000 -> 0.000 (diff=0.000)
2026-04-14 16:03:47 - tczq_data - WARNING - 无法获取原始赔率值: record_id=12, field=half_draw_full_lose
2026-04-14 16:03:47 - tczq_data - INFO - ✓ 记录赔率变化: tczq_ht_ft_odds.half_draw_full_lose 0.000 -> 0.000 (diff=0.000)
2026-04-14 16:03:47 - tczq_data - WARNING - 无法获取原始赔率值: record_id=12, field=half_lose_full_win
2026-04-14 16:03:47 - tczq_data - INFO - ✓ 记录赔率变化: tczq_ht_ft_odds.half_lose_full_win 0.000 -> 0.000 (diff=0.000)
2026-04-14 16:03:47 - tczq_data - WARNING - 无法获取原始赔率值: record_id=12, field=half_lose_full_draw
2026-04-14 16:03:47 - tczq_data - INFO - ✓ 记录赔率变化: tczq_ht_ft_odds.half_lose_full_draw 0.000 -> 0.000 (diff=0.000)
2026-04-14 16:03:47 - tczq_data - WARNING - 无法获取原始赔率值: record_id=12, field=half_lose_full_lose
2026-04-14 16:03:47 - tczq_data - INFO - ✓ 记录赔率变化: tczq_ht_ft_odds.half_lose_full_lose 0.000 -> 0.000 (diff=0.000)
2026-04-14 16:03:47 - tczq_data - INFO - 赔率数据处理完成
2026-04-14 16:05:48 - tczq_data - WARNING - 无法获取原始赔率值: record_id=1, field=h1
2026-04-14 16:05:48 - tczq_data - WARNING - 无法获取原始赔率值: record_id=1, field=h2
2026-04-14 16:05:48 - tczq_data - WARNING - 无法获取原始赔率值: record_id=1, field=h3
2026-04-14 16:05:48 - tczq_data - WARNING - 无法获取原始赔率值: record_id=1, field=h4
2026-04-14 16:05:48 - tczq_data - WARNING - 无法获取原始赔率值: record_id=1, field=h5
2026-04-14 16:05:48 - tczq_data - WARNING - 无法获取原始赔率值: record_id=1, field=h6
2026-04-14 16:05:48 - tczq_data - WARNING - 无法获取原始赔率值: record_id=1, field=a1
2026-04-14 16:05:48 - tczq_data - WARNING - 无法获取原始赔率值: record_id=1, field=a2
2026-04-14 16:05:48 - tczq_data - WARNING - 无法获取原始赔率值: record_id=1, field=a3
2026-04-14 16:05:48 - tczq_data - WARNING - 无法获取原始赔率值: record_id=1, field=a4
2026-04-14 16:05:48 - tczq_data - WARNING - 无法获取原始赔率值: record_id=1, field=a5
2026-04-14 16:05:48 - tczq_data - WARNING - 无法获取原始赔率值: record_id=1, field=a6
2026-04-14 16:05:48 - tczq_data - WARNING - 无法获取原始赔率值: record_id=2, field=h1
2026-04-14 16:05:48 - tczq_data - WARNING - 无法获取原始赔率值: record_id=2, field=h2
2026-04-14 16:05:48 - tczq_data - WARNING - 无法获取原始赔率值: record_id=2, field=h3
2026-04-14 16:05:48 - tczq_data - WARNING - 无法获取原始赔率值: record_id=2, field=h4
2026-04-14 16:05:48 - tczq_data - WARNING - 无法获取原始赔率值: record_id=2, field=h5
2026-04-14 16:05:48 - tczq_data - WARNING - 无法获取原始赔率值: record_id=2, field=h6
2026-04-14 16:05:48 - tczq_data - WARNING - 无法获取原始赔率值: record_id=2, field=a1
2026-04-14 16:05:48 - tczq_data - WARNING - 无法获取原始赔率值: record_id=2, field=a2
2026-04-14 16:05:48 - tczq_data - WARNING - 无法获取原始赔率值: record_id=2, field=a3
2026-04-14 16:05:48 - tczq_data - WARNING - 无法获取原始赔率值: record_id=2, field=a4
2026-04-14 16:05:48 - tczq_data - WARNING - 无法获取原始赔率值: record_id=2, field=a5
2026-04-14 16:05:48 - tczq_data - WARNING - 无法获取原始赔率值: record_id=2, field=a6
2026-04-14 16:05:48 - tczq_data - WARNING - 无法获取原始赔率值: record_id=3, field=h1
2026-04-14 16:05:48 - tczq_data - WARNING - 无法获取原始赔率值: record_id=3, field=h2
2026-04-14 16:05:48 - tczq_data - WARNING - 无法获取原始赔率值: record_id=3, field=h3
2026-04-14 16:05:48 - tczq_data - WARNING - 无法获取原始赔率值: record_id=3, field=h4
2026-04-14 16:05:48 - tczq_data - WARNING - 无法获取原始赔率值: record_id=3, field=h5
2026-04-14 16:05:48 - tczq_data - WARNING - 无法获取原始赔率值: record_id=3, field=h6
2026-04-14 16:05:48 - tczq_data - WARNING - 无法获取原始赔率值: record_id=3, field=a1
2026-04-14 16:05:48 - tczq_data - WARNING - 无法获取原始赔率值: record_id=3, field=a2
2026-04-14 16:05:48 - tczq_data - WARNING - 无法获取原始赔率值: record_id=3, field=a3
2026-04-14 16:05:48 - tczq_data - WARNING - 无法获取原始赔率值: record_id=3, field=a4
2026-04-14 16:05:48 - tczq_data - WARNING - 无法获取原始赔率值: record_id=3, field=a5
2026-04-14 16:05:48 - tczq_data - WARNING - 无法获取原始赔率值: record_id=3, field=a6
2026-04-14 16:05:49 - tczq_data - WARNING - 无法获取原始赔率值: record_id=4, field=h1
2026-04-14 16:05:49 - tczq_data - WARNING - 无法获取原始赔率值: record_id=4, field=h2
2026-04-14 16:05:49 - tczq_data - WARNING - 无法获取原始赔率值: record_id=4, field=h3
2026-04-14 16:05:49 - tczq_data - WARNING - 无法获取原始赔率值: record_id=4, field=h4
2026-04-14 16:05:49 - tczq_data - WARNING - 无法获取原始赔率值: record_id=4, field=h5
2026-04-14 16:05:49 - tczq_data - WARNING - 无法获取原始赔率值: record_id=4, field=h6
2026-04-14 16:05:49 - tczq_data - WARNING - 无法获取原始赔率值: record_id=4, field=a1
2026-04-14 16:05:49 - tczq_data - WARNING - 无法获取原始赔率值: record_id=4, field=a2
2026-04-14 16:05:49 - tczq_data - WARNING - 无法获取原始赔率值: record_id=4, field=a3
2026-04-14 16:05:49 - tczq_data - WARNING - 无法获取原始赔率值: record_id=4, field=a4
2026-04-14 16:05:49 - tczq_data - WARNING - 无法获取原始赔率值: record_id=4, field=a5
2026-04-14 16:05:49 - tczq_data - WARNING - 无法获取原始赔率值: record_id=4, field=a6
2026-04-14 16:28:54 - tczq_data - INFO - 开始获取当前比赛数据（带赔率）...
2026-04-14 16:28:54 - tczq_data - INFO - 共获取 12 场比赛
2026-04-14 16:28:54 - tczq_data - INFO - 成功保存 12 条比赛记录
2026-04-14 16:28:54 - tczq_data - INFO - 开始处理 12 条赔率数据
2026-04-14 16:28:55 - tczq_data - WARNING - 无法获取原始赔率值: record_id=1, field=goal_0
2026-04-14 16:28:55 - tczq_data - INFO - ✓ 记录赔率变化: tczq_total_goal_odds.goal_0 0.000 -> 0.000 (diff=0.000)
2026-04-14 16:28:55 - tczq_data - WARNING - 无法获取原始赔率值: record_id=1, field=goal_1
2026-04-14 16:28:55 - tczq_data - INFO - ✓ 记录赔率变化: tczq_total_goal_odds.goal_1 0.000 -> 0.000 (diff=0.000)
2026-04-14 16:28:55 - tczq_data - WARNING - 无法获取原始赔率值: record_id=1, field=goal_2
2026-04-14 16:28:55 - tczq_data - INFO - ✓ 记录赔率变化: tczq_total_goal_odds.goal_2 0.000 -> 0.000 (diff=0.000)
2026-04-14 16:28:55 - tczq_data - WARNING - 无法获取原始赔率值: record_id=1, field=goal_3
2026-04-14 16:28:55 - tczq_data - INFO - ✓ 记录赔率变化: tczq_total_goal_odds.goal_3 0.000 -> 0.000 (diff=0.000)
2026-04-14 16:28:55 - tczq_data - WARNING - 无法获取原始赔率值: record_id=1, field=goal_4
2026-04-14 16:28:55 - tczq_data - INFO - ✓ 记录赔率变化: tczq_total_goal_odds.goal_4 0.000 -> 0.000 (diff=0.000)
2026-04-14 16:28:55 - tczq_data - WARNING - 无法获取原始赔率值: record_id=1, field=goal_5
2026-04-14 16:28:55 - tczq_data - INFO - ✓ 记录赔率变化: tczq_total_goal_odds.goal_5 0.000 -> 0.000 (diff=0.000)
2026-04-14 16:28:55 - tczq_data - WARNING - 无法获取原始赔率值: record_id=1, field=goal_6
2026-04-14 16:28:55 - tczq_data - INFO - ✓ 记录赔率变化: tczq_total_goal_odds.goal_6 0.000 -> 0.000 (diff=0.000)
2026-04-14 16:28:55 - tczq_data - WARNING - 无法获取原始赔率值: record_id=1, field=goal_about
2026-04-14 16:28:55 - tczq_data - INFO - ✓ 记录赔率变化: tczq_total_goal_odds.goal_about 0.000 -> 0.000 (diff=0.000)
2026-04-14 16:28:55 - tczq_data - WARNING - 无法获取原始赔率值: record_id=1, field=half_win_full_win
2026-04-14 16:28:55 - tczq_data - INFO - ✓ 记录赔率变化: tczq_ht_ft_odds.half_win_full_win 0.000 -> 0.000 (diff=0.000)
2026-04-14 16:28:55 - tczq_data - WARNING - 无法获取原始赔率值: record_id=1, field=half_win_full_draw
2026-04-14 16:28:55 - tczq_data - INFO - ✓ 记录赔率变化: tczq_ht_ft_odds.half_win_full_draw 0.000 -> 0.000 (diff=0.000)
2026-04-14 16:28:55 - tczq_data - WARNING - 无法获取原始赔率值: record_id=1, field=half_win_full_lose
2026-04-14 16:28:55 - tczq_data - INFO - ✓ 记录赔率变化: tczq_ht_ft_odds.half_win_full_lose 0.000 -> 0.000 (diff=0.000)
2026-04-14 16:28:55 - tczq_data - WARNING - 无法获取原始赔率值: record_id=1, field=half_draw_full_win
2026-04-14 16:28:55 - tczq_data - INFO - ✓ 记录赔率变化: tczq_ht_ft_odds.half_draw_full_win 0.000 -> 0.000 (diff=0.000)
2026-04-14 16:28:55 - tczq_data - WARNING - 无法获取原始赔率值: record_id=1, field=half_draw_full_lose
2026-04-14 16:28:55 - tczq_data - INFO - ✓ 记录赔率变化: tczq_ht_ft_odds.half_draw_full_lose 0.000 -> 0.000 (diff=0.000)
2026-04-14 16:28:55 - tczq_data - WARNING - 无法获取原始赔率值: record_id=1, field=half_lose_full_win
2026-04-14 16:28:55 - tczq_data - INFO - ✓ 记录赔率变化: tczq_ht_ft_odds.half_lose_full_win 0.000 -> 0.000 (diff=0.000)
2026-04-14 16:28:55 - tczq_data - WARNING - 无法获取原始赔率值: record_id=1, field=half_lose_full_draw
2026-04-14 16:28:55 - tczq_data - INFO - ✓ 记录赔率变化: tczq_ht_ft_odds.half_lose_full_draw 0.000 -> 0.000 (diff=0.000)
2026-04-14 16:28:55 - tczq_data - WARNING - 无法获取原始赔率值: record_id=1, field=half_lose_full_lose
2026-04-14 16:28:55 - tczq_data - INFO - ✓ 记录赔率变化: tczq_ht_ft_odds.half_lose_full_lose 0.000 -> 0.000 (diff=0.000)
2026-04-14 16:28:55 - tczq_data - INFO - ✓ 记录赔率变化: tczq_handicap_spf_odds.draw_pl 3.900 -> 4.000 (diff=0.100)
2026-04-14 16:28:55 - tczq_data - WARNING - 无法获取原始赔率值: record_id=2, field=goal_0
2026-04-14 16:28:55 - tczq_data - INFO - ✓ 记录赔率变化: tczq_total_goal_odds.goal_0 0.000 -> 0.000 (diff=0.000)
2026-04-14 16:28:55 - tczq_data - WARNING - 无法获取原始赔率值: record_id=2, field=goal_1
2026-04-14 16:28:55 - tczq_data - INFO - ✓ 记录赔率变化: tczq_total_goal_odds.goal_1 0.000 -> 0.000 (diff=0.000)
2026-04-14 16:28:55 - tczq_data - WARNING - 无法获取原始赔率值: record_id=2, field=goal_2
2026-04-14 16:28:55 - tczq_data - INFO - ✓ 记录赔率变化: tczq_total_goal_odds.goal_2 0.000 -> 0.000 (diff=0.000)
2026-04-14 16:28:55 - tczq_data - WARNING - 无法获取原始赔率值: record_id=2, field=goal_3
2026-04-14 16:28:55 - tczq_data - INFO - ✓ 记录赔率变化: tczq_total_goal_odds.goal_3 0.000 -> 0.000 (diff=0.000)
2026-04-14 16:28:55 - tczq_data - WARNING - 无法获取原始赔率值: record_id=2, field=goal_4
2026-04-14 16:28:55 - tczq_data - INFO - ✓ 记录赔率变化: tczq_total_goal_odds.goal_4 0.000 -> 0.000 (diff=0.000)
2026-04-14 16:28:55 - tczq_data - WARNING - 无法获取原始赔率值: record_id=2, field=goal_5
2026-04-14 16:28:55 - tczq_data - INFO - ✓ 记录赔率变化: tczq_total_goal_odds.goal_5 0.000 -> 0.000 (diff=0.000)
2026-04-14 16:28:55 - tczq_data - WARNING - 无法获取原始赔率值: record_id=2, field=goal_6
2026-04-14 16:28:55 - tczq_data - INFO - ✓ 记录赔率变化: tczq_total_goal_odds.goal_6 0.000 -> 0.000 (diff=0.000)
2026-04-14 16:28:55 - tczq_data - WARNING - 无法获取原始赔率值: record_id=2, field=goal_about
2026-04-14 16:28:55 - tczq_data - INFO - ✓ 记录赔率变化: tczq_total_goal_odds.goal_about 0.000 -> 0.000 (diff=0.000)
2026-04-14 16:28:55 - tczq_data - WARNING - 无法获取原始赔率值: record_id=2, field=half_win_full_win
2026-04-14 16:28:55 - tczq_data - INFO - ✓ 记录赔率变化: tczq_ht_ft_odds.half_win_full_win 0.000 -> 0.000 (diff=0.000)
2026-04-14 16:28:55 - tczq_data - WARNING - 无法获取原始赔率值: record_id=2, field=half_win_full_draw
2026-04-14 16:28:55 - tczq_data - INFO - ✓ 记录赔率变化: tczq_ht_ft_odds.half_win_full_draw 0.000 -> 0.000 (diff=0.000)
2026-04-14 16:28:55 - tczq_data - WARNING - 无法获取原始赔率值: record_id=2, field=half_win_full_lose
2026-04-14 16:28:55 - tczq_data - INFO - ✓ 记录赔率变化: tczq_ht_ft_odds.half_win_full_lose 0.000 -> 0.000 (diff=0.000)
2026-04-14 16:28:55 - tczq_data - WARNING - 无法获取原始赔率值: record_id=2, field=half_draw_full_win
2026-04-14 16:28:55 - tczq_data - INFO - ✓ 记录赔率变化: tczq_ht_ft_odds.half_draw_full_win 0.000 -> 0.000 (diff=0.000)
2026-04-14 16:28:55 - tczq_data - WARNING - 无法获取原始赔率值: record_id=2, field=half_draw_full_lose
2026-04-14 16:28:55 - tczq_data - INFO - ✓ 记录赔率变化: tczq_ht_ft_odds.half_draw_full_lose 0.000 -> 0.000 (diff=0.000)
2026-04-14 16:28:55 - tczq_data - WARNING - 无法获取原始赔率值: record_id=2, field=half_lose_full_win
2026-04-14 16:28:55 - tczq_data - INFO - ✓ 记录赔率变化: tczq_ht_ft_odds.half_lose_full_win 0.000 -> 0.000 (diff=0.000)
2026-04-14 16:28:55 - tczq_data - WARNING - 无法获取原始赔率值: record_id=2, field=half_lose_full_draw
2026-04-14 16:28:55 - tczq_data - INFO - ✓ 记录赔率变化: tczq_ht_ft_odds.half_lose_full_draw 0.000 -> 0.000 (diff=0.000)
2026-04-14 16:28:55 - tczq_data - WARNING - 无法获取原始赔率值: record_id=2, field=half_lose_full_lose
2026-04-14 16:28:55 - tczq_data - INFO - ✓ 记录赔率变化: tczq_ht_ft_odds.half_lose_full_lose 0.000 -> 0.000 (diff=0.000)
2026-04-14 16:28:55 - tczq_data - WARNING - 无法获取原始赔率值: record_id=3, field=goal_0
2026-04-14 16:28:55 - tczq_data - INFO - ✓ 记录赔率变化: tczq_total_goal_odds.goal_0 0.000 -> 0.000 (diff=0.000)
2026-04-14 16:28:55 - tczq_data - WARNING - 无法获取原始赔率值: record_id=3, field=goal_1
2026-04-14 16:28:55 - tczq_data - INFO - ✓ 记录赔率变化: tczq_total_goal_odds.goal_1 0.000 -> 0.000 (diff=0.000)
2026-04-14 16:28:55 - tczq_data - WARNING - 无法获取原始赔率值: record_id=3, field=goal_2
2026-04-14 16:28:55 - tczq_data - INFO - ✓ 记录赔率变化: tczq_total_goal_odds.goal_2 0.000 -> 0.000 (diff=0.000)
2026-04-14 16:28:55 - tczq_data - WARNING - 无法获取原始赔率值: record_id=3, field=goal_3
2026-04-14 16:28:55 - tczq_data - INFO - ✓ 记录赔率变化: tczq_total_goal_odds.goal_3 0.000 -> 0.000 (diff=0.000)
2026-04-14 16:28:55 - tczq_data - WARNING - 无法获取原始赔率值: record_id=3, field=goal_4
2026-04-14 16:28:55 - tczq_data - INFO - ✓ 记录赔率变化: tczq_total_goal_odds.goal_4 0.000 -> 0.000 (diff=0.000)
2026-04-14 16:28:55 - tczq_data - WARNING - 无法获取原始赔率值: record_id=3, field=goal_5
2026-04-14 16:28:55 - tczq_data - INFO - ✓ 记录赔率变化: tczq_total_goal_odds.goal_5 0.000 -> 0.000 (diff=0.000)
2026-04-14 16:28:55 - tczq_data - WARNING - 无法获取原始赔率值: record_id=3, field=goal_6
2026-04-14 16:28:55 - tczq_data - INFO - ✓ 记录赔率变化: tczq_total_goal_odds.goal_6 0.000 -> 0.000 (diff=0.000)
2026-04-14 16:28:55 - tczq_data - WARNING - 无法获取原始赔率值: record_id=3, field=goal_about
2026-04-14 16:28:56 - tczq_data - INFO - ✓ 记录赔率变化: tczq_total_goal_odds.goal_about 0.000 -> 0.000 (diff=0.000)
2026-04-14 16:28:56 - tczq_data - WARNING - 无法获取原始赔率值: record_id=3, field=half_win_full_win
2026-04-14 16:28:56 - tczq_data - INFO - ✓ 记录赔率变化: tczq_ht_ft_odds.half_win_full_win 0.000 -> 0.000 (diff=0.000)
2026-04-14 16:28:56 - tczq_data - WARNING - 无法获取原始赔率值: record_id=3, field=half_win_full_draw
2026-04-14 16:28:56 - tczq_data - INFO - ✓ 记录赔率变化: tczq_ht_ft_odds.half_win_full_draw 0.000 -> 0.000 (diff=0.000)
2026-04-14 16:28:56 - tczq_data - WARNING - 无法获取原始赔率值: record_id=3, field=half_win_full_lose
2026-04-14 16:28:56 - tczq_data - INFO - ✓ 记录赔率变化: tczq_ht_ft_odds.half_win_full_lose 0.000 -> 0.000 (diff=0.000)
2026-04-14 16:28:56 - tczq_data - WARNING - 无法获取原始赔率值: record_id=3, field=half_draw_full_win
2026-04-14 16:28:56 - tczq_data - INFO - ✓ 记录赔率变化: tczq_ht_ft_odds.half_draw_full_win 0.000 -> 0.000 (diff=0.000)
2026-04-14 16:28:56 - tczq_data - WARNING - 无法获取原始赔率值: record_id=3, field=half_draw_full_lose
2026-04-14 16:28:56 - tczq_data - INFO - ✓ 记录赔率变化: tczq_ht_ft_odds.half_draw_full_lose 0.000 -> 0.000 (diff=0.000)
2026-04-14 16:28:56 - tczq_data - WARNING - 无法获取原始赔率值: record_id=3, field=half_lose_full_win
2026-04-14 16:28:56 - tczq_data - INFO - ✓ 记录赔率变化: tczq_ht_ft_odds.half_lose_full_win 0.000 -> 0.000 (diff=0.000)
2026-04-14 16:28:56 - tczq_data - WARNING - 无法获取原始赔率值: record_id=3, field=half_lose_full_draw
2026-04-14 16:28:56 - tczq_data - INFO - ✓ 记录赔率变化: tczq_ht_ft_odds.half_lose_full_draw 0.000 -> 0.000 (diff=0.000)
2026-04-14 16:28:56 - tczq_data - WARNING - 无法获取原始赔率值: record_id=3, field=half_lose_full_lose
2026-04-14 16:28:56 - tczq_data - INFO - ✓ 记录赔率变化: tczq_ht_ft_odds.half_lose_full_lose 0.000 -> 0.000 (diff=0.000)
2026-04-14 16:28:56 - tczq_data - INFO - ✓ 记录赔率变化: tczq_spf_odds.draw_pl 3.900 -> 4.000 (diff=0.100)
2026-04-14 16:28:56 - tczq_data - INFO - ✓ 记录赔率变化: tczq_spf_odds.lose_pl 5.600 -> 5.700 (diff=0.100)
2026-04-14 16:28:56 - tczq_data - INFO - ✓ 记录赔率变化: tczq_handicap_spf_odds.draw_pl 3.350 -> 3.300 (diff=0.050)
2026-04-14 16:28:56 - tczq_data - INFO - ✓ 记录赔率变化: tczq_handicap_spf_odds.lose_pl 2.330 -> 2.400 (diff=0.070)
2026-04-14 16:28:56 - tczq_data - WARNING - 无法获取原始赔率值: record_id=4, field=goal_0
2026-04-14 16:28:56 - tczq_data - INFO - ✓ 记录赔率变化: tczq_total_goal_odds.goal_0 0.000 -> 0.000 (diff=0.000)
2026-04-14 16:28:56 - tczq_data - WARNING - 无法获取原始赔率值: record_id=4, field=goal_1
2026-04-14 16:28:56 - tczq_data - INFO - ✓ 记录赔率变化: tczq_total_goal_odds.goal_1 0.000 -> 0.000 (diff=0.000)
2026-04-14 16:28:56 - tczq_data - WARNING - 无法获取原始赔率值: record_id=4, field=goal_2
2026-04-14 16:28:56 - tczq_data - INFO - ✓ 记录赔率变化: tczq_total_goal_odds.goal_2 0.000 -> 0.000 (diff=0.000)
2026-04-14 16:28:56 - tczq_data - WARNING - 无法获取原始赔率值: record_id=4, field=goal_3
2026-04-14 16:28:56 - tczq_data - INFO - ✓ 记录赔率变化: tczq_total_goal_odds.goal_3 0.000 -> 0.000 (diff=0.000)
2026-04-14 16:28:56 - tczq_data - WARNING - 无法获取原始赔率值: record_id=4, field=goal_4
2026-04-14 16:28:56 - tczq_data - INFO - ✓ 记录赔率变化: tczq_total_goal_odds.goal_4 0.000 -> 0.000 (diff=0.000)
2026-04-14 16:28:56 - tczq_data - WARNING - 无法获取原始赔率值: record_id=4, field=goal_5
2026-04-14 16:28:56 - tczq_data - INFO - ✓ 记录赔率变化: tczq_total_goal_odds.goal_5 0.000 -> 0.000 (diff=0.000)
2026-04-14 16:28:56 - tczq_data - WARNING - 无法获取原始赔率值: record_id=4, field=goal_6
2026-04-14 16:28:56 - tczq_data - INFO - ✓ 记录赔率变化: tczq_total_goal_odds.goal_6 0.000 -> 0.000 (diff=0.000)
2026-04-14 16:28:56 - tczq_data - WARNING - 无法获取原始赔率值: record_id=4, field=goal_about
2026-04-14 16:28:56 - tczq_data - INFO - ✓ 记录赔率变化: tczq_total_goal_odds.goal_about 0.000 -> 0.000 (diff=0.000)
2026-04-14 16:28:56 - tczq_data - WARNING - 无法获取原始赔率值: record_id=4, field=half_win_full_win
2026-04-14 16:28:56 - tczq_data - INFO - ✓ 记录赔率变化: tczq_ht_ft_odds.half_win_full_win 0.000 -> 0.000 (diff=0.000)
2026-04-14 16:28:56 - tczq_data - WARNING - 无法获取原始赔率值: record_id=4, field=half_win_full_draw
2026-04-14 16:28:56 - tczq_data - INFO - ✓ 记录赔率变化: tczq_ht_ft_odds.half_win_full_draw 0.000 -> 0.000 (diff=0.000)
2026-04-14 16:28:56 - tczq_data - WARNING - 无法获取原始赔率值: record_id=4, field=half_win_full_lose
2026-04-14 16:28:56 - tczq_data - INFO - ✓ 记录赔率变化: tczq_ht_ft_odds.half_win_full_lose 0.000 -> 0.000 (diff=0.000)
2026-04-14 16:28:56 - tczq_data - WARNING - 无法获取原始赔率值: record_id=4, field=half_draw_full_win
2026-04-14 16:28:56 - tczq_data - INFO - ✓ 记录赔率变化: tczq_ht_ft_odds.half_draw_full_win 0.000 -> 0.000 (diff=0.000)
2026-04-14 16:28:56 - tczq_data - INFO - ✓ 记录赔率变化: tczq_ht_ft_odds.half_draw_full_draw 5.700 -> 5.500 (diff=0.200)
2026-04-14 16:28:56 - tczq_data - WARNING - 无法获取原始赔率值: record_id=4, field=half_draw_full_lose
2026-04-14 16:28:56 - tczq_data - INFO - ✓ 记录赔率变化: tczq_ht_ft_odds.half_draw_full_lose 0.000 -> 0.000 (diff=0.000)
2026-04-14 16:28:56 - tczq_data - WARNING - 无法获取原始赔率值: record_id=4, field=half_lose_full_win
2026-04-14 16:28:56 - tczq_data - INFO - ✓ 记录赔率变化: tczq_ht_ft_odds.half_lose_full_win 0.000 -> 0.000 (diff=0.000)
2026-04-14 16:28:56 - tczq_data - WARNING - 无法获取原始赔率值: record_id=4, field=half_lose_full_draw
2026-04-14 16:28:56 - tczq_data - INFO - ✓ 记录赔率变化: tczq_ht_ft_odds.half_lose_full_draw 0.000 -> 0.000 (diff=0.000)
2026-04-14 16:28:56 - tczq_data - WARNING - 无法获取原始赔率值: record_id=4, field=half_lose_full_lose
2026-04-14 16:28:56 - tczq_data - INFO - ✓ 记录赔率变化: tczq_ht_ft_odds.half_lose_full_lose 0.000 -> 0.000 (diff=0.000)
2026-04-14 16:28:56 - tczq_data - WARNING - 无法获取原始赔率值: record_id=5, field=goal_0
2026-04-14 16:28:56 - tczq_data - INFO - ✓ 记录赔率变化: tczq_total_goal_odds.goal_0 0.000 -> 0.000 (diff=0.000)
2026-04-14 16:28:56 - tczq_data - WARNING - 无法获取原始赔率值: record_id=5, field=goal_1
2026-04-14 16:28:56 - tczq_data - INFO - ✓ 记录赔率变化: tczq_total_goal_odds.goal_1 0.000 -> 0.000 (diff=0.000)
2026-04-14 16:28:56 - tczq_data - WARNING - 无法获取原始赔率值: record_id=5, field=goal_2
2026-04-14 16:28:56 - tczq_data - INFO - ✓ 记录赔率变化: tczq_total_goal_odds.goal_2 0.000 -> 0.000 (diff=0.000)
2026-04-14 16:28:56 - tczq_data - WARNING - 无法获取原始赔率值: record_id=5, field=goal_3
2026-04-14 16:28:56 - tczq_data - INFO - ✓ 记录赔率变化: tczq_total_goal_odds.goal_3 0.000 -> 0.000 (diff=0.000)
2026-04-14 16:28:56 - tczq_data - WARNING - 无法获取原始赔率值: record_id=5, field=goal_4
2026-04-14 16:28:56 - tczq_data - INFO - ✓ 记录赔率变化: tczq_total_goal_odds.goal_4 0.000 -> 0.000 (diff=0.000)
2026-04-14 16:28:56 - tczq_data - WARNING - 无法获取原始赔率值: record_id=5, field=goal_5
2026-04-14 16:28:56 - tczq_data - INFO - ✓ 记录赔率变化: tczq_total_goal_odds.goal_5 0.000 -> 0.000 (diff=0.000)
2026-04-14 16:28:56 - tczq_data - WARNING - 无法获取原始赔率值: record_id=5, field=goal_6
2026-04-14 16:28:56 - tczq_data - INFO - ✓ 记录赔率变化: tczq_total_goal_odds.goal_6 0.000 -> 0.000 (diff=0.000)
2026-04-14 16:28:56 - tczq_data - WARNING - 无法获取原始赔率值: record_id=5, field=goal_about
2026-04-14 16:28:56 - tczq_data - INFO - ✓ 记录赔率变化: tczq_total_goal_odds.goal_about 0.000 -> 0.000 (diff=0.000)
2026-04-14 16:28:56 - tczq_data - WARNING - 无法获取原始赔率值: record_id=5, field=half_win_full_win
2026-04-14 16:28:57 - tczq_data - INFO - ✓ 记录赔率变化: tczq_ht_ft_odds.half_win_full_win 0.000 -> 0.000 (diff=0.000)
2026-04-14 16:28:57 - tczq_data - WARNING - 无法获取原始赔率值: record_id=5, field=half_win_full_draw
2026-04-14 16:28:57 - tczq_data - INFO - ✓ 记录赔率变化: tczq_ht_ft_odds.half_win_full_draw 0.000 -> 0.000 (diff=0.000)
2026-04-14 16:28:57 - tczq_data - WARNING - 无法获取原始赔率值: record_id=5, field=half_win_full_lose
2026-04-14 16:28:57 - tczq_data - INFO - ✓ 记录赔率变化: tczq_ht_ft_odds.half_win_full_lose 0.000 -> 0.000 (diff=0.000)
2026-04-14 16:28:57 - tczq_data - WARNING - 无法获取原始赔率值: record_id=5, field=half_draw_full_win
2026-04-14 16:28:57 - tczq_data - INFO - ✓ 记录赔率变化: tczq_ht_ft_odds.half_draw_full_win 0.000 -> 0.000 (diff=0.000)
2026-04-14 16:28:57 - tczq_data - WARNING - 无法获取原始赔率值: record_id=5, field=half_draw_full_lose
2026-04-14 16:28:57 - tczq_data - INFO - ✓ 记录赔率变化: tczq_ht_ft_odds.half_draw_full_lose 0.000 -> 0.000 (diff=0.000)
2026-04-14 16:28:57 - tczq_data - WARNING - 无法获取原始赔率值: record_id=5, field=half_lose_full_win
2026-04-14 16:28:57 - tczq_data - INFO - ✓ 记录赔率变化: tczq_ht_ft_odds.half_lose_full_win 0.000 -> 0.000 (diff=0.000)
2026-04-14 16:28:57 - tczq_data - WARNING - 无法获取原始赔率值: record_id=5, field=half_lose_full_draw
2026-04-14 16:28:57 - tczq_data - INFO - ✓ 记录赔率变化: tczq_ht_ft_odds.half_lose_full_draw 0.000 -> 0.000 (diff=0.000)
2026-04-14 16:28:57 - tczq_data - WARNING - 无法获取原始赔率值: record_id=5, field=half_lose_full_lose
2026-04-14 16:28:57 - tczq_data - INFO - ✓ 记录赔率变化: tczq_ht_ft_odds.half_lose_full_lose 0.000 -> 0.000 (diff=0.000)
2026-04-14 16:28:57 - tczq_data - WARNING - 无法获取原始赔率值: record_id=6, field=goal_0
2026-04-14 16:28:57 - tczq_data - INFO - ✓ 记录赔率变化: tczq_total_goal_odds.goal_0 0.000 -> 0.000 (diff=0.000)
2026-04-14 16:28:57 - tczq_data - WARNING - 无法获取原始赔率值: record_id=6, field=goal_1
2026-04-14 16:28:57 - tczq_data - INFO - ✓ 记录赔率变化: tczq_total_goal_odds.goal_1 0.000 -> 0.000 (diff=0.000)
2026-04-14 16:28:57 - tczq_data - WARNING - 无法获取原始赔率值: record_id=6, field=goal_2
2026-04-14 16:28:57 - tczq_data - INFO - ✓ 记录赔率变化: tczq_total_goal_odds.goal_2 0.000 -> 0.000 (diff=0.000)
2026-04-14 16:28:57 - tczq_data - WARNING - 无法获取原始赔率值: record_id=6, field=goal_3
2026-04-14 16:28:57 - tczq_data - INFO - ✓ 记录赔率变化: tczq_total_goal_odds.goal_3 0.000 -> 0.000 (diff=0.000)
2026-04-14 16:28:57 - tczq_data - WARNING - 无法获取原始赔率值: record_id=6, field=goal_4
2026-04-14 16:28:57 - tczq_data - INFO - ✓ 记录赔率变化: tczq_total_goal_odds.goal_4 0.000 -> 0.000 (diff=0.000)
2026-04-14 16:28:57 - tczq_data - WARNING - 无法获取原始赔率值: record_id=6, field=goal_5
2026-04-14 16:28:57 - tczq_data - INFO - ✓ 记录赔率变化: tczq_total_goal_odds.goal_5 0.000 -> 0.000 (diff=0.000)
2026-04-14 16:28:57 - tczq_data - WARNING - 无法获取原始赔率值: record_id=6, field=goal_6
2026-04-14 16:28:57 - tczq_data - INFO - ✓ 记录赔率变化: tczq_total_goal_odds.goal_6 0.000 -> 0.000 (diff=0.000)
2026-04-14 16:28:57 - tczq_data - WARNING - 无法获取原始赔率值: record_id=6, field=goal_about
2026-04-14 16:28:57 - tczq_data - INFO - ✓ 记录赔率变化: tczq_total_goal_odds.goal_about 0.000 -> 0.000 (diff=0.000)
2026-04-14 16:28:57 - tczq_data - WARNING - 无法获取原始赔率值: record_id=6, field=half_win_full_win
2026-04-14 16:28:57 - tczq_data - INFO - ✓ 记录赔率变化: tczq_ht_ft_odds.half_win_full_win 0.000 -> 0.000 (diff=0.000)
2026-04-14 16:28:57 - tczq_data - WARNING - 无法获取原始赔率值: record_id=6, field=half_win_full_draw
2026-04-14 16:28:57 - tczq_data - INFO - ✓ 记录赔率变化: tczq_ht_ft_odds.half_win_full_draw 0.000 -> 0.000 (diff=0.000)
2026-04-14 16:28:57 - tczq_data - WARNING - 无法获取原始赔率值: record_id=6, field=half_win_full_lose
2026-04-14 16:28:57 - tczq_data - INFO - ✓ 记录赔率变化: tczq_ht_ft_odds.half_win_full_lose 0.000 -> 0.000 (diff=0.000)
2026-04-14 16:28:57 - tczq_data - WARNING - 无法获取原始赔率值: record_id=6, field=half_draw_full_win
2026-04-14 16:28:57 - tczq_data - INFO - ✓ 记录赔率变化: tczq_ht_ft_odds.half_draw_full_win 0.000 -> 0.000 (diff=0.000)
2026-04-14 16:28:57 - tczq_data - WARNING - 无法获取原始赔率值: record_id=6, field=half_draw_full_lose
2026-04-14 16:28:57 - tczq_data - INFO - ✓ 记录赔率变化: tczq_ht_ft_odds.half_draw_full_lose 0.000 -> 0.000 (diff=0.000)
2026-04-14 16:28:57 - tczq_data - WARNING - 无法获取原始赔率值: record_id=6, field=half_lose_full_win
2026-04-14 16:28:57 - tczq_data - INFO - ✓ 记录赔率变化: tczq_ht_ft_odds.half_lose_full_win 0.000 -> 0.000 (diff=0.000)
2026-04-14 16:28:57 - tczq_data - WARNING - 无法获取原始赔率值: record_id=6, field=half_lose_full_draw
2026-04-14 16:28:57 - tczq_data - INFO - ✓ 记录赔率变化: tczq_ht_ft_odds.half_lose_full_draw 0.000 -> 0.000 (diff=0.000)
2026-04-14 16:28:57 - tczq_data - WARNING - 无法获取原始赔率值: record_id=6, field=half_lose_full_lose
2026-04-14 16:28:57 - tczq_data - INFO - ✓ 记录赔率变化: tczq_ht_ft_odds.half_lose_full_lose 0.000 -> 0.000 (diff=0.000)
2026-04-14 16:28:57 - tczq_data - WARNING - 无法获取原始赔率值: record_id=7, field=goal_0
2026-04-14 16:28:57 - tczq_data - INFO - ✓ 记录赔率变化: tczq_total_goal_odds.goal_0 0.000 -> 0.000 (diff=0.000)
2026-04-14 16:28:57 - tczq_data - WARNING - 无法获取原始赔率值: record_id=7, field=goal_1
2026-04-14 16:28:57 - tczq_data - INFO - ✓ 记录赔率变化: tczq_total_goal_odds.goal_1 0.000 -> 0.000 (diff=0.000)
2026-04-14 16:28:57 - tczq_data - WARNING - 无法获取原始赔率值: record_id=7, field=goal_2
2026-04-14 16:28:57 - tczq_data - INFO - ✓ 记录赔率变化: tczq_total_goal_odds.goal_2 0.000 -> 0.000 (diff=0.000)
2026-04-14 16:28:57 - tczq_data - WARNING - 无法获取原始赔率值: record_id=7, field=goal_3
2026-04-14 16:28:57 - tczq_data - INFO - ✓ 记录赔率变化: tczq_total_goal_odds.goal_3 0.000 -> 0.000 (diff=0.000)
2026-04-14 16:28:57 - tczq_data - WARNING - 无法获取原始赔率值: record_id=7, field=goal_4
2026-04-14 16:28:57 - tczq_data - INFO - ✓ 记录赔率变化: tczq_total_goal_odds.goal_4 0.000 -> 0.000 (diff=0.000)
2026-04-14 16:28:57 - tczq_data - WARNING - 无法获取原始赔率值: record_id=7, field=goal_5
2026-04-14 16:28:57 - tczq_data - INFO - ✓ 记录赔率变化: tczq_total_goal_odds.goal_5 0.000 -> 0.000 (diff=0.000)
2026-04-14 16:28:57 - tczq_data - WARNING - 无法获取原始赔率值: record_id=7, field=goal_6
2026-04-14 16:28:57 - tczq_data - INFO - ✓ 记录赔率变化: tczq_total_goal_odds.goal_6 0.000 -> 0.000 (diff=0.000)
2026-04-14 16:28:57 - tczq_data - WARNING - 无法获取原始赔率值: record_id=7, field=goal_about
2026-04-14 16:28:57 - tczq_data - INFO - ✓ 记录赔率变化: tczq_total_goal_odds.goal_about 0.000 -> 0.000 (diff=0.000)
2026-04-14 16:28:57 - tczq_data - WARNING - 无法获取原始赔率值: record_id=7, field=half_win_full_win
2026-04-14 16:28:57 - tczq_data - INFO - ✓ 记录赔率变化: tczq_ht_ft_odds.half_win_full_win 0.000 -> 0.000 (diff=0.000)
2026-04-14 16:28:57 - tczq_data - WARNING - 无法获取原始赔率值: record_id=7, field=half_win_full_draw
2026-04-14 16:28:57 - tczq_data - INFO - ✓ 记录赔率变化: tczq_ht_ft_odds.half_win_full_draw 0.000 -> 0.000 (diff=0.000)
2026-04-14 16:28:57 - tczq_data - WARNING - 无法获取原始赔率值: record_id=7, field=half_win_full_lose
2026-04-14 16:28:57 - tczq_data - INFO - ✓ 记录赔率变化: tczq_ht_ft_odds.half_win_full_lose 0.000 -> 0.000 (diff=0.000)
2026-04-14 16:28:57 - tczq_data - WARNING - 无法获取原始赔率值: record_id=7, field=half_draw_full_win
2026-04-14 16:28:58 - tczq_data - INFO - ✓ 记录赔率变化: tczq_ht_ft_odds.half_draw_full_win 0.000 -> 0.000 (diff=0.000)
2026-04-14 16:28:58 - tczq_data - WARNING - 无法获取原始赔率值: record_id=7, field=half_draw_full_lose
2026-04-14 16:28:58 - tczq_data - INFO - ✓ 记录赔率变化: tczq_ht_ft_odds.half_draw_full_lose 0.000 -> 0.000 (diff=0.000)
2026-04-14 16:28:58 - tczq_data - WARNING - 无法获取原始赔率值: record_id=7, field=half_lose_full_win
2026-04-14 16:28:58 - tczq_data - INFO - ✓ 记录赔率变化: tczq_ht_ft_odds.half_lose_full_win 0.000 -> 0.000 (diff=0.000)
2026-04-14 16:28:58 - tczq_data - WARNING - 无法获取原始赔率值: record_id=7, field=half_lose_full_draw
2026-04-14 16:28:58 - tczq_data - INFO - ✓ 记录赔率变化: tczq_ht_ft_odds.half_lose_full_draw 0.000 -> 0.000 (diff=0.000)
2026-04-14 16:28:58 - tczq_data - WARNING - 无法获取原始赔率值: record_id=7, field=half_lose_full_lose
2026-04-14 16:28:58 - tczq_data - INFO - ✓ 记录赔率变化: tczq_ht_ft_odds.half_lose_full_lose 0.000 -> 0.000 (diff=0.000)
2026-04-14 16:28:58 - tczq_data - WARNING - 无法获取原始赔率值: record_id=8, field=goal_0
2026-04-14 16:28:58 - tczq_data - INFO - ✓ 记录赔率变化: tczq_total_goal_odds.goal_0 0.000 -> 0.000 (diff=0.000)
2026-04-14 16:28:58 - tczq_data - WARNING - 无法获取原始赔率值: record_id=8, field=goal_1
2026-04-14 16:28:58 - tczq_data - INFO - ✓ 记录赔率变化: tczq_total_goal_odds.goal_1 0.000 -> 0.000 (diff=0.000)
2026-04-14 16:28:58 - tczq_data - WARNING - 无法获取原始赔率值: record_id=8, field=goal_2
2026-04-14 16:28:58 - tczq_data - INFO - ✓ 记录赔率变化: tczq_total_goal_odds.goal_2 0.000 -> 0.000 (diff=0.000)
2026-04-14 16:28:58 - tczq_data - WARNING - 无法获取原始赔率值: record_id=8, field=goal_3
2026-04-14 16:28:58 - tczq_data - INFO - ✓ 记录赔率变化: tczq_total_goal_odds.goal_3 0.000 -> 0.000 (diff=0.000)
2026-04-14 16:28:58 - tczq_data - WARNING - 无法获取原始赔率值: record_id=8, field=goal_4
2026-04-14 16:28:58 - tczq_data - INFO - ✓ 记录赔率变化: tczq_total_goal_odds.goal_4 0.000 -> 0.000 (diff=0.000)
2026-04-14 16:28:58 - tczq_data - WARNING - 无法获取原始赔率值: record_id=8, field=goal_5
2026-04-14 16:28:58 - tczq_data - INFO - ✓ 记录赔率变化: tczq_total_goal_odds.goal_5 0.000 -> 0.000 (diff=0.000)
2026-04-14 16:28:58 - tczq_data - WARNING - 无法获取原始赔率值: record_id=8, field=goal_6
2026-04-14 16:28:58 - tczq_data - INFO - ✓ 记录赔率变化: tczq_total_goal_odds.goal_6 0.000 -> 0.000 (diff=0.000)
2026-04-14 16:28:58 - tczq_data - WARNING - 无法获取原始赔率值: record_id=8, field=goal_about
2026-04-14 16:28:58 - tczq_data - INFO - ✓ 记录赔率变化: tczq_total_goal_odds.goal_about 0.000 -> 0.000 (diff=0.000)
2026-04-14 16:28:58 - tczq_data - WARNING - 无法获取原始赔率值: record_id=8, field=half_win_full_win
2026-04-14 16:28:58 - tczq_data - INFO - ✓ 记录赔率变化: tczq_ht_ft_odds.half_win_full_win 0.000 -> 0.000 (diff=0.000)
2026-04-14 16:28:58 - tczq_data - WARNING - 无法获取原始赔率值: record_id=8, field=half_win_full_draw
2026-04-14 16:28:58 - tczq_data - INFO - ✓ 记录赔率变化: tczq_ht_ft_odds.half_win_full_draw 0.000 -> 0.000 (diff=0.000)
2026-04-14 16:28:58 - tczq_data - WARNING - 无法获取原始赔率值: record_id=8, field=half_win_full_lose
2026-04-14 16:28:58 - tczq_data - INFO - ✓ 记录赔率变化: tczq_ht_ft_odds.half_win_full_lose 0.000 -> 0.000 (diff=0.000)
2026-04-14 16:28:58 - tczq_data - WARNING - 无法获取原始赔率值: record_id=8, field=half_draw_full_win
2026-04-14 16:28:58 - tczq_data - INFO - ✓ 记录赔率变化: tczq_ht_ft_odds.half_draw_full_win 0.000 -> 0.000 (diff=0.000)
2026-04-14 16:28:58 - tczq_data - WARNING - 无法获取原始赔率值: record_id=8, field=half_draw_full_lose
2026-04-14 16:28:58 - tczq_data - INFO - ✓ 记录赔率变化: tczq_ht_ft_odds.half_draw_full_lose 0.000 -> 0.000 (diff=0.000)
2026-04-14 16:28:58 - tczq_data - WARNING - 无法获取原始赔率值: record_id=8, field=half_lose_full_win
2026-04-14 16:28:58 - tczq_data - INFO - ✓ 记录赔率变化: tczq_ht_ft_odds.half_lose_full_win 0.000 -> 0.000 (diff=0.000)
2026-04-14 16:28:58 - tczq_data - WARNING - 无法获取原始赔率值: record_id=8, field=half_lose_full_draw
2026-04-14 16:28:58 - tczq_data - INFO - ✓ 记录赔率变化: tczq_ht_ft_odds.half_lose_full_draw 0.000 -> 0.000 (diff=0.000)
2026-04-14 16:28:58 - tczq_data - WARNING - 无法获取原始赔率值: record_id=8, field=half_lose_full_lose
2026-04-14 16:28:58 - tczq_data - INFO - ✓ 记录赔率变化: tczq_ht_ft_odds.half_lose_full_lose 0.000 -> 0.000 (diff=0.000)
2026-04-14 16:28:58 - tczq_data - WARNING - 无法获取原始赔率值: record_id=9, field=goal_0
2026-04-14 16:28:58 - tczq_data - INFO - ✓ 记录赔率变化: tczq_total_goal_odds.goal_0 0.000 -> 0.000 (diff=0.000)
2026-04-14 16:28:58 - tczq_data - WARNING - 无法获取原始赔率值: record_id=9, field=goal_1
2026-04-14 16:28:58 - tczq_data - INFO - ✓ 记录赔率变化: tczq_total_goal_odds.goal_1 0.000 -> 0.000 (diff=0.000)
2026-04-14 16:28:58 - tczq_data - WARNING - 无法获取原始赔率值: record_id=9, field=goal_2
2026-04-14 16:28:58 - tczq_data - INFO - ✓ 记录赔率变化: tczq_total_goal_odds.goal_2 0.000 -> 0.000 (diff=0.000)
2026-04-14 16:28:58 - tczq_data - WARNING - 无法获取原始赔率值: record_id=9, field=goal_3
2026-04-14 16:28:58 - tczq_data - INFO - ✓ 记录赔率变化: tczq_total_goal_odds.goal_3 0.000 -> 0.000 (diff=0.000)
2026-04-14 16:28:58 - tczq_data - WARNING - 无法获取原始赔率值: record_id=9, field=goal_4
2026-04-14 16:28:58 - tczq_data - INFO - ✓ 记录赔率变化: tczq_total_goal_odds.goal_4 0.000 -> 0.000 (diff=0.000)
2026-04-14 16:28:58 - tczq_data - WARNING - 无法获取原始赔率值: record_id=9, field=goal_5
2026-04-14 16:28:58 - tczq_data - INFO - ✓ 记录赔率变化: tczq_total_goal_odds.goal_5 0.000 -> 0.000 (diff=0.000)
2026-04-14 16:28:58 - tczq_data - WARNING - 无法获取原始赔率值: record_id=9, field=goal_6
2026-04-14 16:28:58 - tczq_data - INFO - ✓ 记录赔率变化: tczq_total_goal_odds.goal_6 0.000 -> 0.000 (diff=0.000)
2026-04-14 16:28:58 - tczq_data - WARNING - 无法获取原始赔率值: record_id=9, field=goal_about
2026-04-14 16:28:58 - tczq_data - INFO - ✓ 记录赔率变化: tczq_total_goal_odds.goal_about 0.000 -> 0.000 (diff=0.000)
2026-04-14 16:28:58 - tczq_data - WARNING - 无法获取原始赔率值: record_id=9, field=half_win_full_win
2026-04-14 16:28:58 - tczq_data - INFO - ✓ 记录赔率变化: tczq_ht_ft_odds.half_win_full_win 0.000 -> 0.000 (diff=0.000)
2026-04-14 16:28:58 - tczq_data - WARNING - 无法获取原始赔率值: record_id=9, field=half_win_full_draw
2026-04-14 16:28:58 - tczq_data - INFO - ✓ 记录赔率变化: tczq_ht_ft_odds.half_win_full_draw 0.000 -> 0.000 (diff=0.000)
2026-04-14 16:28:58 - tczq_data - WARNING - 无法获取原始赔率值: record_id=9, field=half_win_full_lose
2026-04-14 16:28:58 - tczq_data - INFO - ✓ 记录赔率变化: tczq_ht_ft_odds.half_win_full_lose 0.000 -> 0.000 (diff=0.000)
2026-04-14 16:28:58 - tczq_data - WARNING - 无法获取原始赔率值: record_id=9, field=half_draw_full_win
2026-04-14 16:28:58 - tczq_data - INFO - ✓ 记录赔率变化: tczq_ht_ft_odds.half_draw_full_win 0.000 -> 0.000 (diff=0.000)
2026-04-14 16:28:58 - tczq_data - WARNING - 无法获取原始赔率值: record_id=9, field=half_draw_full_lose
2026-04-14 16:28:58 - tczq_data - INFO - ✓ 记录赔率变化: tczq_ht_ft_odds.half_draw_full_lose 0.000 -> 0.000 (diff=0.000)
2026-04-14 16:28:58 - tczq_data - WARNING - 无法获取原始赔率值: record_id=9, field=half_lose_full_win
2026-04-14 16:28:58 - tczq_data - INFO - ✓ 记录赔率变化: tczq_ht_ft_odds.half_lose_full_win 0.000 -> 0.000 (diff=0.000)
2026-04-14 16:28:58 - tczq_data - WARNING - 无法获取原始赔率值: record_id=9, field=half_lose_full_draw
2026-04-14 16:28:58 - tczq_data - INFO - ✓ 记录赔率变化: tczq_ht_ft_odds.half_lose_full_draw 0.000 -> 0.000 (diff=0.000)
2026-04-14 16:28:58 - tczq_data - WARNING - 无法获取原始赔率值: record_id=9, field=half_lose_full_lose
2026-04-14 16:28:58 - tczq_data - INFO - ✓ 记录赔率变化: tczq_ht_ft_odds.half_lose_full_lose 0.000 -> 0.000 (diff=0.000)
2026-04-14 16:28:58 - tczq_data - WARNING - 无法获取原始赔率值: record_id=10, field=goal_0
2026-04-14 16:28:58 - tczq_data - INFO - ✓ 记录赔率变化: tczq_total_goal_odds.goal_0 0.000 -> 0.000 (diff=0.000)
2026-04-14 16:28:58 - tczq_data - WARNING - 无法获取原始赔率值: record_id=10, field=goal_1
2026-04-14 16:28:58 - tczq_data - INFO - ✓ 记录赔率变化: tczq_total_goal_odds.goal_1 0.000 -> 0.000 (diff=0.000)
2026-04-14 16:28:58 - tczq_data - WARNING - 无法获取原始赔率值: record_id=10, field=goal_2
2026-04-14 16:28:58 - tczq_data - INFO - ✓ 记录赔率变化: tczq_total_goal_odds.goal_2 0.000 -> 0.000 (diff=0.000)
2026-04-14 16:28:58 - tczq_data - WARNING - 无法获取原始赔率值: record_id=10, field=goal_3
2026-04-14 16:28:58 - tczq_data - INFO - ✓ 记录赔率变化: tczq_total_goal_odds.goal_3 0.000 -> 0.000 (diff=0.000)
2026-04-14 16:28:58 - tczq_data - WARNING - 无法获取原始赔率值: record_id=10, field=goal_4
2026-04-14 16:28:58 - tczq_data - INFO - ✓ 记录赔率变化: tczq_total_goal_odds.goal_4 0.000 -> 0.000 (diff=0.000)
2026-04-14 16:28:58 - tczq_data - WARNING - 无法获取原始赔率值: record_id=10, field=goal_5
2026-04-14 16:28:58 - tczq_data - INFO - ✓ 记录赔率变化: tczq_total_goal_odds.goal_5 0.000 -> 0.000 (diff=0.000)
2026-04-14 16:28:58 - tczq_data - WARNING - 无法获取原始赔率值: record_id=10, field=goal_6
2026-04-14 16:28:58 - tczq_data - INFO - ✓ 记录赔率变化: tczq_total_goal_odds.goal_6 0.000 -> 0.000 (diff=0.000)
2026-04-14 16:28:58 - tczq_data - WARNING - 无法获取原始赔率值: record_id=10, field=goal_about
2026-04-14 16:28:59 - tczq_data - INFO - ✓ 记录赔率变化: tczq_total_goal_odds.goal_about 0.000 -> 0.000 (diff=0.000)
2026-04-14 16:28:59 - tczq_data - WARNING - 无法获取原始赔率值: record_id=10, field=half_win_full_win
2026-04-14 16:28:59 - tczq_data - INFO - ✓ 记录赔率变化: tczq_ht_ft_odds.half_win_full_win 0.000 -> 0.000 (diff=0.000)
2026-04-14 16:28:59 - tczq_data - WARNING - 无法获取原始赔率值: record_id=10, field=half_win_full_draw
2026-04-14 16:28:59 - tczq_data - INFO - ✓ 记录赔率变化: tczq_ht_ft_odds.half_win_full_draw 0.000 -> 0.000 (diff=0.000)
2026-04-14 16:28:59 - tczq_data - WARNING - 无法获取原始赔率值: record_id=10, field=half_win_full_lose
2026-04-14 16:28:59 - tczq_data - INFO - ✓ 记录赔率变化: tczq_ht_ft_odds.half_win_full_lose 0.000 -> 0.000 (diff=0.000)
2026-04-14 16:28:59 - tczq_data - WARNING - 无法获取原始赔率值: record_id=10, field=half_draw_full_win
2026-04-14 16:28:59 - tczq_data - INFO - ✓ 记录赔率变化: tczq_ht_ft_odds.half_draw_full_win 0.000 -> 0.000 (diff=0.000)
2026-04-14 16:28:59 - tczq_data - WARNING - 无法获取原始赔率值: record_id=10, field=half_draw_full_lose
2026-04-14 16:28:59 - tczq_data - INFO - ✓ 记录赔率变化: tczq_ht_ft_odds.half_draw_full_lose 0.000 -> 0.000 (diff=0.000)
2026-04-14 16:28:59 - tczq_data - WARNING - 无法获取原始赔率值: record_id=10, field=half_lose_full_win
2026-04-14 16:28:59 - tczq_data - INFO - ✓ 记录赔率变化: tczq_ht_ft_odds.half_lose_full_win 0.000 -> 0.000 (diff=0.000)
2026-04-14 16:28:59 - tczq_data - WARNING - 无法获取原始赔率值: record_id=10, field=half_lose_full_draw
2026-04-14 16:28:59 - tczq_data - INFO - ✓ 记录赔率变化: tczq_ht_ft_odds.half_lose_full_draw 0.000 -> 0.000 (diff=0.000)
2026-04-14 16:28:59 - tczq_data - WARNING - 无法获取原始赔率值: record_id=10, field=half_lose_full_lose
2026-04-14 16:28:59 - tczq_data - INFO - ✓ 记录赔率变化: tczq_ht_ft_odds.half_lose_full_lose 0.000 -> 0.000 (diff=0.000)
2026-04-14 16:28:59 - tczq_data - WARNING - 无法获取原始赔率值: record_id=11, field=goal_0
2026-04-14 16:28:59 - tczq_data - INFO - ✓ 记录赔率变化: tczq_total_goal_odds.goal_0 0.000 -> 0.000 (diff=0.000)
2026-04-14 16:28:59 - tczq_data - WARNING - 无法获取原始赔率值: record_id=11, field=goal_1
2026-04-14 16:28:59 - tczq_data - INFO - ✓ 记录赔率变化: tczq_total_goal_odds.goal_1 0.000 -> 0.000 (diff=0.000)
2026-04-14 16:28:59 - tczq_data - WARNING - 无法获取原始赔率值: record_id=11, field=goal_2
2026-04-14 16:28:59 - tczq_data - INFO - ✓ 记录赔率变化: tczq_total_goal_odds.goal_2 0.000 -> 0.000 (diff=0.000)
2026-04-14 16:28:59 - tczq_data - WARNING - 无法获取原始赔率值: record_id=11, field=goal_3
2026-04-14 16:28:59 - tczq_data - INFO - ✓ 记录赔率变化: tczq_total_goal_odds.goal_3 0.000 -> 0.000 (diff=0.000)
2026-04-14 16:28:59 - tczq_data - WARNING - 无法获取原始赔率值: record_id=11, field=goal_4
2026-04-14 16:28:59 - tczq_data - INFO - ✓ 记录赔率变化: tczq_total_goal_odds.goal_4 0.000 -> 0.000 (diff=0.000)
2026-04-14 16:28:59 - tczq_data - WARNING - 无法获取原始赔率值: record_id=11, field=goal_5
2026-04-14 16:28:59 - tczq_data - INFO - ✓ 记录赔率变化: tczq_total_goal_odds.goal_5 0.000 -> 0.000 (diff=0.000)
2026-04-14 16:28:59 - tczq_data - WARNING - 无法获取原始赔率值: record_id=11, field=goal_6
2026-04-14 16:28:59 - tczq_data - INFO - ✓ 记录赔率变化: tczq_total_goal_odds.goal_6 0.000 -> 0.000 (diff=0.000)
2026-04-14 16:28:59 - tczq_data - WARNING - 无法获取原始赔率值: record_id=11, field=goal_about
2026-04-14 16:28:59 - tczq_data - INFO - ✓ 记录赔率变化: tczq_total_goal_odds.goal_about 0.000 -> 0.000 (diff=0.000)
2026-04-14 16:28:59 - tczq_data - WARNING - 无法获取原始赔率值: record_id=11, field=half_win_full_win
2026-04-14 16:28:59 - tczq_data - INFO - ✓ 记录赔率变化: tczq_ht_ft_odds.half_win_full_win 0.000 -> 0.000 (diff=0.000)
2026-04-14 16:28:59 - tczq_data - WARNING - 无法获取原始赔率值: record_id=11, field=half_win_full_draw
2026-04-14 16:28:59 - tczq_data - INFO - ✓ 记录赔率变化: tczq_ht_ft_odds.half_win_full_draw 0.000 -> 0.000 (diff=0.000)
2026-04-14 16:28:59 - tczq_data - WARNING - 无法获取原始赔率值: record_id=11, field=half_win_full_lose
2026-04-14 16:28:59 - tczq_data - INFO - ✓ 记录赔率变化: tczq_ht_ft_odds.half_win_full_lose 0.000 -> 0.000 (diff=0.000)
2026-04-14 16:28:59 - tczq_data - WARNING - 无法获取原始赔率值: record_id=11, field=half_draw_full_win
2026-04-14 16:28:59 - tczq_data - INFO - ✓ 记录赔率变化: tczq_ht_ft_odds.half_draw_full_win 0.000 -> 0.000 (diff=0.000)
2026-04-14 16:28:59 - tczq_data - WARNING - 无法获取原始赔率值: record_id=11, field=half_draw_full_lose
2026-04-14 16:28:59 - tczq_data - INFO - ✓ 记录赔率变化: tczq_ht_ft_odds.half_draw_full_lose 0.000 -> 0.000 (diff=0.000)
2026-04-14 16:28:59 - tczq_data - WARNING - 无法获取原始赔率值: record_id=11, field=half_lose_full_win
2026-04-14 16:28:59 - tczq_data - INFO - ✓ 记录赔率变化: tczq_ht_ft_odds.half_lose_full_win 0.000 -> 0.000 (diff=0.000)
2026-04-14 16:28:59 - tczq_data - WARNING - 无法获取原始赔率值: record_id=11, field=half_lose_full_draw
2026-04-14 16:28:59 - tczq_data - INFO - ✓ 记录赔率变化: tczq_ht_ft_odds.half_lose_full_draw 0.000 -> 0.000 (diff=0.000)
2026-04-14 16:28:59 - tczq_data - WARNING - 无法获取原始赔率值: record_id=11, field=half_lose_full_lose
2026-04-14 16:28:59 - tczq_data - INFO - ✓ 记录赔率变化: tczq_ht_ft_odds.half_lose_full_lose 0.000 -> 0.000 (diff=0.000)
2026-04-14 16:28:59 - tczq_data - WARNING - 无法获取原始赔率值: record_id=12, field=goal_0
2026-04-14 16:28:59 - tczq_data - INFO - ✓ 记录赔率变化: tczq_total_goal_odds.goal_0 0.000 -> 0.000 (diff=0.000)
2026-04-14 16:28:59 - tczq_data - WARNING - 无法获取原始赔率值: record_id=12, field=goal_1
2026-04-14 16:28:59 - tczq_data - INFO - ✓ 记录赔率变化: tczq_total_goal_odds.goal_1 0.000 -> 0.000 (diff=0.000)
2026-04-14 16:28:59 - tczq_data - WARNING - 无法获取原始赔率值: record_id=12, field=goal_2
2026-04-14 16:28:59 - tczq_data - INFO - ✓ 记录赔率变化: tczq_total_goal_odds.goal_2 0.000 -> 0.000 (diff=0.000)
2026-04-14 16:28:59 - tczq_data - WARNING - 无法获取原始赔率值: record_id=12, field=goal_3
2026-04-14 16:28:59 - tczq_data - INFO - ✓ 记录赔率变化: tczq_total_goal_odds.goal_3 0.000 -> 0.000 (diff=0.000)
2026-04-14 16:28:59 - tczq_data - WARNING - 无法获取原始赔率值: record_id=12, field=goal_4
2026-04-14 16:28:59 - tczq_data - INFO - ✓ 记录赔率变化: tczq_total_goal_odds.goal_4 0.000 -> 0.000 (diff=0.000)
2026-04-14 16:28:59 - tczq_data - WARNING - 无法获取原始赔率值: record_id=12, field=goal_5
2026-04-14 16:28:59 - tczq_data - INFO - ✓ 记录赔率变化: tczq_total_goal_odds.goal_5 0.000 -> 0.000 (diff=0.000)
2026-04-14 16:28:59 - tczq_data - WARNING - 无法获取原始赔率值: record_id=12, field=goal_6
2026-04-14 16:28:59 - tczq_data - INFO - ✓ 记录赔率变化: tczq_total_goal_odds.goal_6 0.000 -> 0.000 (diff=0.000)
2026-04-14 16:28:59 - tczq_data - WARNING - 无法获取原始赔率值: record_id=12, field=goal_about
2026-04-14 16:28:59 - tczq_data - INFO - ✓ 记录赔率变化: tczq_total_goal_odds.goal_about 0.000 -> 0.000 (diff=0.000)
2026-04-14 16:28:59 - tczq_data - WARNING - 无法获取原始赔率值: record_id=12, field=half_win_full_win
2026-04-14 16:28:59 - tczq_data - INFO - ✓ 记录赔率变化: tczq_ht_ft_odds.half_win_full_win 0.000 -> 0.000 (diff=0.000)
2026-04-14 16:28:59 - tczq_data - WARNING - 无法获取原始赔率值: record_id=12, field=half_win_full_draw
2026-04-14 16:28:59 - tczq_data - INFO - ✓ 记录赔率变化: tczq_ht_ft_odds.half_win_full_draw 0.000 -> 0.000 (diff=0.000)
2026-04-14 16:28:59 - tczq_data - WARNING - 无法获取原始赔率值: record_id=12, field=half_win_full_lose
2026-04-14 16:28:59 - tczq_data - INFO - ✓ 记录赔率变化: tczq_ht_ft_odds.half_win_full_lose 0.000 -> 0.000 (diff=0.000)
2026-04-14 16:28:59 - tczq_data - WARNING - 无法获取原始赔率值: record_id=12, field=half_draw_full_win
2026-04-14 16:28:59 - tczq_data - INFO - ✓ 记录赔率变化: tczq_ht_ft_odds.half_draw_full_win 0.000 -> 0.000 (diff=0.000)
2026-04-14 16:28:59 - tczq_data - WARNING - 无法获取原始赔率值: record_id=12, field=half_draw_full_lose
2026-04-14 16:28:59 - tczq_data - INFO - ✓ 记录赔率变化: tczq_ht_ft_odds.half_draw_full_lose 0.000 -> 0.000 (diff=0.000)
2026-04-14 16:28:59 - tczq_data - WARNING - 无法获取原始赔率值: record_id=12, field=half_lose_full_win
2026-04-14 16:29:00 - tczq_data - INFO - ✓ 记录赔率变化: tczq_ht_ft_odds.half_lose_full_win 0.000 -> 0.000 (diff=0.000)
2026-04-14 16:29:00 - tczq_data - WARNING - 无法获取原始赔率值: record_id=12, field=half_lose_full_draw
2026-04-14 16:29:00 - tczq_data - INFO - ✓ 记录赔率变化: tczq_ht_ft_odds.half_lose_full_draw 0.000 -> 0.000 (diff=0.000)
2026-04-14 16:29:00 - tczq_data - WARNING - 无法获取原始赔率值: record_id=12, field=half_lose_full_lose
2026-04-14 16:29:00 - tczq_data - INFO - ✓ 记录赔率变化: tczq_ht_ft_odds.half_lose_full_lose 0.000 -> 0.000 (diff=0.000)
2026-04-14 16:29:00 - tczq_data - INFO - 赔率数据处理完成
2026-04-14 16:29:53 - tczq_data - INFO - 开始获取当前比赛数据（带赔率）...
2026-04-14 16:29:53 - tczq_data - INFO - 共获取 12 场比赛
2026-04-14 16:29:54 - tczq_data - INFO - 成功保存 12 条比赛记录
2026-04-14 16:29:54 - tczq_data - INFO - 开始处理 12 条赔率数据
2026-04-14 16:29:54 - tczq_data - WARNING - 无法获取原始赔率值: record_id=1, field=goal_0
2026-04-14 16:29:54 - tczq_data - INFO - ✓ 记录赔率变化: tczq_total_goal_odds.goal_0 0.000 -> 0.000 (diff=0.000)
2026-04-14 16:29:54 - tczq_data - WARNING - 无法获取原始赔率值: record_id=1, field=goal_1
2026-04-14 16:29:54 - tczq_data - INFO - ✓ 记录赔率变化: tczq_total_goal_odds.goal_1 0.000 -> 0.000 (diff=0.000)
2026-04-14 16:29:54 - tczq_data - WARNING - 无法获取原始赔率值: record_id=1, field=goal_2
2026-04-14 16:29:54 - tczq_data - INFO - ✓ 记录赔率变化: tczq_total_goal_odds.goal_2 0.000 -> 0.000 (diff=0.000)
2026-04-14 16:29:54 - tczq_data - WARNING - 无法获取原始赔率值: record_id=1, field=goal_3
2026-04-14 16:29:54 - tczq_data - INFO - ✓ 记录赔率变化: tczq_total_goal_odds.goal_3 0.000 -> 0.000 (diff=0.000)
2026-04-14 16:29:54 - tczq_data - WARNING - 无法获取原始赔率值: record_id=1, field=goal_4
2026-04-14 16:29:54 - tczq_data - INFO - ✓ 记录赔率变化: tczq_total_goal_odds.goal_4 0.000 -> 0.000 (diff=0.000)
2026-04-14 16:29:54 - tczq_data - WARNING - 无法获取原始赔率值: record_id=1, field=goal_5
2026-04-14 16:29:54 - tczq_data - INFO - ✓ 记录赔率变化: tczq_total_goal_odds.goal_5 0.000 -> 0.000 (diff=0.000)
2026-04-14 16:29:54 - tczq_data - WARNING - 无法获取原始赔率值: record_id=1, field=goal_6
2026-04-14 16:29:54 - tczq_data - INFO - ✓ 记录赔率变化: tczq_total_goal_odds.goal_6 0.000 -> 0.000 (diff=0.000)
2026-04-14 16:29:54 - tczq_data - WARNING - 无法获取原始赔率值: record_id=1, field=goal_about
2026-04-14 16:29:54 - tczq_data - INFO - ✓ 记录赔率变化: tczq_total_goal_odds.goal_about 0.000 -> 0.000 (diff=0.000)
2026-04-14 16:29:54 - tczq_data - WARNING - 无法获取原始赔率值: record_id=1, field=half_win_full_win
2026-04-14 16:29:54 - tczq_data - INFO - ✓ 记录赔率变化: tczq_ht_ft_odds.half_win_full_win 0.000 -> 0.000 (diff=0.000)
2026-04-14 16:29:54 - tczq_data - WARNING - 无法获取原始赔率值: record_id=1, field=half_win_full_draw
2026-04-14 16:29:54 - tczq_data - INFO - ✓ 记录赔率变化: tczq_ht_ft_odds.half_win_full_draw 0.000 -> 0.000 (diff=0.000)
2026-04-14 16:29:54 - tczq_data - WARNING - 无法获取原始赔率值: record_id=1, field=half_win_full_lose
2026-04-14 16:29:54 - tczq_data - INFO - ✓ 记录赔率变化: tczq_ht_ft_odds.half_win_full_lose 0.000 -> 0.000 (diff=0.000)
2026-04-14 16:29:54 - tczq_data - WARNING - 无法获取原始赔率值: record_id=1, field=half_draw_full_win
2026-04-14 16:29:54 - tczq_data - INFO - ✓ 记录赔率变化: tczq_ht_ft_odds.half_draw_full_win 0.000 -> 0.000 (diff=0.000)
2026-04-14 16:29:54 - tczq_data - WARNING - 无法获取原始赔率值: record_id=1, field=half_draw_full_lose
2026-04-14 16:29:54 - tczq_data - INFO - ✓ 记录赔率变化: tczq_ht_ft_odds.half_draw_full_lose 0.000 -> 0.000 (diff=0.000)
2026-04-14 16:29:54 - tczq_data - WARNING - 无法获取原始赔率值: record_id=1, field=half_lose_full_win
2026-04-14 16:29:54 - tczq_data - INFO - ✓ 记录赔率变化: tczq_ht_ft_odds.half_lose_full_win 0.000 -> 0.000 (diff=0.000)
2026-04-14 16:29:54 - tczq_data - WARNING - 无法获取原始赔率值: record_id=1, field=half_lose_full_draw
2026-04-14 16:29:54 - tczq_data - INFO - ✓ 记录赔率变化: tczq_ht_ft_odds.half_lose_full_draw 0.000 -> 0.000 (diff=0.000)
2026-04-14 16:29:54 - tczq_data - WARNING - 无法获取原始赔率值: record_id=1, field=half_lose_full_lose
2026-04-14 16:29:54 - tczq_data - INFO - ✓ 记录赔率变化: tczq_ht_ft_odds.half_lose_full_lose 0.000 -> 0.000 (diff=0.000)
2026-04-14 16:29:54 - tczq_data - WARNING - 无法获取原始赔率值: record_id=2, field=goal_0
2026-04-14 16:29:54 - tczq_data - INFO - ✓ 记录赔率变化: tczq_total_goal_odds.goal_0 0.000 -> 0.000 (diff=0.000)
2026-04-14 16:29:54 - tczq_data - WARNING - 无法获取原始赔率值: record_id=2, field=goal_1
2026-04-14 16:29:54 - tczq_data - INFO - ✓ 记录赔率变化: tczq_total_goal_odds.goal_1 0.000 -> 0.000 (diff=0.000)
2026-04-14 16:29:54 - tczq_data - WARNING - 无法获取原始赔率值: record_id=2, field=goal_2
2026-04-14 16:29:54 - tczq_data - INFO - ✓ 记录赔率变化: tczq_total_goal_odds.goal_2 0.000 -> 0.000 (diff=0.000)
2026-04-14 16:29:54 - tczq_data - WARNING - 无法获取原始赔率值: record_id=2, field=goal_3
2026-04-14 16:29:54 - tczq_data - INFO - ✓ 记录赔率变化: tczq_total_goal_odds.goal_3 0.000 -> 0.000 (diff=0.000)
2026-04-14 16:29:54 - tczq_data - WARNING - 无法获取原始赔率值: record_id=2, field=goal_4
2026-04-14 16:29:54 - tczq_data - INFO - ✓ 记录赔率变化: tczq_total_goal_odds.goal_4 0.000 -> 0.000 (diff=0.000)
2026-04-14 16:29:54 - tczq_data - WARNING - 无法获取原始赔率值: record_id=2, field=goal_5
2026-04-14 16:29:54 - tczq_data - INFO - ✓ 记录赔率变化: tczq_total_goal_odds.goal_5 0.000 -> 0.000 (diff=0.000)
2026-04-14 16:29:54 - tczq_data - WARNING - 无法获取原始赔率值: record_id=2, field=goal_6
2026-04-14 16:29:54 - tczq_data - INFO - ✓ 记录赔率变化: tczq_total_goal_odds.goal_6 0.000 -> 0.000 (diff=0.000)
2026-04-14 16:29:54 - tczq_data - WARNING - 无法获取原始赔率值: record_id=2, field=goal_about
2026-04-14 16:29:54 - tczq_data - INFO - ✓ 记录赔率变化: tczq_total_goal_odds.goal_about 0.000 -> 0.000 (diff=0.000)
2026-04-14 16:29:54 - tczq_data - WARNING - 无法获取原始赔率值: record_id=2, field=half_win_full_win
2026-04-14 16:29:54 - tczq_data - INFO - ✓ 记录赔率变化: tczq_ht_ft_odds.half_win_full_win 0.000 -> 0.000 (diff=0.000)
2026-04-14 16:29:54 - tczq_data - WARNING - 无法获取原始赔率值: record_id=2, field=half_win_full_draw
2026-04-14 16:29:54 - tczq_data - INFO - ✓ 记录赔率变化: tczq_ht_ft_odds.half_win_full_draw 0.000 -> 0.000 (diff=0.000)
2026-04-14 16:29:54 - tczq_data - WARNING - 无法获取原始赔率值: record_id=2, field=half_win_full_lose
2026-04-14 16:29:54 - tczq_data - INFO - ✓ 记录赔率变化: tczq_ht_ft_odds.half_win_full_lose 0.000 -> 0.000 (diff=0.000)
2026-04-14 16:29:54 - tczq_data - WARNING - 无法获取原始赔率值: record_id=2, field=half_draw_full_win
2026-04-14 16:29:54 - tczq_data - INFO - ✓ 记录赔率变化: tczq_ht_ft_odds.half_draw_full_win 0.000 -> 0.000 (diff=0.000)
2026-04-14 16:29:54 - tczq_data - WARNING - 无法获取原始赔率值: record_id=2, field=half_draw_full_lose
2026-04-14 16:29:54 - tczq_data - INFO - ✓ 记录赔率变化: tczq_ht_ft_odds.half_draw_full_lose 0.000 -> 0.000 (diff=0.000)
2026-04-14 16:29:54 - tczq_data - WARNING - 无法获取原始赔率值: record_id=2, field=half_lose_full_win
2026-04-14 16:29:54 - tczq_data - INFO - ✓ 记录赔率变化: tczq_ht_ft_odds.half_lose_full_win 0.000 -> 0.000 (diff=0.000)
2026-04-14 16:29:54 - tczq_data - WARNING - 无法获取原始赔率值: record_id=2, field=half_lose_full_draw
2026-04-14 16:29:55 - tczq_data - INFO - ✓ 记录赔率变化: tczq_ht_ft_odds.half_lose_full_draw 0.000 -> 0.000 (diff=0.000)
2026-04-14 16:29:55 - tczq_data - WARNING - 无法获取原始赔率值: record_id=2, field=half_lose_full_lose
2026-04-14 16:29:55 - tczq_data - INFO - ✓ 记录赔率变化: tczq_ht_ft_odds.half_lose_full_lose 0.000 -> 0.000 (diff=0.000)
2026-04-14 16:29:55 - tczq_data - WARNING - 无法获取原始赔率值: record_id=3, field=goal_0
2026-04-14 16:29:55 - tczq_data - INFO - ✓ 记录赔率变化: tczq_total_goal_odds.goal_0 0.000 -> 0.000 (diff=0.000)
2026-04-14 16:29:55 - tczq_data - WARNING - 无法获取原始赔率值: record_id=3, field=goal_1
2026-04-14 16:29:55 - tczq_data - INFO - ✓ 记录赔率变化: tczq_total_goal_odds.goal_1 0.000 -> 0.000 (diff=0.000)
2026-04-14 16:29:55 - tczq_data - WARNING - 无法获取原始赔率值: record_id=3, field=goal_2
2026-04-14 16:29:55 - tczq_data - INFO - ✓ 记录赔率变化: tczq_total_goal_odds.goal_2 0.000 -> 0.000 (diff=0.000)
2026-04-14 16:29:55 - tczq_data - WARNING - 无法获取原始赔率值: record_id=3, field=goal_3
2026-04-14 16:29:55 - tczq_data - INFO - ✓ 记录赔率变化: tczq_total_goal_odds.goal_3 0.000 -> 0.000 (diff=0.000)
2026-04-14 16:29:55 - tczq_data - WARNING - 无法获取原始赔率值: record_id=3, field=goal_4
2026-04-14 16:29:55 - tczq_data - INFO - ✓ 记录赔率变化: tczq_total_goal_odds.goal_4 0.000 -> 0.000 (diff=0.000)
2026-04-14 16:29:55 - tczq_data - WARNING - 无法获取原始赔率值: record_id=3, field=goal_5
2026-04-14 16:29:55 - tczq_data - INFO - ✓ 记录赔率变化: tczq_total_goal_odds.goal_5 0.000 -> 0.000 (diff=0.000)
2026-04-14 16:29:55 - tczq_data - WARNING - 无法获取原始赔率值: record_id=3, field=goal_6
2026-04-14 16:29:55 - tczq_data - INFO - ✓ 记录赔率变化: tczq_total_goal_odds.goal_6 0.000 -> 0.000 (diff=0.000)
2026-04-14 16:29:55 - tczq_data - WARNING - 无法获取原始赔率值: record_id=3, field=goal_about
2026-04-14 16:29:55 - tczq_data - INFO - ✓ 记录赔率变化: tczq_total_goal_odds.goal_about 0.000 -> 0.000 (diff=0.000)
2026-04-14 16:29:55 - tczq_data - WARNING - 无法获取原始赔率值: record_id=3, field=half_win_full_win
2026-04-14 16:29:55 - tczq_data - INFO - ✓ 记录赔率变化: tczq_ht_ft_odds.half_win_full_win 0.000 -> 0.000 (diff=0.000)
2026-04-14 16:29:55 - tczq_data - WARNING - 无法获取原始赔率值: record_id=3, field=half_win_full_draw
2026-04-14 16:29:55 - tczq_data - INFO - ✓ 记录赔率变化: tczq_ht_ft_odds.half_win_full_draw 0.000 -> 0.000 (diff=0.000)
2026-04-14 16:29:55 - tczq_data - WARNING - 无法获取原始赔率值: record_id=3, field=half_win_full_lose
2026-04-14 16:29:55 - tczq_data - INFO - ✓ 记录赔率变化: tczq_ht_ft_odds.half_win_full_lose 0.000 -> 0.000 (diff=0.000)
2026-04-14 16:29:55 - tczq_data - WARNING - 无法获取原始赔率值: record_id=3, field=half_draw_full_win
2026-04-14 16:29:55 - tczq_data - INFO - ✓ 记录赔率变化: tczq_ht_ft_odds.half_draw_full_win 0.000 -> 0.000 (diff=0.000)
2026-04-14 16:29:55 - tczq_data - WARNING - 无法获取原始赔率值: record_id=3, field=half_draw_full_lose
2026-04-14 16:29:55 - tczq_data - INFO - ✓ 记录赔率变化: tczq_ht_ft_odds.half_draw_full_lose 0.000 -> 0.000 (diff=0.000)
2026-04-14 16:29:55 - tczq_data - WARNING - 无法获取原始赔率值: record_id=3, field=half_lose_full_win
2026-04-14 16:29:55 - tczq_data - INFO - ✓ 记录赔率变化: tczq_ht_ft_odds.half_lose_full_win 0.000 -> 0.000 (diff=0.000)
2026-04-14 16:29:55 - tczq_data - WARNING - 无法获取原始赔率值: record_id=3, field=half_lose_full_draw
2026-04-14 16:29:55 - tczq_data - INFO - ✓ 记录赔率变化: tczq_ht_ft_odds.half_lose_full_draw 0.000 -> 0.000 (diff=0.000)
2026-04-14 16:29:55 - tczq_data - WARNING - 无法获取原始赔率值: record_id=3, field=half_lose_full_lose
2026-04-14 16:29:55 - tczq_data - INFO - ✓ 记录赔率变化: tczq_ht_ft_odds.half_lose_full_lose 0.000 -> 0.000 (diff=0.000)
2026-04-14 16:29:55 - tczq_data - WARNING - 无法获取原始赔率值: record_id=4, field=goal_0
2026-04-14 16:29:55 - tczq_data - INFO - ✓ 记录赔率变化: tczq_total_goal_odds.goal_0 0.000 -> 0.000 (diff=0.000)
2026-04-14 16:29:55 - tczq_data - WARNING - 无法获取原始赔率值: record_id=4, field=goal_1
2026-04-14 16:29:55 - tczq_data - INFO - ✓ 记录赔率变化: tczq_total_goal_odds.goal_1 0.000 -> 0.000 (diff=0.000)
2026-04-14 16:29:55 - tczq_data - WARNING - 无法获取原始赔率值: record_id=4, field=goal_2
2026-04-14 16:29:55 - tczq_data - INFO - ✓ 记录赔率变化: tczq_total_goal_odds.goal_2 0.000 -> 0.000 (diff=0.000)
2026-04-14 16:29:55 - tczq_data - WARNING - 无法获取原始赔率值: record_id=4, field=goal_3
2026-04-14 16:29:55 - tczq_data - INFO - ✓ 记录赔率变化: tczq_total_goal_odds.goal_3 0.000 -> 0.000 (diff=0.000)
2026-04-14 16:29:55 - tczq_data - WARNING - 无法获取原始赔率值: record_id=4, field=goal_4
2026-04-14 16:29:55 - tczq_data - INFO - ✓ 记录赔率变化: tczq_total_goal_odds.goal_4 0.000 -> 0.000 (diff=0.000)
2026-04-14 16:29:55 - tczq_data - WARNING - 无法获取原始赔率值: record_id=4, field=goal_5
2026-04-14 16:29:55 - tczq_data - INFO - ✓ 记录赔率变化: tczq_total_goal_odds.goal_5 0.000 -> 0.000 (diff=0.000)
2026-04-14 16:29:55 - tczq_data - WARNING - 无法获取原始赔率值: record_id=4, field=goal_6
2026-04-14 16:29:55 - tczq_data - INFO - ✓ 记录赔率变化: tczq_total_goal_odds.goal_6 0.000 -> 0.000 (diff=0.000)
2026-04-14 16:29:55 - tczq_data - WARNING - 无法获取原始赔率值: record_id=4, field=goal_about
2026-04-14 16:29:55 - tczq_data - INFO - ✓ 记录赔率变化: tczq_total_goal_odds.goal_about 0.000 -> 0.000 (diff=0.000)
2026-04-14 16:29:55 - tczq_data - WARNING - 无法获取原始赔率值: record_id=4, field=half_win_full_win
2026-04-14 16:29:55 - tczq_data - INFO - ✓ 记录赔率变化: tczq_ht_ft_odds.half_win_full_win 0.000 -> 0.000 (diff=0.000)
2026-04-14 16:29:55 - tczq_data - WARNING - 无法获取原始赔率值: record_id=4, field=half_win_full_draw
2026-04-14 16:29:55 - tczq_data - INFO - ✓ 记录赔率变化: tczq_ht_ft_odds.half_win_full_draw 0.000 -> 0.000 (diff=0.000)
2026-04-14 16:29:55 - tczq_data - WARNING - 无法获取原始赔率值: record_id=4, field=half_win_full_lose
2026-04-14 16:29:55 - tczq_data - INFO - ✓ 记录赔率变化: tczq_ht_ft_odds.half_win_full_lose 0.000 -> 0.000 (diff=0.000)
2026-04-14 16:29:55 - tczq_data - WARNING - 无法获取原始赔率值: record_id=4, field=half_draw_full_win
2026-04-14 16:29:55 - tczq_data - INFO - ✓ 记录赔率变化: tczq_ht_ft_odds.half_draw_full_win 0.000 -> 0.000 (diff=0.000)
2026-04-14 16:29:55 - tczq_data - WARNING - 无法获取原始赔率值: record_id=4, field=half_draw_full_lose
2026-04-14 16:29:55 - tczq_data - INFO - ✓ 记录赔率变化: tczq_ht_ft_odds.half_draw_full_lose 0.000 -> 0.000 (diff=0.000)
2026-04-14 16:29:55 - tczq_data - WARNING - 无法获取原始赔率值: record_id=4, field=half_lose_full_win
2026-04-14 16:29:55 - tczq_data - INFO - ✓ 记录赔率变化: tczq_ht_ft_odds.half_lose_full_win 0.000 -> 0.000 (diff=0.000)
2026-04-14 16:29:55 - tczq_data - WARNING - 无法获取原始赔率值: record_id=4, field=half_lose_full_draw
2026-04-14 16:29:55 - tczq_data - INFO - ✓ 记录赔率变化: tczq_ht_ft_odds.half_lose_full_draw 0.000 -> 0.000 (diff=0.000)
2026-04-14 16:29:55 - tczq_data - WARNING - 无法获取原始赔率值: record_id=4, field=half_lose_full_lose
2026-04-14 16:29:55 - tczq_data - INFO - ✓ 记录赔率变化: tczq_ht_ft_odds.half_lose_full_lose 0.000 -> 0.000 (diff=0.000)
2026-04-14 16:29:55 - tczq_data - WARNING - 无法获取原始赔率值: record_id=5, field=goal_0
2026-04-14 16:29:55 - tczq_data - INFO - ✓ 记录赔率变化: tczq_total_goal_odds.goal_0 0.000 -> 0.000 (diff=0.000)
2026-04-14 16:29:55 - tczq_data - WARNING - 无法获取原始赔率值: record_id=5, field=goal_1
2026-04-14 16:29:55 - tczq_data - INFO - ✓ 记录赔率变化: tczq_total_goal_odds.goal_1 0.000 -> 0.000 (diff=0.000)
2026-04-14 16:29:55 - tczq_data - WARNING - 无法获取原始赔率值: record_id=5, field=goal_2
2026-04-14 16:29:55 - tczq_data - INFO - ✓ 记录赔率变化: tczq_total_goal_odds.goal_2 0.000 -> 0.000 (diff=0.000)
2026-04-14 16:29:55 - tczq_data - WARNING - 无法获取原始赔率值: record_id=5, field=goal_3
2026-04-14 16:29:55 - tczq_data - INFO - ✓ 记录赔率变化: tczq_total_goal_odds.goal_3 0.000 -> 0.000 (diff=0.000)
2026-04-14 16:29:55 - tczq_data - WARNING - 无法获取原始赔率值: record_id=5, field=goal_4
2026-04-14 16:29:55 - tczq_data - INFO - ✓ 记录赔率变化: tczq_total_goal_odds.goal_4 0.000 -> 0.000 (diff=0.000)
2026-04-14 16:29:55 - tczq_data - WARNING - 无法获取原始赔率值: record_id=5, field=goal_5
2026-04-14 16:29:55 - tczq_data - INFO - ✓ 记录赔率变化: tczq_total_goal_odds.goal_5 0.000 -> 0.000 (diff=0.000)
2026-04-14 16:29:55 - tczq_data - WARNING - 无法获取原始赔率值: record_id=5, field=goal_6
2026-04-14 16:29:55 - tczq_data - INFO - ✓ 记录赔率变化: tczq_total_goal_odds.goal_6 0.000 -> 0.000 (diff=0.000)
2026-04-14 16:29:55 - tczq_data - WARNING - 无法获取原始赔率值: record_id=5, field=goal_about
2026-04-14 16:29:56 - tczq_data - INFO - ✓ 记录赔率变化: tczq_total_goal_odds.goal_about 0.000 -> 0.000 (diff=0.000)
2026-04-14 16:29:56 - tczq_data - WARNING - 无法获取原始赔率值: record_id=5, field=half_win_full_win
2026-04-14 16:29:56 - tczq_data - INFO - ✓ 记录赔率变化: tczq_ht_ft_odds.half_win_full_win 0.000 -> 0.000 (diff=0.000)
2026-04-14 16:29:56 - tczq_data - WARNING - 无法获取原始赔率值: record_id=5, field=half_win_full_draw
2026-04-14 16:29:56 - tczq_data - INFO - ✓ 记录赔率变化: tczq_ht_ft_odds.half_win_full_draw 0.000 -> 0.000 (diff=0.000)
2026-04-14 16:29:56 - tczq_data - WARNING - 无法获取原始赔率值: record_id=5, field=half_win_full_lose
2026-04-14 16:29:56 - tczq_data - INFO - ✓ 记录赔率变化: tczq_ht_ft_odds.half_win_full_lose 0.000 -> 0.000 (diff=0.000)
2026-04-14 16:29:56 - tczq_data - WARNING - 无法获取原始赔率值: record_id=5, field=half_draw_full_win
2026-04-14 16:29:56 - tczq_data - INFO - ✓ 记录赔率变化: tczq_ht_ft_odds.half_draw_full_win 0.000 -> 0.000 (diff=0.000)
2026-04-14 16:29:56 - tczq_data - WARNING - 无法获取原始赔率值: record_id=5, field=half_draw_full_lose
2026-04-14 16:29:56 - tczq_data - INFO - ✓ 记录赔率变化: tczq_ht_ft_odds.half_draw_full_lose 0.000 -> 0.000 (diff=0.000)
2026-04-14 16:29:56 - tczq_data - WARNING - 无法获取原始赔率值: record_id=5, field=half_lose_full_win
2026-04-14 16:29:56 - tczq_data - INFO - ✓ 记录赔率变化: tczq_ht_ft_odds.half_lose_full_win 0.000 -> 0.000 (diff=0.000)
2026-04-14 16:29:56 - tczq_data - WARNING - 无法获取原始赔率值: record_id=5, field=half_lose_full_draw
2026-04-14 16:29:56 - tczq_data - INFO - ✓ 记录赔率变化: tczq_ht_ft_odds.half_lose_full_draw 0.000 -> 0.000 (diff=0.000)
2026-04-14 16:29:56 - tczq_data - WARNING - 无法获取原始赔率值: record_id=5, field=half_lose_full_lose
2026-04-14 16:29:56 - tczq_data - INFO - ✓ 记录赔率变化: tczq_ht_ft_odds.half_lose_full_lose 0.000 -> 0.000 (diff=0.000)
2026-04-14 16:29:56 - tczq_data - WARNING - 无法获取原始赔率值: record_id=6, field=goal_0
2026-04-14 16:29:56 - tczq_data - INFO - ✓ 记录赔率变化: tczq_total_goal_odds.goal_0 0.000 -> 0.000 (diff=0.000)
2026-04-14 16:29:56 - tczq_data - WARNING - 无法获取原始赔率值: record_id=6, field=goal_1
2026-04-14 16:29:56 - tczq_data - INFO - ✓ 记录赔率变化: tczq_total_goal_odds.goal_1 0.000 -> 0.000 (diff=0.000)
2026-04-14 16:29:56 - tczq_data - WARNING - 无法获取原始赔率值: record_id=6, field=goal_2
2026-04-14 16:29:56 - tczq_data - INFO - ✓ 记录赔率变化: tczq_total_goal_odds.goal_2 0.000 -> 0.000 (diff=0.000)
2026-04-14 16:29:56 - tczq_data - WARNING - 无法获取原始赔率值: record_id=6, field=goal_3
2026-04-14 16:29:56 - tczq_data - INFO - ✓ 记录赔率变化: tczq_total_goal_odds.goal_3 0.000 -> 0.000 (diff=0.000)
2026-04-14 16:29:56 - tczq_data - WARNING - 无法获取原始赔率值: record_id=6, field=goal_4
2026-04-14 16:29:56 - tczq_data - INFO - ✓ 记录赔率变化: tczq_total_goal_odds.goal_4 0.000 -> 0.000 (diff=0.000)
2026-04-14 16:29:56 - tczq_data - WARNING - 无法获取原始赔率值: record_id=6, field=goal_5
2026-04-14 16:29:56 - tczq_data - INFO - ✓ 记录赔率变化: tczq_total_goal_odds.goal_5 0.000 -> 0.000 (diff=0.000)
2026-04-14 16:29:56 - tczq_data - WARNING - 无法获取原始赔率值: record_id=6, field=goal_6
2026-04-14 16:29:56 - tczq_data - INFO - ✓ 记录赔率变化: tczq_total_goal_odds.goal_6 0.000 -> 0.000 (diff=0.000)
2026-04-14 16:29:56 - tczq_data - WARNING - 无法获取原始赔率值: record_id=6, field=goal_about
2026-04-14 16:29:56 - tczq_data - INFO - ✓ 记录赔率变化: tczq_total_goal_odds.goal_about 0.000 -> 0.000 (diff=0.000)
2026-04-14 16:29:56 - tczq_data - WARNING - 无法获取原始赔率值: record_id=6, field=half_win_full_win
2026-04-14 16:29:56 - tczq_data - INFO - ✓ 记录赔率变化: tczq_ht_ft_odds.half_win_full_win 0.000 -> 0.000 (diff=0.000)
2026-04-14 16:29:56 - tczq_data - WARNING - 无法获取原始赔率值: record_id=6, field=half_win_full_draw
2026-04-14 16:29:56 - tczq_data - INFO - ✓ 记录赔率变化: tczq_ht_ft_odds.half_win_full_draw 0.000 -> 0.000 (diff=0.000)
2026-04-14 16:29:56 - tczq_data - WARNING - 无法获取原始赔率值: record_id=6, field=half_win_full_lose
2026-04-14 16:29:56 - tczq_data - INFO - ✓ 记录赔率变化: tczq_ht_ft_odds.half_win_full_lose 0.000 -> 0.000 (diff=0.000)
2026-04-14 16:29:56 - tczq_data - WARNING - 无法获取原始赔率值: record_id=6, field=half_draw_full_win
2026-04-14 16:29:56 - tczq_data - INFO - ✓ 记录赔率变化: tczq_ht_ft_odds.half_draw_full_win 0.000 -> 0.000 (diff=0.000)
2026-04-14 16:29:56 - tczq_data - WARNING - 无法获取原始赔率值: record_id=6, field=half_draw_full_lose
2026-04-14 16:29:56 - tczq_data - INFO - ✓ 记录赔率变化: tczq_ht_ft_odds.half_draw_full_lose 0.000 -> 0.000 (diff=0.000)
2026-04-14 16:29:56 - tczq_data - WARNING - 无法获取原始赔率值: record_id=6, field=half_lose_full_win
2026-04-14 16:29:56 - tczq_data - INFO - ✓ 记录赔率变化: tczq_ht_ft_odds.half_lose_full_win 0.000 -> 0.000 (diff=0.000)
2026-04-14 16:29:56 - tczq_data - WARNING - 无法获取原始赔率值: record_id=6, field=half_lose_full_draw
2026-04-14 16:29:56 - tczq_data - INFO - ✓ 记录赔率变化: tczq_ht_ft_odds.half_lose_full_draw 0.000 -> 0.000 (diff=0.000)
2026-04-14 16:29:56 - tczq_data - WARNING - 无法获取原始赔率值: record_id=6, field=half_lose_full_lose
2026-04-14 16:29:56 - tczq_data - INFO - ✓ 记录赔率变化: tczq_ht_ft_odds.half_lose_full_lose 0.000 -> 0.000 (diff=0.000)
2026-04-14 16:29:56 - tczq_data - WARNING - 无法获取原始赔率值: record_id=7, field=goal_0
2026-04-14 16:29:56 - tczq_data - INFO - ✓ 记录赔率变化: tczq_total_goal_odds.goal_0 0.000 -> 0.000 (diff=0.000)
2026-04-14 16:29:56 - tczq_data - WARNING - 无法获取原始赔率值: record_id=7, field=goal_1
2026-04-14 16:29:56 - tczq_data - INFO - ✓ 记录赔率变化: tczq_total_goal_odds.goal_1 0.000 -> 0.000 (diff=0.000)
2026-04-14 16:29:56 - tczq_data - WARNING - 无法获取原始赔率值: record_id=7, field=goal_2
2026-04-14 16:29:56 - tczq_data - INFO - ✓ 记录赔率变化: tczq_total_goal_odds.goal_2 0.000 -> 0.000 (diff=0.000)
2026-04-14 16:29:56 - tczq_data - WARNING - 无法获取原始赔率值: record_id=7, field=goal_3
2026-04-14 16:29:56 - tczq_data - INFO - ✓ 记录赔率变化: tczq_total_goal_odds.goal_3 0.000 -> 0.000 (diff=0.000)
2026-04-14 16:29:56 - tczq_data - WARNING - 无法获取原始赔率值: record_id=7, field=goal_4
2026-04-14 16:29:56 - tczq_data - INFO - ✓ 记录赔率变化: tczq_total_goal_odds.goal_4 0.000 -> 0.000 (diff=0.000)
2026-04-14 16:29:56 - tczq_data - WARNING - 无法获取原始赔率值: record_id=7, field=goal_5
2026-04-14 16:29:56 - tczq_data - INFO - ✓ 记录赔率变化: tczq_total_goal_odds.goal_5 0.000 -> 0.000 (diff=0.000)
2026-04-14 16:29:56 - tczq_data - WARNING - 无法获取原始赔率值: record_id=7, field=goal_6
2026-04-14 16:29:56 - tczq_data - INFO - ✓ 记录赔率变化: tczq_total_goal_odds.goal_6 0.000 -> 0.000 (diff=0.000)
2026-04-14 16:29:56 - tczq_data - WARNING - 无法获取原始赔率值: record_id=7, field=goal_about
2026-04-14 16:29:56 - tczq_data - INFO - ✓ 记录赔率变化: tczq_total_goal_odds.goal_about 0.000 -> 0.000 (diff=0.000)
2026-04-14 16:29:56 - tczq_data - WARNING - 无法获取原始赔率值: record_id=7, field=half_win_full_win
2026-04-14 16:29:56 - tczq_data - INFO - ✓ 记录赔率变化: tczq_ht_ft_odds.half_win_full_win 0.000 -> 0.000 (diff=0.000)
2026-04-14 16:29:56 - tczq_data - WARNING - 无法获取原始赔率值: record_id=7, field=half_win_full_draw
2026-04-14 16:29:56 - tczq_data - INFO - ✓ 记录赔率变化: tczq_ht_ft_odds.half_win_full_draw 0.000 -> 0.000 (diff=0.000)
2026-04-14 16:29:56 - tczq_data - WARNING - 无法获取原始赔率值: record_id=7, field=half_win_full_lose
2026-04-14 16:29:56 - tczq_data - INFO - ✓ 记录赔率变化: tczq_ht_ft_odds.half_win_full_lose 0.000 -> 0.000 (diff=0.000)
2026-04-14 16:29:56 - tczq_data - WARNING - 无法获取原始赔率值: record_id=7, field=half_draw_full_win
2026-04-14 16:29:56 - tczq_data - INFO - ✓ 记录赔率变化: tczq_ht_ft_odds.half_draw_full_win 0.000 -> 0.000 (diff=0.000)
2026-04-14 16:29:56 - tczq_data - WARNING - 无法获取原始赔率值: record_id=7, field=half_draw_full_lose
2026-04-14 16:29:56 - tczq_data - INFO - ✓ 记录赔率变化: tczq_ht_ft_odds.half_draw_full_lose 0.000 -> 0.000 (diff=0.000)
2026-04-14 16:29:56 - tczq_data - WARNING - 无法获取原始赔率值: record_id=7, field=half_lose_full_win
2026-04-14 16:29:56 - tczq_data - INFO - ✓ 记录赔率变化: tczq_ht_ft_odds.half_lose_full_win 0.000 -> 0.000 (diff=0.000)
2026-04-14 16:29:56 - tczq_data - WARNING - 无法获取原始赔率值: record_id=7, field=half_lose_full_draw
2026-04-14 16:29:56 - tczq_data - INFO - ✓ 记录赔率变化: tczq_ht_ft_odds.half_lose_full_draw 0.000 -> 0.000 (diff=0.000)
2026-04-14 16:29:56 - tczq_data - WARNING - 无法获取原始赔率值: record_id=7, field=half_lose_full_lose
2026-04-14 16:29:56 - tczq_data - INFO - ✓ 记录赔率变化: tczq_ht_ft_odds.half_lose_full_lose 0.000 -> 0.000 (diff=0.000)
2026-04-14 16:29:56 - tczq_data - WARNING - 无法获取原始赔率值: record_id=8, field=goal_0
2026-04-14 16:29:56 - tczq_data - INFO - ✓ 记录赔率变化: tczq_total_goal_odds.goal_0 0.000 -> 0.000 (diff=0.000)
2026-04-14 16:29:56 - tczq_data - WARNING - 无法获取原始赔率值: record_id=8, field=goal_1
2026-04-14 16:29:56 - tczq_data - INFO - ✓ 记录赔率变化: tczq_total_goal_odds.goal_1 0.000 -> 0.000 (diff=0.000)
2026-04-14 16:29:56 - tczq_data - WARNING - 无法获取原始赔率值: record_id=8, field=goal_2
2026-04-14 16:29:57 - tczq_data - INFO - ✓ 记录赔率变化: tczq_total_goal_odds.goal_2 0.000 -> 0.000 (diff=0.000)
2026-04-14 16:29:57 - tczq_data - WARNING - 无法获取原始赔率值: record_id=8, field=goal_3
2026-04-14 16:29:57 - tczq_data - INFO - ✓ 记录赔率变化: tczq_total_goal_odds.goal_3 0.000 -> 0.000 (diff=0.000)
2026-04-14 16:29:57 - tczq_data - WARNING - 无法获取原始赔率值: record_id=8, field=goal_4
2026-04-14 16:29:57 - tczq_data - INFO - ✓ 记录赔率变化: tczq_total_goal_odds.goal_4 0.000 -> 0.000 (diff=0.000)
2026-04-14 16:29:57 - tczq_data - WARNING - 无法获取原始赔率值: record_id=8, field=goal_5
2026-04-14 16:29:57 - tczq_data - INFO - ✓ 记录赔率变化: tczq_total_goal_odds.goal_5 0.000 -> 0.000 (diff=0.000)
2026-04-14 16:29:57 - tczq_data - WARNING - 无法获取原始赔率值: record_id=8, field=goal_6
2026-04-14 16:29:57 - tczq_data - INFO - ✓ 记录赔率变化: tczq_total_goal_odds.goal_6 0.000 -> 0.000 (diff=0.000)
2026-04-14 16:29:57 - tczq_data - WARNING - 无法获取原始赔率值: record_id=8, field=goal_about
2026-04-14 16:29:57 - tczq_data - INFO - ✓ 记录赔率变化: tczq_total_goal_odds.goal_about 0.000 -> 0.000 (diff=0.000)
2026-04-14 16:29:57 - tczq_data - WARNING - 无法获取原始赔率值: record_id=8, field=half_win_full_win
2026-04-14 16:29:57 - tczq_data - INFO - ✓ 记录赔率变化: tczq_ht_ft_odds.half_win_full_win 0.000 -> 0.000 (diff=0.000)
2026-04-14 16:29:57 - tczq_data - WARNING - 无法获取原始赔率值: record_id=8, field=half_win_full_draw
2026-04-14 16:29:57 - tczq_data - INFO - ✓ 记录赔率变化: tczq_ht_ft_odds.half_win_full_draw 0.000 -> 0.000 (diff=0.000)
2026-04-14 16:29:57 - tczq_data - WARNING - 无法获取原始赔率值: record_id=8, field=half_win_full_lose
2026-04-14 16:29:57 - tczq_data - INFO - ✓ 记录赔率变化: tczq_ht_ft_odds.half_win_full_lose 0.000 -> 0.000 (diff=0.000)
2026-04-14 16:29:57 - tczq_data - WARNING - 无法获取原始赔率值: record_id=8, field=half_draw_full_win
2026-04-14 16:29:57 - tczq_data - INFO - ✓ 记录赔率变化: tczq_ht_ft_odds.half_draw_full_win 0.000 -> 0.000 (diff=0.000)
2026-04-14 16:29:57 - tczq_data - WARNING - 无法获取原始赔率值: record_id=8, field=half_draw_full_lose
2026-04-14 16:29:57 - tczq_data - INFO - ✓ 记录赔率变化: tczq_ht_ft_odds.half_draw_full_lose 0.000 -> 0.000 (diff=0.000)
2026-04-14 16:29:57 - tczq_data - WARNING - 无法获取原始赔率值: record_id=8, field=half_lose_full_win
2026-04-14 16:29:57 - tczq_data - INFO - ✓ 记录赔率变化: tczq_ht_ft_odds.half_lose_full_win 0.000 -> 0.000 (diff=0.000)
2026-04-14 16:29:57 - tczq_data - WARNING - 无法获取原始赔率值: record_id=8, field=half_lose_full_draw
2026-04-14 16:29:57 - tczq_data - INFO - ✓ 记录赔率变化: tczq_ht_ft_odds.half_lose_full_draw 0.000 -> 0.000 (diff=0.000)
2026-04-14 16:29:57 - tczq_data - WARNING - 无法获取原始赔率值: record_id=8, field=half_lose_full_lose
2026-04-14 16:29:57 - tczq_data - INFO - ✓ 记录赔率变化: tczq_ht_ft_odds.half_lose_full_lose 0.000 -> 0.000 (diff=0.000)
2026-04-14 16:29:57 - tczq_data - WARNING - 无法获取原始赔率值: record_id=9, field=goal_0
2026-04-14 16:29:57 - tczq_data - INFO - ✓ 记录赔率变化: tczq_total_goal_odds.goal_0 0.000 -> 0.000 (diff=0.000)
2026-04-14 16:29:57 - tczq_data - WARNING - 无法获取原始赔率值: record_id=9, field=goal_1
2026-04-14 16:29:57 - tczq_data - INFO - ✓ 记录赔率变化: tczq_total_goal_odds.goal_1 0.000 -> 0.000 (diff=0.000)
2026-04-14 16:29:57 - tczq_data - WARNING - 无法获取原始赔率值: record_id=9, field=goal_2
2026-04-14 16:29:57 - tczq_data - INFO - ✓ 记录赔率变化: tczq_total_goal_odds.goal_2 0.000 -> 0.000 (diff=0.000)
2026-04-14 16:29:57 - tczq_data - WARNING - 无法获取原始赔率值: record_id=9, field=goal_3
2026-04-14 16:29:57 - tczq_data - INFO - ✓ 记录赔率变化: tczq_total_goal_odds.goal_3 0.000 -> 0.000 (diff=0.000)
2026-04-14 16:29:57 - tczq_data - WARNING - 无法获取原始赔率值: record_id=9, field=goal_4
2026-04-14 16:29:57 - tczq_data - INFO - ✓ 记录赔率变化: tczq_total_goal_odds.goal_4 0.000 -> 0.000 (diff=0.000)
2026-04-14 16:29:57 - tczq_data - WARNING - 无法获取原始赔率值: record_id=9, field=goal_5
2026-04-14 16:29:57 - tczq_data - INFO - ✓ 记录赔率变化: tczq_total_goal_odds.goal_5 0.000 -> 0.000 (diff=0.000)
2026-04-14 16:29:57 - tczq_data - WARNING - 无法获取原始赔率值: record_id=9, field=goal_6
2026-04-14 16:29:57 - tczq_data - INFO - ✓ 记录赔率变化: tczq_total_goal_odds.goal_6 0.000 -> 0.000 (diff=0.000)
2026-04-14 16:29:57 - tczq_data - WARNING - 无法获取原始赔率值: record_id=9, field=goal_about
2026-04-14 16:29:57 - tczq_data - INFO - ✓ 记录赔率变化: tczq_total_goal_odds.goal_about 0.000 -> 0.000 (diff=0.000)
2026-04-14 16:29:57 - tczq_data - WARNING - 无法获取原始赔率值: record_id=9, field=half_win_full_win
2026-04-14 16:29:57 - tczq_data - INFO - ✓ 记录赔率变化: tczq_ht_ft_odds.half_win_full_win 0.000 -> 0.000 (diff=0.000)
2026-04-14 16:29:57 - tczq_data - WARNING - 无法获取原始赔率值: record_id=9, field=half_win_full_draw
2026-04-14 16:29:57 - tczq_data - INFO - ✓ 记录赔率变化: tczq_ht_ft_odds.half_win_full_draw 0.000 -> 0.000 (diff=0.000)
2026-04-14 16:29:57 - tczq_data - WARNING - 无法获取原始赔率值: record_id=9, field=half_win_full_lose
2026-04-14 16:29:57 - tczq_data - INFO - ✓ 记录赔率变化: tczq_ht_ft_odds.half_win_full_lose 0.000 -> 0.000 (diff=0.000)
2026-04-14 16:29:57 - tczq_data - WARNING - 无法获取原始赔率值: record_id=9, field=half_draw_full_win
2026-04-14 16:29:57 - tczq_data - INFO - ✓ 记录赔率变化: tczq_ht_ft_odds.half_draw_full_win 0.000 -> 0.000 (diff=0.000)
2026-04-14 16:29:57 - tczq_data - WARNING - 无法获取原始赔率值: record_id=9, field=half_draw_full_lose
2026-04-14 16:29:57 - tczq_data - INFO - ✓ 记录赔率变化: tczq_ht_ft_odds.half_draw_full_lose 0.000 -> 0.000 (diff=0.000)
2026-04-14 16:29:57 - tczq_data - WARNING - 无法获取原始赔率值: record_id=9, field=half_lose_full_win
2026-04-14 16:29:57 - tczq_data - INFO - ✓ 记录赔率变化: tczq_ht_ft_odds.half_lose_full_win 0.000 -> 0.000 (diff=0.000)
2026-04-14 16:29:57 - tczq_data - WARNING - 无法获取原始赔率值: record_id=9, field=half_lose_full_draw
2026-04-14 16:29:57 - tczq_data - INFO - ✓ 记录赔率变化: tczq_ht_ft_odds.half_lose_full_draw 0.000 -> 0.000 (diff=0.000)
2026-04-14 16:29:57 - tczq_data - WARNING - 无法获取原始赔率值: record_id=9, field=half_lose_full_lose
2026-04-14 16:29:57 - tczq_data - INFO - ✓ 记录赔率变化: tczq_ht_ft_odds.half_lose_full_lose 0.000 -> 0.000 (diff=0.000)
2026-04-14 16:29:57 - tczq_data - WARNING - 无法获取原始赔率值: record_id=10, field=goal_0
2026-04-14 16:29:57 - tczq_data - INFO - ✓ 记录赔率变化: tczq_total_goal_odds.goal_0 0.000 -> 0.000 (diff=0.000)
2026-04-14 16:29:57 - tczq_data - WARNING - 无法获取原始赔率值: record_id=10, field=goal_1
2026-04-14 16:29:57 - tczq_data - INFO - ✓ 记录赔率变化: tczq_total_goal_odds.goal_1 0.000 -> 0.000 (diff=0.000)
2026-04-14 16:29:57 - tczq_data - WARNING - 无法获取原始赔率值: record_id=10, field=goal_2
2026-04-14 16:29:57 - tczq_data - INFO - ✓ 记录赔率变化: tczq_total_goal_odds.goal_2 0.000 -> 0.000 (diff=0.000)
2026-04-14 16:29:57 - tczq_data - WARNING - 无法获取原始赔率值: record_id=10, field=goal_3
2026-04-14 16:29:57 - tczq_data - INFO - ✓ 记录赔率变化: tczq_total_goal_odds.goal_3 0.000 -> 0.000 (diff=0.000)
2026-04-14 16:29:57 - tczq_data - WARNING - 无法获取原始赔率值: record_id=10, field=goal_4
2026-04-14 16:29:57 - tczq_data - INFO - ✓ 记录赔率变化: tczq_total_goal_odds.goal_4 0.000 -> 0.000 (diff=0.000)
2026-04-14 16:29:57 - tczq_data - WARNING - 无法获取原始赔率值: record_id=10, field=goal_5
2026-04-14 16:29:57 - tczq_data - INFO - ✓ 记录赔率变化: tczq_total_goal_odds.goal_5 0.000 -> 0.000 (diff=0.000)
2026-04-14 16:29:57 - tczq_data - WARNING - 无法获取原始赔率值: record_id=10, field=goal_6
2026-04-14 16:29:57 - tczq_data - INFO - ✓ 记录赔率变化: tczq_total_goal_odds.goal_6 0.000 -> 0.000 (diff=0.000)
2026-04-14 16:29:57 - tczq_data - WARNING - 无法获取原始赔率值: record_id=10, field=goal_about
2026-04-14 16:29:57 - tczq_data - INFO - ✓ 记录赔率变化: tczq_total_goal_odds.goal_about 0.000 -> 0.000 (diff=0.000)
2026-04-14 16:29:57 - tczq_data - WARNING - 无法获取原始赔率值: record_id=10, field=half_win_full_win
2026-04-14 16:29:57 - tczq_data - INFO - ✓ 记录赔率变化: tczq_ht_ft_odds.half_win_full_win 0.000 -> 0.000 (diff=0.000)
2026-04-14 16:29:57 - tczq_data - WARNING - 无法获取原始赔率值: record_id=10, field=half_win_full_draw
2026-04-14 16:29:57 - tczq_data - INFO - ✓ 记录赔率变化: tczq_ht_ft_odds.half_win_full_draw 0.000 -> 0.000 (diff=0.000)
2026-04-14 16:29:57 - tczq_data - WARNING - 无法获取原始赔率值: record_id=10, field=half_win_full_lose
2026-04-14 16:29:57 - tczq_data - INFO - ✓ 记录赔率变化: tczq_ht_ft_odds.half_win_full_lose 0.000 -> 0.000 (diff=0.000)
2026-04-14 16:29:57 - tczq_data - WARNING - 无法获取原始赔率值: record_id=10, field=half_draw_full_win
2026-04-14 16:29:57 - tczq_data - INFO - ✓ 记录赔率变化: tczq_ht_ft_odds.half_draw_full_win 0.000 -> 0.000 (diff=0.000)
2026-04-14 16:29:57 - tczq_data - WARNING - 无法获取原始赔率值: record_id=10, field=half_draw_full_lose
2026-04-14 16:29:58 - tczq_data - INFO - ✓ 记录赔率变化: tczq_ht_ft_odds.half_draw_full_lose 0.000 -> 0.000 (diff=0.000)
2026-04-14 16:29:58 - tczq_data - WARNING - 无法获取原始赔率值: record_id=10, field=half_lose_full_win
2026-04-14 16:29:58 - tczq_data - INFO - ✓ 记录赔率变化: tczq_ht_ft_odds.half_lose_full_win 0.000 -> 0.000 (diff=0.000)
2026-04-14 16:29:58 - tczq_data - WARNING - 无法获取原始赔率值: record_id=10, field=half_lose_full_draw
2026-04-14 16:29:58 - tczq_data - INFO - ✓ 记录赔率变化: tczq_ht_ft_odds.half_lose_full_draw 0.000 -> 0.000 (diff=0.000)
2026-04-14 16:29:58 - tczq_data - WARNING - 无法获取原始赔率值: record_id=10, field=half_lose_full_lose
2026-04-14 16:29:58 - tczq_data - INFO - ✓ 记录赔率变化: tczq_ht_ft_odds.half_lose_full_lose 0.000 -> 0.000 (diff=0.000)
2026-04-14 16:29:58 - tczq_data - WARNING - 无法获取原始赔率值: record_id=11, field=goal_0
2026-04-14 16:29:58 - tczq_data - INFO - ✓ 记录赔率变化: tczq_total_goal_odds.goal_0 0.000 -> 0.000 (diff=0.000)
2026-04-14 16:29:58 - tczq_data - WARNING - 无法获取原始赔率值: record_id=11, field=goal_1
2026-04-14 16:29:58 - tczq_data - INFO - ✓ 记录赔率变化: tczq_total_goal_odds.goal_1 0.000 -> 0.000 (diff=0.000)
2026-04-14 16:29:58 - tczq_data - WARNING - 无法获取原始赔率值: record_id=11, field=goal_2
2026-04-14 16:29:58 - tczq_data - INFO - ✓ 记录赔率变化: tczq_total_goal_odds.goal_2 0.000 -> 0.000 (diff=0.000)
2026-04-14 16:29:58 - tczq_data - WARNING - 无法获取原始赔率值: record_id=11, field=goal_3
2026-04-14 16:29:58 - tczq_data - INFO - ✓ 记录赔率变化: tczq_total_goal_odds.goal_3 0.000 -> 0.000 (diff=0.000)
2026-04-14 16:29:58 - tczq_data - WARNING - 无法获取原始赔率值: record_id=11, field=goal_4
2026-04-14 16:29:58 - tczq_data - INFO - ✓ 记录赔率变化: tczq_total_goal_odds.goal_4 0.000 -> 0.000 (diff=0.000)
2026-04-14 16:29:58 - tczq_data - WARNING - 无法获取原始赔率值: record_id=11, field=goal_5
2026-04-14 16:29:58 - tczq_data - INFO - ✓ 记录赔率变化: tczq_total_goal_odds.goal_5 0.000 -> 0.000 (diff=0.000)
2026-04-14 16:29:58 - tczq_data - WARNING - 无法获取原始赔率值: record_id=11, field=goal_6
2026-04-14 16:29:58 - tczq_data - INFO - ✓ 记录赔率变化: tczq_total_goal_odds.goal_6 0.000 -> 0.000 (diff=0.000)
2026-04-14 16:29:58 - tczq_data - WARNING - 无法获取原始赔率值: record_id=11, field=goal_about
2026-04-14 16:29:58 - tczq_data - INFO - ✓ 记录赔率变化: tczq_total_goal_odds.goal_about 0.000 -> 0.000 (diff=0.000)
2026-04-14 16:29:58 - tczq_data - WARNING - 无法获取原始赔率值: record_id=11, field=half_win_full_win
2026-04-14 16:29:58 - tczq_data - INFO - ✓ 记录赔率变化: tczq_ht_ft_odds.half_win_full_win 0.000 -> 0.000 (diff=0.000)
2026-04-14 16:29:58 - tczq_data - WARNING - 无法获取原始赔率值: record_id=11, field=half_win_full_draw
2026-04-14 16:29:58 - tczq_data - INFO - ✓ 记录赔率变化: tczq_ht_ft_odds.half_win_full_draw 0.000 -> 0.000 (diff=0.000)
2026-04-14 16:29:58 - tczq_data - WARNING - 无法获取原始赔率值: record_id=11, field=half_win_full_lose
2026-04-14 16:29:58 - tczq_data - INFO - ✓ 记录赔率变化: tczq_ht_ft_odds.half_win_full_lose 0.000 -> 0.000 (diff=0.000)
2026-04-14 16:29:58 - tczq_data - WARNING - 无法获取原始赔率值: record_id=11, field=half_draw_full_win
2026-04-14 16:29:58 - tczq_data - INFO - ✓ 记录赔率变化: tczq_ht_ft_odds.half_draw_full_win 0.000 -> 0.000 (diff=0.000)
2026-04-14 16:29:58 - tczq_data - WARNING - 无法获取原始赔率值: record_id=11, field=half_draw_full_lose
2026-04-14 16:29:58 - tczq_data - INFO - ✓ 记录赔率变化: tczq_ht_ft_odds.half_draw_full_lose 0.000 -> 0.000 (diff=0.000)
2026-04-14 16:29:58 - tczq_data - WARNING - 无法获取原始赔率值: record_id=11, field=half_lose_full_win
2026-04-14 16:29:58 - tczq_data - INFO - ✓ 记录赔率变化: tczq_ht_ft_odds.half_lose_full_win 0.000 -> 0.000 (diff=0.000)
2026-04-14 16:29:58 - tczq_data - WARNING - 无法获取原始赔率值: record_id=11, field=half_lose_full_draw
2026-04-14 16:29:58 - tczq_data - INFO - ✓ 记录赔率变化: tczq_ht_ft_odds.half_lose_full_draw 0.000 -> 0.000 (diff=0.000)
2026-04-14 16:29:58 - tczq_data - WARNING - 无法获取原始赔率值: record_id=11, field=half_lose_full_lose
2026-04-14 16:29:58 - tczq_data - INFO - ✓ 记录赔率变化: tczq_ht_ft_odds.half_lose_full_lose 0.000 -> 0.000 (diff=0.000)
2026-04-14 16:29:58 - tczq_data - WARNING - 无法获取原始赔率值: record_id=12, field=goal_0
2026-04-14 16:29:58 - tczq_data - INFO - ✓ 记录赔率变化: tczq_total_goal_odds.goal_0 0.000 -> 0.000 (diff=0.000)
2026-04-14 16:29:58 - tczq_data - WARNING - 无法获取原始赔率值: record_id=12, field=goal_1
2026-04-14 16:29:58 - tczq_data - INFO - ✓ 记录赔率变化: tczq_total_goal_odds.goal_1 0.000 -> 0.000 (diff=0.000)
2026-04-14 16:29:58 - tczq_data - WARNING - 无法获取原始赔率值: record_id=12, field=goal_2
2026-04-14 16:29:58 - tczq_data - INFO - ✓ 记录赔率变化: tczq_total_goal_odds.goal_2 0.000 -> 0.000 (diff=0.000)
2026-04-14 16:29:58 - tczq_data - WARNING - 无法获取原始赔率值: record_id=12, field=goal_3
2026-04-14 16:29:58 - tczq_data - INFO - ✓ 记录赔率变化: tczq_total_goal_odds.goal_3 0.000 -> 0.000 (diff=0.000)
2026-04-14 16:29:58 - tczq_data - WARNING - 无法获取原始赔率值: record_id=12, field=goal_4
2026-04-14 16:29:58 - tczq_data - INFO - ✓ 记录赔率变化: tczq_total_goal_odds.goal_4 0.000 -> 0.000 (diff=0.000)
2026-04-14 16:29:58 - tczq_data - WARNING - 无法获取原始赔率值: record_id=12, field=goal_5
2026-04-14 16:29:58 - tczq_data - INFO - ✓ 记录赔率变化: tczq_total_goal_odds.goal_5 0.000 -> 0.000 (diff=0.000)
2026-04-14 16:29:58 - tczq_data - WARNING - 无法获取原始赔率值: record_id=12, field=goal_6
2026-04-14 16:29:58 - tczq_data - INFO - ✓ 记录赔率变化: tczq_total_goal_odds.goal_6 0.000 -> 0.000 (diff=0.000)
2026-04-14 16:29:58 - tczq_data - WARNING - 无法获取原始赔率值: record_id=12, field=goal_about
2026-04-14 16:29:58 - tczq_data - INFO - ✓ 记录赔率变化: tczq_total_goal_odds.goal_about 0.000 -> 0.000 (diff=0.000)
2026-04-14 16:29:58 - tczq_data - WARNING - 无法获取原始赔率值: record_id=12, field=half_win_full_win
2026-04-14 16:29:58 - tczq_data - INFO - ✓ 记录赔率变化: tczq_ht_ft_odds.half_win_full_win 0.000 -> 0.000 (diff=0.000)
2026-04-14 16:29:58 - tczq_data - WARNING - 无法获取原始赔率值: record_id=12, field=half_win_full_draw
2026-04-14 16:29:58 - tczq_data - INFO - ✓ 记录赔率变化: tczq_ht_ft_odds.half_win_full_draw 0.000 -> 0.000 (diff=0.000)
2026-04-14 16:29:58 - tczq_data - WARNING - 无法获取原始赔率值: record_id=12, field=half_win_full_lose
2026-04-14 16:29:58 - tczq_data - INFO - ✓ 记录赔率变化: tczq_ht_ft_odds.half_win_full_lose 0.000 -> 0.000 (diff=0.000)
2026-04-14 16:29:58 - tczq_data - WARNING - 无法获取原始赔率值: record_id=12, field=half_draw_full_win
2026-04-14 16:29:58 - tczq_data - INFO - ✓ 记录赔率变化: tczq_ht_ft_odds.half_draw_full_win 0.000 -> 0.000 (diff=0.000)
2026-04-14 16:29:58 - tczq_data - WARNING - 无法获取原始赔率值: record_id=12, field=half_draw_full_lose
2026-04-14 16:29:58 - tczq_data - INFO - ✓ 记录赔率变化: tczq_ht_ft_odds.half_draw_full_lose 0.000 -> 0.000 (diff=0.000)
2026-04-14 16:29:58 - tczq_data - WARNING - 无法获取原始赔率值: record_id=12, field=half_lose_full_win
2026-04-14 16:29:58 - tczq_data - INFO - ✓ 记录赔率变化: tczq_ht_ft_odds.half_lose_full_win 0.000 -> 0.000 (diff=0.000)
2026-04-14 16:29:58 - tczq_data - WARNING - 无法获取原始赔率值: record_id=12, field=half_lose_full_draw
2026-04-14 16:29:58 - tczq_data - INFO - ✓ 记录赔率变化: tczq_ht_ft_odds.half_lose_full_draw 0.000 -> 0.000 (diff=0.000)
2026-04-14 16:29:58 - tczq_data - WARNING - 无法获取原始赔率值: record_id=12, field=half_lose_full_lose
2026-04-14 16:29:58 - tczq_data - INFO - ✓ 记录赔率变化: tczq_ht_ft_odds.half_lose_full_lose 0.000 -> 0.000 (diff=0.000)
2026-04-14 16:29:58 - tczq_data - INFO - 赔率数据处理完成
2026-04-14 16:30:32 - tczq_data - INFO - 开始获取当前比赛数据（带赔率）...
2026-04-14 16:30:32 - tczq_data - INFO - 共获取 12 场比赛
2026-04-14 16:30:32 - tczq_data - INFO - 联赛数据处理完成，共 5 个联赛
2026-04-14 16:30:33 - tczq_data - INFO - 成功保存 12 条比赛记录
2026-04-14 16:30:33 - tczq_data - INFO - 开始处理 12 条赔率数据
2026-04-14 16:30:33 - tczq_data - WARNING - 无法获取原始赔率值: record_id=1, field=goal_0
2026-04-14 16:30:33 - tczq_data - INFO - ✓ 记录赔率变化: tczq_total_goal_odds.goal_0 0.000 -> 0.000 (diff=0.000)
2026-04-14 16:30:33 - tczq_data - WARNING - 无法获取原始赔率值: record_id=1, field=goal_1
2026-04-14 16:30:33 - tczq_data - INFO - ✓ 记录赔率变化: tczq_total_goal_odds.goal_1 0.000 -> 0.000 (diff=0.000)
2026-04-14 16:30:33 - tczq_data - WARNING - 无法获取原始赔率值: record_id=1, field=goal_2
2026-04-14 16:30:33 - tczq_data - INFO - ✓ 记录赔率变化: tczq_total_goal_odds.goal_2 0.000 -> 0.000 (diff=0.000)
2026-04-14 16:30:33 - tczq_data - WARNING - 无法获取原始赔率值: record_id=1, field=goal_3
2026-04-14 16:30:33 - tczq_data - INFO - ✓ 记录赔率变化: tczq_total_goal_odds.goal_3 0.000 -> 0.000 (diff=0.000)
2026-04-14 16:30:33 - tczq_data - WARNING - 无法获取原始赔率值: record_id=1, field=goal_4
2026-04-14 16:30:33 - tczq_data - INFO - ✓ 记录赔率变化: tczq_total_goal_odds.goal_4 0.000 -> 0.000 (diff=0.000)
2026-04-14 16:30:33 - tczq_data - WARNING - 无法获取原始赔率值: record_id=1, field=goal_5
2026-04-14 16:30:33 - tczq_data - INFO - ✓ 记录赔率变化: tczq_total_goal_odds.goal_5 0.000 -> 0.000 (diff=0.000)
2026-04-14 16:30:33 - tczq_data - WARNING - 无法获取原始赔率值: record_id=1, field=goal_6
2026-04-14 16:30:33 - tczq_data - INFO - ✓ 记录赔率变化: tczq_total_goal_odds.goal_6 0.000 -> 0.000 (diff=0.000)
2026-04-14 16:30:33 - tczq_data - WARNING - 无法获取原始赔率值: record_id=1, field=goal_about
2026-04-14 16:30:33 - tczq_data - INFO - ✓ 记录赔率变化: tczq_total_goal_odds.goal_about 0.000 -> 0.000 (diff=0.000)
2026-04-14 16:30:33 - tczq_data - WARNING - 无法获取原始赔率值: record_id=1, field=half_win_full_win
2026-04-14 16:30:33 - tczq_data - INFO - ✓ 记录赔率变化: tczq_ht_ft_odds.half_win_full_win 0.000 -> 0.000 (diff=0.000)
2026-04-14 16:30:33 - tczq_data - WARNING - 无法获取原始赔率值: record_id=1, field=half_win_full_draw
2026-04-14 16:30:33 - tczq_data - INFO - ✓ 记录赔率变化: tczq_ht_ft_odds.half_win_full_draw 0.000 -> 0.000 (diff=0.000)
2026-04-14 16:30:33 - tczq_data - WARNING - 无法获取原始赔率值: record_id=1, field=half_win_full_lose
2026-04-14 16:30:33 - tczq_data - INFO - ✓ 记录赔率变化: tczq_ht_ft_odds.half_win_full_lose 0.000 -> 0.000 (diff=0.000)
2026-04-14 16:30:33 - tczq_data - WARNING - 无法获取原始赔率值: record_id=1, field=half_draw_full_win
2026-04-14 16:30:33 - tczq_data - INFO - ✓ 记录赔率变化: tczq_ht_ft_odds.half_draw_full_win 0.000 -> 0.000 (diff=0.000)
2026-04-14 16:30:33 - tczq_data - WARNING - 无法获取原始赔率值: record_id=1, field=half_draw_full_lose
2026-04-14 16:30:33 - tczq_data - INFO - ✓ 记录赔率变化: tczq_ht_ft_odds.half_draw_full_lose 0.000 -> 0.000 (diff=0.000)
2026-04-14 16:30:33 - tczq_data - WARNING - 无法获取原始赔率值: record_id=1, field=half_lose_full_win
2026-04-14 16:30:33 - tczq_data - INFO - ✓ 记录赔率变化: tczq_ht_ft_odds.half_lose_full_win 0.000 -> 0.000 (diff=0.000)
2026-04-14 16:30:33 - tczq_data - WARNING - 无法获取原始赔率值: record_id=1, field=half_lose_full_draw
2026-04-14 16:30:33 - tczq_data - INFO - ✓ 记录赔率变化: tczq_ht_ft_odds.half_lose_full_draw 0.000 -> 0.000 (diff=0.000)
2026-04-14 16:30:33 - tczq_data - WARNING - 无法获取原始赔率值: record_id=1, field=half_lose_full_lose
2026-04-14 16:30:33 - tczq_data - INFO - ✓ 记录赔率变化: tczq_ht_ft_odds.half_lose_full_lose 0.000 -> 0.000 (diff=0.000)
2026-04-14 16:30:33 - tczq_data - WARNING - 无法获取原始赔率值: record_id=2, field=goal_0
2026-04-14 16:30:33 - tczq_data - INFO - ✓ 记录赔率变化: tczq_total_goal_odds.goal_0 0.000 -> 0.000 (diff=0.000)
2026-04-14 16:30:33 - tczq_data - WARNING - 无法获取原始赔率值: record_id=2, field=goal_1
2026-04-14 16:30:33 - tczq_data - INFO - ✓ 记录赔率变化: tczq_total_goal_odds.goal_1 0.000 -> 0.000 (diff=0.000)
2026-04-14 16:30:33 - tczq_data - WARNING - 无法获取原始赔率值: record_id=2, field=goal_2
2026-04-14 16:30:33 - tczq_data - INFO - ✓ 记录赔率变化: tczq_total_goal_odds.goal_2 0.000 -> 0.000 (diff=0.000)
2026-04-14 16:30:33 - tczq_data - WARNING - 无法获取原始赔率值: record_id=2, field=goal_3
2026-04-14 16:30:33 - tczq_data - INFO - ✓ 记录赔率变化: tczq_total_goal_odds.goal_3 0.000 -> 0.000 (diff=0.000)
2026-04-14 16:30:33 - tczq_data - WARNING - 无法获取原始赔率值: record_id=2, field=goal_4
2026-04-14 16:30:33 - tczq_data - INFO - ✓ 记录赔率变化: tczq_total_goal_odds.goal_4 0.000 -> 0.000 (diff=0.000)
2026-04-14 16:30:33 - tczq_data - WARNING - 无法获取原始赔率值: record_id=2, field=goal_5
2026-04-14 16:30:33 - tczq_data - INFO - ✓ 记录赔率变化: tczq_total_goal_odds.goal_5 0.000 -> 0.000 (diff=0.000)
2026-04-14 16:30:33 - tczq_data - WARNING - 无法获取原始赔率值: record_id=2, field=goal_6
2026-04-14 16:30:33 - tczq_data - INFO - ✓ 记录赔率变化: tczq_total_goal_odds.goal_6 0.000 -> 0.000 (diff=0.000)
2026-04-14 16:30:33 - tczq_data - WARNING - 无法获取原始赔率值: record_id=2, field=goal_about
2026-04-14 16:30:33 - tczq_data - INFO - ✓ 记录赔率变化: tczq_total_goal_odds.goal_about 0.000 -> 0.000 (diff=0.000)
2026-04-14 16:30:33 - tczq_data - WARNING - 无法获取原始赔率值: record_id=2, field=half_win_full_win
2026-04-14 16:30:33 - tczq_data - INFO - ✓ 记录赔率变化: tczq_ht_ft_odds.half_win_full_win 0.000 -> 0.000 (diff=0.000)
2026-04-14 16:30:33 - tczq_data - WARNING - 无法获取原始赔率值: record_id=2, field=half_win_full_draw
2026-04-14 16:30:33 - tczq_data - INFO - ✓ 记录赔率变化: tczq_ht_ft_odds.half_win_full_draw 0.000 -> 0.000 (diff=0.000)
2026-04-14 16:30:33 - tczq_data - WARNING - 无法获取原始赔率值: record_id=2, field=half_win_full_lose
2026-04-14 16:30:33 - tczq_data - INFO - ✓ 记录赔率变化: tczq_ht_ft_odds.half_win_full_lose 0.000 -> 0.000 (diff=0.000)
2026-04-14 16:30:33 - tczq_data - WARNING - 无法获取原始赔率值: record_id=2, field=half_draw_full_win
2026-04-14 16:30:33 - tczq_data - INFO - ✓ 记录赔率变化: tczq_ht_ft_odds.half_draw_full_win 0.000 -> 0.000 (diff=0.000)
2026-04-14 16:30:33 - tczq_data - WARNING - 无法获取原始赔率值: record_id=2, field=half_draw_full_lose
2026-04-14 16:30:33 - tczq_data - INFO - ✓ 记录赔率变化: tczq_ht_ft_odds.half_draw_full_lose 0.000 -> 0.000 (diff=0.000)
2026-04-14 16:30:33 - tczq_data - WARNING - 无法获取原始赔率值: record_id=2, field=half_lose_full_win
2026-04-14 16:30:33 - tczq_data - INFO - ✓ 记录赔率变化: tczq_ht_ft_odds.half_lose_full_win 0.000 -> 0.000 (diff=0.000)
2026-04-14 16:30:33 - tczq_data - WARNING - 无法获取原始赔率值: record_id=2, field=half_lose_full_draw
2026-04-14 16:30:33 - tczq_data - INFO - ✓ 记录赔率变化: tczq_ht_ft_odds.half_lose_full_draw 0.000 -> 0.000 (diff=0.000)
2026-04-14 16:30:33 - tczq_data - WARNING - 无法获取原始赔率值: record_id=2, field=half_lose_full_lose
2026-04-14 16:30:33 - tczq_data - INFO - ✓ 记录赔率变化: tczq_ht_ft_odds.half_lose_full_lose 0.000 -> 0.000 (diff=0.000)
2026-04-14 16:30:33 - tczq_data - WARNING - 无法获取原始赔率值: record_id=3, field=goal_0
2026-04-14 16:30:33 - tczq_data - INFO - ✓ 记录赔率变化: tczq_total_goal_odds.goal_0 0.000 -> 0.000 (diff=0.000)
2026-04-14 16:30:33 - tczq_data - WARNING - 无法获取原始赔率值: record_id=3, field=goal_1
2026-04-14 16:30:33 - tczq_data - INFO - ✓ 记录赔率变化: tczq_total_goal_odds.goal_1 0.000 -> 0.000 (diff=0.000)
2026-04-14 16:30:33 - tczq_data - WARNING - 无法获取原始赔率值: record_id=3, field=goal_2
2026-04-14 16:30:33 - tczq_data - INFO - ✓ 记录赔率变化: tczq_total_goal_odds.goal_2 0.000 -> 0.000 (diff=0.000)
2026-04-14 16:30:33 - tczq_data - WARNING - 无法获取原始赔率值: record_id=3, field=goal_3
2026-04-14 16:30:33 - tczq_data - INFO - ✓ 记录赔率变化: tczq_total_goal_odds.goal_3 0.000 -> 0.000 (diff=0.000)
2026-04-14 16:30:33 - tczq_data - WARNING - 无法获取原始赔率值: record_id=3, field=goal_4
2026-04-14 16:30:33 - tczq_data - INFO - ✓ 记录赔率变化: tczq_total_goal_odds.goal_4 0.000 -> 0.000 (diff=0.000)
2026-04-14 16:30:33 - tczq_data - WARNING - 无法获取原始赔率值: record_id=3, field=goal_5
2026-04-14 16:30:33 - tczq_data - INFO - ✓ 记录赔率变化: tczq_total_goal_odds.goal_5 0.000 -> 0.000 (diff=0.000)
2026-04-14 16:30:33 - tczq_data - WARNING - 无法获取原始赔率值: record_id=3, field=goal_6
2026-04-14 16:30:34 - tczq_data - INFO - ✓ 记录赔率变化: tczq_total_goal_odds.goal_6 0.000 -> 0.000 (diff=0.000)
2026-04-14 16:30:34 - tczq_data - WARNING - 无法获取原始赔率值: record_id=3, field=goal_about
2026-04-14 16:30:34 - tczq_data - INFO - ✓ 记录赔率变化: tczq_total_goal_odds.goal_about 0.000 -> 0.000 (diff=0.000)
2026-04-14 16:30:34 - tczq_data - WARNING - 无法获取原始赔率值: record_id=3, field=half_win_full_win
2026-04-14 16:30:34 - tczq_data - INFO - ✓ 记录赔率变化: tczq_ht_ft_odds.half_win_full_win 0.000 -> 0.000 (diff=0.000)
2026-04-14 16:30:34 - tczq_data - WARNING - 无法获取原始赔率值: record_id=3, field=half_win_full_draw
2026-04-14 16:30:34 - tczq_data - INFO - ✓ 记录赔率变化: tczq_ht_ft_odds.half_win_full_draw 0.000 -> 0.000 (diff=0.000)
2026-04-14 16:30:34 - tczq_data - WARNING - 无法获取原始赔率值: record_id=3, field=half_win_full_lose
2026-04-14 16:30:34 - tczq_data - INFO - ✓ 记录赔率变化: tczq_ht_ft_odds.half_win_full_lose 0.000 -> 0.000 (diff=0.000)
2026-04-14 16:30:34 - tczq_data - WARNING - 无法获取原始赔率值: record_id=3, field=half_draw_full_win
2026-04-14 16:30:34 - tczq_data - INFO - ✓ 记录赔率变化: tczq_ht_ft_odds.half_draw_full_win 0.000 -> 0.000 (diff=0.000)
2026-04-14 16:30:34 - tczq_data - WARNING - 无法获取原始赔率值: record_id=3, field=half_draw_full_lose
2026-04-14 16:30:34 - tczq_data - INFO - ✓ 记录赔率变化: tczq_ht_ft_odds.half_draw_full_lose 0.000 -> 0.000 (diff=0.000)
2026-04-14 16:30:34 - tczq_data - WARNING - 无法获取原始赔率值: record_id=3, field=half_lose_full_win
2026-04-14 16:30:34 - tczq_data - INFO - ✓ 记录赔率变化: tczq_ht_ft_odds.half_lose_full_win 0.000 -> 0.000 (diff=0.000)
2026-04-14 16:30:34 - tczq_data - WARNING - 无法获取原始赔率值: record_id=3, field=half_lose_full_draw
2026-04-14 16:30:34 - tczq_data - INFO - ✓ 记录赔率变化: tczq_ht_ft_odds.half_lose_full_draw 0.000 -> 0.000 (diff=0.000)
2026-04-14 16:30:34 - tczq_data - WARNING - 无法获取原始赔率值: record_id=3, field=half_lose_full_lose
2026-04-14 16:30:34 - tczq_data - INFO - ✓ 记录赔率变化: tczq_ht_ft_odds.half_lose_full_lose 0.000 -> 0.000 (diff=0.000)
2026-04-14 16:30:34 - tczq_data - WARNING - 无法获取原始赔率值: record_id=4, field=goal_0
2026-04-14 16:30:34 - tczq_data - INFO - ✓ 记录赔率变化: tczq_total_goal_odds.goal_0 0.000 -> 0.000 (diff=0.000)
2026-04-14 16:30:34 - tczq_data - WARNING - 无法获取原始赔率值: record_id=4, field=goal_1
2026-04-14 16:30:34 - tczq_data - INFO - ✓ 记录赔率变化: tczq_total_goal_odds.goal_1 0.000 -> 0.000 (diff=0.000)
2026-04-14 16:30:34 - tczq_data - WARNING - 无法获取原始赔率值: record_id=4, field=goal_2
2026-04-14 16:30:34 - tczq_data - INFO - ✓ 记录赔率变化: tczq_total_goal_odds.goal_2 0.000 -> 0.000 (diff=0.000)
2026-04-14 16:30:34 - tczq_data - WARNING - 无法获取原始赔率值: record_id=4, field=goal_3
2026-04-14 16:30:34 - tczq_data - INFO - ✓ 记录赔率变化: tczq_total_goal_odds.goal_3 0.000 -> 0.000 (diff=0.000)
2026-04-14 16:30:34 - tczq_data - WARNING - 无法获取原始赔率值: record_id=4, field=goal_4
2026-04-14 16:30:34 - tczq_data - INFO - ✓ 记录赔率变化: tczq_total_goal_odds.goal_4 0.000 -> 0.000 (diff=0.000)
2026-04-14 16:30:34 - tczq_data - WARNING - 无法获取原始赔率值: record_id=4, field=goal_5
2026-04-14 16:30:34 - tczq_data - INFO - ✓ 记录赔率变化: tczq_total_goal_odds.goal_5 0.000 -> 0.000 (diff=0.000)
2026-04-14 16:30:34 - tczq_data - WARNING - 无法获取原始赔率值: record_id=4, field=goal_6
2026-04-14 16:30:34 - tczq_data - INFO - ✓ 记录赔率变化: tczq_total_goal_odds.goal_6 0.000 -> 0.000 (diff=0.000)
2026-04-14 16:30:34 - tczq_data - WARNING - 无法获取原始赔率值: record_id=4, field=goal_about
2026-04-14 16:30:34 - tczq_data - INFO - ✓ 记录赔率变化: tczq_total_goal_odds.goal_about 0.000 -> 0.000 (diff=0.000)
2026-04-14 16:30:34 - tczq_data - WARNING - 无法获取原始赔率值: record_id=4, field=half_win_full_win
2026-04-14 16:30:34 - tczq_data - INFO - ✓ 记录赔率变化: tczq_ht_ft_odds.half_win_full_win 0.000 -> 0.000 (diff=0.000)
2026-04-14 16:30:34 - tczq_data - WARNING - 无法获取原始赔率值: record_id=4, field=half_win_full_draw
2026-04-14 16:30:34 - tczq_data - INFO - ✓ 记录赔率变化: tczq_ht_ft_odds.half_win_full_draw 0.000 -> 0.000 (diff=0.000)
2026-04-14 16:30:34 - tczq_data - WARNING - 无法获取原始赔率值: record_id=4, field=half_win_full_lose
2026-04-14 16:30:34 - tczq_data - INFO - ✓ 记录赔率变化: tczq_ht_ft_odds.half_win_full_lose 0.000 -> 0.000 (diff=0.000)
2026-04-14 16:30:34 - tczq_data - WARNING - 无法获取原始赔率值: record_id=4, field=half_draw_full_win
2026-04-14 16:30:34 - tczq_data - INFO - ✓ 记录赔率变化: tczq_ht_ft_odds.half_draw_full_win 0.000 -> 0.000 (diff=0.000)
2026-04-14 16:30:34 - tczq_data - WARNING - 无法获取原始赔率值: record_id=4, field=half_draw_full_lose
2026-04-14 16:30:34 - tczq_data - INFO - ✓ 记录赔率变化: tczq_ht_ft_odds.half_draw_full_lose 0.000 -> 0.000 (diff=0.000)
2026-04-14 16:30:34 - tczq_data - WARNING - 无法获取原始赔率值: record_id=4, field=half_lose_full_win
2026-04-14 16:30:34 - tczq_data - INFO - ✓ 记录赔率变化: tczq_ht_ft_odds.half_lose_full_win 0.000 -> 0.000 (diff=0.000)
2026-04-14 16:30:34 - tczq_data - WARNING - 无法获取原始赔率值: record_id=4, field=half_lose_full_draw
2026-04-14 16:30:34 - tczq_data - INFO - ✓ 记录赔率变化: tczq_ht_ft_odds.half_lose_full_draw 0.000 -> 0.000 (diff=0.000)
2026-04-14 16:30:34 - tczq_data - WARNING - 无法获取原始赔率值: record_id=4, field=half_lose_full_lose
2026-04-14 16:30:34 - tczq_data - INFO - ✓ 记录赔率变化: tczq_ht_ft_odds.half_lose_full_lose 0.000 -> 0.000 (diff=0.000)
2026-04-14 16:30:34 - tczq_data - WARNING - 无法获取原始赔率值: record_id=5, field=goal_0
2026-04-14 16:30:34 - tczq_data - INFO - ✓ 记录赔率变化: tczq_total_goal_odds.goal_0 0.000 -> 0.000 (diff=0.000)
2026-04-14 16:30:34 - tczq_data - WARNING - 无法获取原始赔率值: record_id=5, field=goal_1
2026-04-14 16:30:34 - tczq_data - INFO - ✓ 记录赔率变化: tczq_total_goal_odds.goal_1 0.000 -> 0.000 (diff=0.000)
2026-04-14 16:30:34 - tczq_data - WARNING - 无法获取原始赔率值: record_id=5, field=goal_2
2026-04-14 16:30:34 - tczq_data - INFO - ✓ 记录赔率变化: tczq_total_goal_odds.goal_2 0.000 -> 0.000 (diff=0.000)
2026-04-14 16:30:34 - tczq_data - WARNING - 无法获取原始赔率值: record_id=5, field=goal_3
2026-04-14 16:30:34 - tczq_data - INFO - ✓ 记录赔率变化: tczq_total_goal_odds.goal_3 0.000 -> 0.000 (diff=0.000)
2026-04-14 16:30:34 - tczq_data - WARNING - 无法获取原始赔率值: record_id=5, field=goal_4
2026-04-14 16:30:34 - tczq_data - INFO - ✓ 记录赔率变化: tczq_total_goal_odds.goal_4 0.000 -> 0.000 (diff=0.000)
2026-04-14 16:30:34 - tczq_data - WARNING - 无法获取原始赔率值: record_id=5, field=goal_5
2026-04-14 16:30:34 - tczq_data - INFO - ✓ 记录赔率变化: tczq_total_goal_odds.goal_5 0.000 -> 0.000 (diff=0.000)
2026-04-14 16:30:34 - tczq_data - WARNING - 无法获取原始赔率值: record_id=5, field=goal_6
2026-04-14 16:30:34 - tczq_data - INFO - ✓ 记录赔率变化: tczq_total_goal_odds.goal_6 0.000 -> 0.000 (diff=0.000)
2026-04-14 16:30:34 - tczq_data - WARNING - 无法获取原始赔率值: record_id=5, field=goal_about
2026-04-14 16:30:34 - tczq_data - INFO - ✓ 记录赔率变化: tczq_total_goal_odds.goal_about 0.000 -> 0.000 (diff=0.000)
2026-04-14 16:30:34 - tczq_data - WARNING - 无法获取原始赔率值: record_id=5, field=half_win_full_win
2026-04-14 16:30:34 - tczq_data - INFO - ✓ 记录赔率变化: tczq_ht_ft_odds.half_win_full_win 0.000 -> 0.000 (diff=0.000)
2026-04-14 16:30:34 - tczq_data - WARNING - 无法获取原始赔率值: record_id=5, field=half_win_full_draw
2026-04-14 16:30:34 - tczq_data - INFO - ✓ 记录赔率变化: tczq_ht_ft_odds.half_win_full_draw 0.000 -> 0.000 (diff=0.000)
2026-04-14 16:30:34 - tczq_data - WARNING - 无法获取原始赔率值: record_id=5, field=half_win_full_lose
2026-04-14 16:30:34 - tczq_data - INFO - ✓ 记录赔率变化: tczq_ht_ft_odds.half_win_full_lose 0.000 -> 0.000 (diff=0.000)
2026-04-14 16:30:34 - tczq_data - WARNING - 无法获取原始赔率值: record_id=5, field=half_draw_full_win
2026-04-14 16:30:34 - tczq_data - INFO - ✓ 记录赔率变化: tczq_ht_ft_odds.half_draw_full_win 0.000 -> 0.000 (diff=0.000)
2026-04-14 16:30:34 - tczq_data - WARNING - 无法获取原始赔率值: record_id=5, field=half_draw_full_lose
2026-04-14 16:30:34 - tczq_data - INFO - ✓ 记录赔率变化: tczq_ht_ft_odds.half_draw_full_lose 0.000 -> 0.000 (diff=0.000)
2026-04-14 16:30:34 - tczq_data - WARNING - 无法获取原始赔率值: record_id=5, field=half_lose_full_win
2026-04-14 16:30:34 - tczq_data - INFO - ✓ 记录赔率变化: tczq_ht_ft_odds.half_lose_full_win 0.000 -> 0.000 (diff=0.000)
2026-04-14 16:30:34 - tczq_data - WARNING - 无法获取原始赔率值: record_id=5, field=half_lose_full_draw
2026-04-14 16:30:34 - tczq_data - INFO - ✓ 记录赔率变化: tczq_ht_ft_odds.half_lose_full_draw 0.000 -> 0.000 (diff=0.000)
2026-04-14 16:30:34 - tczq_data - WARNING - 无法获取原始赔率值: record_id=5, field=half_lose_full_lose
2026-04-14 16:30:34 - tczq_data - INFO - ✓ 记录赔率变化: tczq_ht_ft_odds.half_lose_full_lose 0.000 -> 0.000 (diff=0.000)
2026-04-14 16:30:34 - tczq_data - WARNING - 无法获取原始赔率值: record_id=6, field=goal_0
2026-04-14 16:30:34 - tczq_data - INFO - ✓ 记录赔率变化: tczq_total_goal_odds.goal_0 0.000 -> 0.000 (diff=0.000)
2026-04-14 16:30:34 - tczq_data - WARNING - 无法获取原始赔率值: record_id=6, field=goal_1
2026-04-14 16:30:34 - tczq_data - INFO - ✓ 记录赔率变化: tczq_total_goal_odds.goal_1 0.000 -> 0.000 (diff=0.000)
2026-04-14 16:30:34 - tczq_data - WARNING - 无法获取原始赔率值: record_id=6, field=goal_2
2026-04-14 16:30:34 - tczq_data - INFO - ✓ 记录赔率变化: tczq_total_goal_odds.goal_2 0.000 -> 0.000 (diff=0.000)
2026-04-14 16:30:34 - tczq_data - WARNING - 无法获取原始赔率值: record_id=6, field=goal_3
2026-04-14 16:30:35 - tczq_data - INFO - ✓ 记录赔率变化: tczq_total_goal_odds.goal_3 0.000 -> 0.000 (diff=0.000)
2026-04-14 16:30:35 - tczq_data - WARNING - 无法获取原始赔率值: record_id=6, field=goal_4
2026-04-14 16:30:35 - tczq_data - INFO - ✓ 记录赔率变化: tczq_total_goal_odds.goal_4 0.000 -> 0.000 (diff=0.000)
2026-04-14 16:30:35 - tczq_data - WARNING - 无法获取原始赔率值: record_id=6, field=goal_5
2026-04-14 16:30:35 - tczq_data - INFO - ✓ 记录赔率变化: tczq_total_goal_odds.goal_5 0.000 -> 0.000 (diff=0.000)
2026-04-14 16:30:35 - tczq_data - WARNING - 无法获取原始赔率值: record_id=6, field=goal_6
2026-04-14 16:30:35 - tczq_data - INFO - ✓ 记录赔率变化: tczq_total_goal_odds.goal_6 0.000 -> 0.000 (diff=0.000)
2026-04-14 16:30:35 - tczq_data - WARNING - 无法获取原始赔率值: record_id=6, field=goal_about
2026-04-14 16:30:35 - tczq_data - INFO - ✓ 记录赔率变化: tczq_total_goal_odds.goal_about 0.000 -> 0.000 (diff=0.000)
2026-04-14 16:30:35 - tczq_data - WARNING - 无法获取原始赔率值: record_id=6, field=half_win_full_win
2026-04-14 16:30:35 - tczq_data - INFO - ✓ 记录赔率变化: tczq_ht_ft_odds.half_win_full_win 0.000 -> 0.000 (diff=0.000)
2026-04-14 16:30:35 - tczq_data - WARNING - 无法获取原始赔率值: record_id=6, field=half_win_full_draw
2026-04-14 16:30:35 - tczq_data - INFO - ✓ 记录赔率变化: tczq_ht_ft_odds.half_win_full_draw 0.000 -> 0.000 (diff=0.000)
2026-04-14 16:30:35 - tczq_data - WARNING - 无法获取原始赔率值: record_id=6, field=half_win_full_lose
2026-04-14 16:30:35 - tczq_data - INFO - ✓ 记录赔率变化: tczq_ht_ft_odds.half_win_full_lose 0.000 -> 0.000 (diff=0.000)
2026-04-14 16:30:35 - tczq_data - WARNING - 无法获取原始赔率值: record_id=6, field=half_draw_full_win
2026-04-14 16:30:35 - tczq_data - INFO - ✓ 记录赔率变化: tczq_ht_ft_odds.half_draw_full_win 0.000 -> 0.000 (diff=0.000)
2026-04-14 16:30:35 - tczq_data - WARNING - 无法获取原始赔率值: record_id=6, field=half_draw_full_lose
2026-04-14 16:30:35 - tczq_data - INFO - ✓ 记录赔率变化: tczq_ht_ft_odds.half_draw_full_lose 0.000 -> 0.000 (diff=0.000)
2026-04-14 16:30:35 - tczq_data - WARNING - 无法获取原始赔率值: record_id=6, field=half_lose_full_win
2026-04-14 16:30:35 - tczq_data - INFO - ✓ 记录赔率变化: tczq_ht_ft_odds.half_lose_full_win 0.000 -> 0.000 (diff=0.000)
2026-04-14 16:30:35 - tczq_data - WARNING - 无法获取原始赔率值: record_id=6, field=half_lose_full_draw
2026-04-14 16:30:35 - tczq_data - INFO - ✓ 记录赔率变化: tczq_ht_ft_odds.half_lose_full_draw 0.000 -> 0.000 (diff=0.000)
2026-04-14 16:30:35 - tczq_data - WARNING - 无法获取原始赔率值: record_id=6, field=half_lose_full_lose
2026-04-14 16:30:35 - tczq_data - INFO - ✓ 记录赔率变化: tczq_ht_ft_odds.half_lose_full_lose 0.000 -> 0.000 (diff=0.000)
2026-04-14 16:30:35 - tczq_data - WARNING - 无法获取原始赔率值: record_id=7, field=goal_0
2026-04-14 16:30:35 - tczq_data - INFO - ✓ 记录赔率变化: tczq_total_goal_odds.goal_0 0.000 -> 0.000 (diff=0.000)
2026-04-14 16:30:35 - tczq_data - WARNING - 无法获取原始赔率值: record_id=7, field=goal_1
2026-04-14 16:30:35 - tczq_data - INFO - ✓ 记录赔率变化: tczq_total_goal_odds.goal_1 0.000 -> 0.000 (diff=0.000)
2026-04-14 16:30:35 - tczq_data - WARNING - 无法获取原始赔率值: record_id=7, field=goal_2
2026-04-14 16:30:35 - tczq_data - INFO - ✓ 记录赔率变化: tczq_total_goal_odds.goal_2 0.000 -> 0.000 (diff=0.000)
2026-04-14 16:30:35 - tczq_data - WARNING - 无法获取原始赔率值: record_id=7, field=goal_3
2026-04-14 16:30:35 - tczq_data - INFO - ✓ 记录赔率变化: tczq_total_goal_odds.goal_3 0.000 -> 0.000 (diff=0.000)
2026-04-14 16:30:35 - tczq_data - WARNING - 无法获取原始赔率值: record_id=7, field=goal_4
2026-04-14 16:30:35 - tczq_data - INFO - ✓ 记录赔率变化: tczq_total_goal_odds.goal_4 0.000 -> 0.000 (diff=0.000)
2026-04-14 16:30:35 - tczq_data - WARNING - 无法获取原始赔率值: record_id=7, field=goal_5
2026-04-14 16:30:35 - tczq_data - INFO - ✓ 记录赔率变化: tczq_total_goal_odds.goal_5 0.000 -> 0.000 (diff=0.000)
2026-04-14 16:30:35 - tczq_data - WARNING - 无法获取原始赔率值: record_id=7, field=goal_6
2026-04-14 16:30:35 - tczq_data - INFO - ✓ 记录赔率变化: tczq_total_goal_odds.goal_6 0.000 -> 0.000 (diff=0.000)
2026-04-14 16:30:35 - tczq_data - WARNING - 无法获取原始赔率值: record_id=7, field=goal_about
2026-04-14 16:30:35 - tczq_data - INFO - ✓ 记录赔率变化: tczq_total_goal_odds.goal_about 0.000 -> 0.000 (diff=0.000)
2026-04-14 16:30:35 - tczq_data - WARNING - 无法获取原始赔率值: record_id=7, field=half_win_full_win
2026-04-14 16:30:35 - tczq_data - INFO - ✓ 记录赔率变化: tczq_ht_ft_odds.half_win_full_win 0.000 -> 0.000 (diff=0.000)
2026-04-14 16:30:35 - tczq_data - WARNING - 无法获取原始赔率值: record_id=7, field=half_win_full_draw
2026-04-14 16:30:35 - tczq_data - INFO - ✓ 记录赔率变化: tczq_ht_ft_odds.half_win_full_draw 0.000 -> 0.000 (diff=0.000)
2026-04-14 16:30:35 - tczq_data - WARNING - 无法获取原始赔率值: record_id=7, field=half_win_full_lose
2026-04-14 16:30:35 - tczq_data - INFO - ✓ 记录赔率变化: tczq_ht_ft_odds.half_win_full_lose 0.000 -> 0.000 (diff=0.000)
2026-04-14 16:30:35 - tczq_data - WARNING - 无法获取原始赔率值: record_id=7, field=half_draw_full_win
2026-04-14 16:30:35 - tczq_data - INFO - ✓ 记录赔率变化: tczq_ht_ft_odds.half_draw_full_win 0.000 -> 0.000 (diff=0.000)
2026-04-14 16:30:35 - tczq_data - WARNING - 无法获取原始赔率值: record_id=7, field=half_draw_full_lose
2026-04-14 16:30:35 - tczq_data - INFO - ✓ 记录赔率变化: tczq_ht_ft_odds.half_draw_full_lose 0.000 -> 0.000 (diff=0.000)
2026-04-14 16:30:35 - tczq_data - WARNING - 无法获取原始赔率值: record_id=7, field=half_lose_full_win
2026-04-14 16:30:35 - tczq_data - INFO - ✓ 记录赔率变化: tczq_ht_ft_odds.half_lose_full_win 0.000 -> 0.000 (diff=0.000)
2026-04-14 16:30:35 - tczq_data - WARNING - 无法获取原始赔率值: record_id=7, field=half_lose_full_draw
2026-04-14 16:30:35 - tczq_data - INFO - ✓ 记录赔率变化: tczq_ht_ft_odds.half_lose_full_draw 0.000 -> 0.000 (diff=0.000)
2026-04-14 16:30:35 - tczq_data - WARNING - 无法获取原始赔率值: record_id=7, field=half_lose_full_lose
2026-04-14 16:30:35 - tczq_data - INFO - ✓ 记录赔率变化: tczq_ht_ft_odds.half_lose_full_lose 0.000 -> 0.000 (diff=0.000)
2026-04-14 16:30:35 - tczq_data - WARNING - 无法获取原始赔率值: record_id=8, field=goal_0
2026-04-14 16:30:35 - tczq_data - INFO - ✓ 记录赔率变化: tczq_total_goal_odds.goal_0 0.000 -> 0.000 (diff=0.000)
2026-04-14 16:30:35 - tczq_data - WARNING - 无法获取原始赔率值: record_id=8, field=goal_1
2026-04-14 16:30:35 - tczq_data - INFO - ✓ 记录赔率变化: tczq_total_goal_odds.goal_1 0.000 -> 0.000 (diff=0.000)
2026-04-14 16:30:35 - tczq_data - WARNING - 无法获取原始赔率值: record_id=8, field=goal_2
2026-04-14 16:30:35 - tczq_data - INFO - ✓ 记录赔率变化: tczq_total_goal_odds.goal_2 0.000 -> 0.000 (diff=0.000)
2026-04-14 16:30:35 - tczq_data - WARNING - 无法获取原始赔率值: record_id=8, field=goal_3
2026-04-14 16:30:35 - tczq_data - INFO - ✓ 记录赔率变化: tczq_total_goal_odds.goal_3 0.000 -> 0.000 (diff=0.000)
2026-04-14 16:30:35 - tczq_data - WARNING - 无法获取原始赔率值: record_id=8, field=goal_4
2026-04-14 16:30:35 - tczq_data - INFO - ✓ 记录赔率变化: tczq_total_goal_odds.goal_4 0.000 -> 0.000 (diff=0.000)
2026-04-14 16:30:35 - tczq_data - WARNING - 无法获取原始赔率值: record_id=8, field=goal_5
2026-04-14 16:30:35 - tczq_data - INFO - ✓ 记录赔率变化: tczq_total_goal_odds.goal_5 0.000 -> 0.000 (diff=0.000)
2026-04-14 16:30:35 - tczq_data - WARNING - 无法获取原始赔率值: record_id=8, field=goal_6
2026-04-14 16:30:35 - tczq_data - INFO - ✓ 记录赔率变化: tczq_total_goal_odds.goal_6 0.000 -> 0.000 (diff=0.000)
2026-04-14 16:30:35 - tczq_data - WARNING - 无法获取原始赔率值: record_id=8, field=goal_about
2026-04-14 16:30:35 - tczq_data - INFO - ✓ 记录赔率变化: tczq_total_goal_odds.goal_about 0.000 -> 0.000 (diff=0.000)
2026-04-14 16:30:35 - tczq_data - WARNING - 无法获取原始赔率值: record_id=8, field=half_win_full_win
2026-04-14 16:30:35 - tczq_data - INFO - ✓ 记录赔率变化: tczq_ht_ft_odds.half_win_full_win 0.000 -> 0.000 (diff=0.000)
2026-04-14 16:30:35 - tczq_data - WARNING - 无法获取原始赔率值: record_id=8, field=half_win_full_draw
2026-04-14 16:30:35 - tczq_data - INFO - ✓ 记录赔率变化: tczq_ht_ft_odds.half_win_full_draw 0.000 -> 0.000 (diff=0.000)
2026-04-14 16:30:35 - tczq_data - WARNING - 无法获取原始赔率值: record_id=8, field=half_win_full_lose
2026-04-14 16:30:35 - tczq_data - INFO - ✓ 记录赔率变化: tczq_ht_ft_odds.half_win_full_lose 0.000 -> 0.000 (diff=0.000)
2026-04-14 16:30:35 - tczq_data - WARNING - 无法获取原始赔率值: record_id=8, field=half_draw_full_win
2026-04-14 16:30:35 - tczq_data - INFO - ✓ 记录赔率变化: tczq_ht_ft_odds.half_draw_full_win 0.000 -> 0.000 (diff=0.000)
2026-04-14 16:30:35 - tczq_data - WARNING - 无法获取原始赔率值: record_id=8, field=half_draw_full_lose
2026-04-14 16:30:35 - tczq_data - INFO - ✓ 记录赔率变化: tczq_ht_ft_odds.half_draw_full_lose 0.000 -> 0.000 (diff=0.000)
2026-04-14 16:30:35 - tczq_data - WARNING - 无法获取原始赔率值: record_id=8, field=half_lose_full_win
2026-04-14 16:30:35 - tczq_data - INFO - ✓ 记录赔率变化: tczq_ht_ft_odds.half_lose_full_win 0.000 -> 0.000 (diff=0.000)
2026-04-14 16:30:35 - tczq_data - WARNING - 无法获取原始赔率值: record_id=8, field=half_lose_full_draw
2026-04-14 16:30:36 - tczq_data - INFO - ✓ 记录赔率变化: tczq_ht_ft_odds.half_lose_full_draw 0.000 -> 0.000 (diff=0.000)
2026-04-14 16:30:36 - tczq_data - WARNING - 无法获取原始赔率值: record_id=8, field=half_lose_full_lose
2026-04-14 16:30:36 - tczq_data - INFO - ✓ 记录赔率变化: tczq_ht_ft_odds.half_lose_full_lose 0.000 -> 0.000 (diff=0.000)
2026-04-14 16:30:36 - tczq_data - WARNING - 无法获取原始赔率值: record_id=9, field=goal_0
2026-04-14 16:30:36 - tczq_data - INFO - ✓ 记录赔率变化: tczq_total_goal_odds.goal_0 0.000 -> 0.000 (diff=0.000)
2026-04-14 16:30:36 - tczq_data - WARNING - 无法获取原始赔率值: record_id=9, field=goal_1
2026-04-14 16:30:36 - tczq_data - INFO - ✓ 记录赔率变化: tczq_total_goal_odds.goal_1 0.000 -> 0.000 (diff=0.000)
2026-04-14 16:30:36 - tczq_data - WARNING - 无法获取原始赔率值: record_id=9, field=goal_2
2026-04-14 16:30:36 - tczq_data - INFO - ✓ 记录赔率变化: tczq_total_goal_odds.goal_2 0.000 -> 0.000 (diff=0.000)
2026-04-14 16:30:36 - tczq_data - WARNING - 无法获取原始赔率值: record_id=9, field=goal_3
2026-04-14 16:30:36 - tczq_data - INFO - ✓ 记录赔率变化: tczq_total_goal_odds.goal_3 0.000 -> 0.000 (diff=0.000)
2026-04-14 16:30:36 - tczq_data - WARNING - 无法获取原始赔率值: record_id=9, field=goal_4
2026-04-14 16:30:36 - tczq_data - INFO - ✓ 记录赔率变化: tczq_total_goal_odds.goal_4 0.000 -> 0.000 (diff=0.000)
2026-04-14 16:30:36 - tczq_data - WARNING - 无法获取原始赔率值: record_id=9, field=goal_5
2026-04-14 16:30:36 - tczq_data - INFO - ✓ 记录赔率变化: tczq_total_goal_odds.goal_5 0.000 -> 0.000 (diff=0.000)
2026-04-14 16:30:36 - tczq_data - WARNING - 无法获取原始赔率值: record_id=9, field=goal_6
2026-04-14 16:30:36 - tczq_data - INFO - ✓ 记录赔率变化: tczq_total_goal_odds.goal_6 0.000 -> 0.000 (diff=0.000)
2026-04-14 16:30:36 - tczq_data - WARNING - 无法获取原始赔率值: record_id=9, field=goal_about
2026-04-14 16:30:36 - tczq_data - INFO - ✓ 记录赔率变化: tczq_total_goal_odds.goal_about 0.000 -> 0.000 (diff=0.000)
2026-04-14 16:30:36 - tczq_data - WARNING - 无法获取原始赔率值: record_id=9, field=half_win_full_win
2026-04-14 16:30:36 - tczq_data - INFO - ✓ 记录赔率变化: tczq_ht_ft_odds.half_win_full_win 0.000 -> 0.000 (diff=0.000)
2026-04-14 16:30:36 - tczq_data - WARNING - 无法获取原始赔率值: record_id=9, field=half_win_full_draw
2026-04-14 16:30:36 - tczq_data - INFO - ✓ 记录赔率变化: tczq_ht_ft_odds.half_win_full_draw 0.000 -> 0.000 (diff=0.000)
2026-04-14 16:30:36 - tczq_data - WARNING - 无法获取原始赔率值: record_id=9, field=half_win_full_lose
2026-04-14 16:30:36 - tczq_data - INFO - ✓ 记录赔率变化: tczq_ht_ft_odds.half_win_full_lose 0.000 -> 0.000 (diff=0.000)
2026-04-14 16:30:36 - tczq_data - WARNING - 无法获取原始赔率值: record_id=9, field=half_draw_full_win
2026-04-14 16:30:36 - tczq_data - INFO - ✓ 记录赔率变化: tczq_ht_ft_odds.half_draw_full_win 0.000 -> 0.000 (diff=0.000)
2026-04-14 16:30:36 - tczq_data - WARNING - 无法获取原始赔率值: record_id=9, field=half_draw_full_lose
2026-04-14 16:30:36 - tczq_data - INFO - ✓ 记录赔率变化: tczq_ht_ft_odds.half_draw_full_lose 0.000 -> 0.000 (diff=0.000)
2026-04-14 16:30:36 - tczq_data - WARNING - 无法获取原始赔率值: record_id=9, field=half_lose_full_win
2026-04-14 16:30:36 - tczq_data - INFO - ✓ 记录赔率变化: tczq_ht_ft_odds.half_lose_full_win 0.000 -> 0.000 (diff=0.000)
2026-04-14 16:30:36 - tczq_data - WARNING - 无法获取原始赔率值: record_id=9, field=half_lose_full_draw
2026-04-14 16:30:36 - tczq_data - INFO - ✓ 记录赔率变化: tczq_ht_ft_odds.half_lose_full_draw 0.000 -> 0.000 (diff=0.000)
2026-04-14 16:30:36 - tczq_data - WARNING - 无法获取原始赔率值: record_id=9, field=half_lose_full_lose
2026-04-14 16:30:36 - tczq_data - INFO - ✓ 记录赔率变化: tczq_ht_ft_odds.half_lose_full_lose 0.000 -> 0.000 (diff=0.000)
2026-04-14 16:30:36 - tczq_data - WARNING - 无法获取原始赔率值: record_id=10, field=goal_0
2026-04-14 16:30:36 - tczq_data - INFO - ✓ 记录赔率变化: tczq_total_goal_odds.goal_0 0.000 -> 0.000 (diff=0.000)
2026-04-14 16:30:36 - tczq_data - WARNING - 无法获取原始赔率值: record_id=10, field=goal_1
2026-04-14 16:30:36 - tczq_data - INFO - ✓ 记录赔率变化: tczq_total_goal_odds.goal_1 0.000 -> 0.000 (diff=0.000)
2026-04-14 16:30:36 - tczq_data - WARNING - 无法获取原始赔率值: record_id=10, field=goal_2
2026-04-14 16:30:36 - tczq_data - INFO - ✓ 记录赔率变化: tczq_total_goal_odds.goal_2 0.000 -> 0.000 (diff=0.000)
2026-04-14 16:30:36 - tczq_data - WARNING - 无法获取原始赔率值: record_id=10, field=goal_3
2026-04-14 16:30:36 - tczq_data - INFO - ✓ 记录赔率变化: tczq_total_goal_odds.goal_3 0.000 -> 0.000 (diff=0.000)
2026-04-14 16:30:36 - tczq_data - WARNING - 无法获取原始赔率值: record_id=10, field=goal_4
2026-04-14 16:30:36 - tczq_data - INFO - ✓ 记录赔率变化: tczq_total_goal_odds.goal_4 0.000 -> 0.000 (diff=0.000)
2026-04-14 16:30:36 - tczq_data - WARNING - 无法获取原始赔率值: record_id=10, field=goal_5
2026-04-14 16:30:36 - tczq_data - INFO - ✓ 记录赔率变化: tczq_total_goal_odds.goal_5 0.000 -> 0.000 (diff=0.000)
2026-04-14 16:30:36 - tczq_data - WARNING - 无法获取原始赔率值: record_id=10, field=goal_6
2026-04-14 16:30:36 - tczq_data - INFO - ✓ 记录赔率变化: tczq_total_goal_odds.goal_6 0.000 -> 0.000 (diff=0.000)
2026-04-14 16:30:36 - tczq_data - WARNING - 无法获取原始赔率值: record_id=10, field=goal_about
2026-04-14 16:30:36 - tczq_data - INFO - ✓ 记录赔率变化: tczq_total_goal_odds.goal_about 0.000 -> 0.000 (diff=0.000)
2026-04-14 16:30:36 - tczq_data - WARNING - 无法获取原始赔率值: record_id=10, field=half_win_full_win
2026-04-14 16:30:36 - tczq_data - INFO - ✓ 记录赔率变化: tczq_ht_ft_odds.half_win_full_win 0.000 -> 0.000 (diff=0.000)
2026-04-14 16:30:36 - tczq_data - WARNING - 无法获取原始赔率值: record_id=10, field=half_win_full_draw
2026-04-14 16:30:36 - tczq_data - INFO - ✓ 记录赔率变化: tczq_ht_ft_odds.half_win_full_draw 0.000 -> 0.000 (diff=0.000)
2026-04-14 16:30:36 - tczq_data - WARNING - 无法获取原始赔率值: record_id=10, field=half_win_full_lose
2026-04-14 16:30:36 - tczq_data - INFO - ✓ 记录赔率变化: tczq_ht_ft_odds.half_win_full_lose 0.000 -> 0.000 (diff=0.000)
2026-04-14 16:30:36 - tczq_data - WARNING - 无法获取原始赔率值: record_id=10, field=half_draw_full_win
2026-04-14 16:30:36 - tczq_data - INFO - ✓ 记录赔率变化: tczq_ht_ft_odds.half_draw_full_win 0.000 -> 0.000 (diff=0.000)
2026-04-14 16:30:36 - tczq_data - WARNING - 无法获取原始赔率值: record_id=10, field=half_draw_full_lose
2026-04-14 16:30:36 - tczq_data - INFO - ✓ 记录赔率变化: tczq_ht_ft_odds.half_draw_full_lose 0.000 -> 0.000 (diff=0.000)
2026-04-14 16:30:36 - tczq_data - WARNING - 无法获取原始赔率值: record_id=10, field=half_lose_full_win
2026-04-14 16:30:36 - tczq_data - INFO - ✓ 记录赔率变化: tczq_ht_ft_odds.half_lose_full_win 0.000 -> 0.000 (diff=0.000)
2026-04-14 16:30:36 - tczq_data - WARNING - 无法获取原始赔率值: record_id=10, field=half_lose_full_draw
2026-04-14 16:30:36 - tczq_data - INFO - ✓ 记录赔率变化: tczq_ht_ft_odds.half_lose_full_draw 0.000 -> 0.000 (diff=0.000)
2026-04-14 16:30:36 - tczq_data - WARNING - 无法获取原始赔率值: record_id=10, field=half_lose_full_lose
2026-04-14 16:30:36 - tczq_data - INFO - ✓ 记录赔率变化: tczq_ht_ft_odds.half_lose_full_lose 0.000 -> 0.000 (diff=0.000)
2026-04-14 16:30:36 - tczq_data - WARNING - 无法获取原始赔率值: record_id=11, field=goal_0
2026-04-14 16:30:36 - tczq_data - INFO - ✓ 记录赔率变化: tczq_total_goal_odds.goal_0 0.000 -> 0.000 (diff=0.000)
2026-04-14 16:30:36 - tczq_data - WARNING - 无法获取原始赔率值: record_id=11, field=goal_1
2026-04-14 16:30:36 - tczq_data - INFO - ✓ 记录赔率变化: tczq_total_goal_odds.goal_1 0.000 -> 0.000 (diff=0.000)
2026-04-14 16:30:36 - tczq_data - WARNING - 无法获取原始赔率值: record_id=11, field=goal_2
2026-04-14 16:30:36 - tczq_data - INFO - ✓ 记录赔率变化: tczq_total_goal_odds.goal_2 0.000 -> 0.000 (diff=0.000)
2026-04-14 16:30:36 - tczq_data - WARNING - 无法获取原始赔率值: record_id=11, field=goal_3
2026-04-14 16:30:36 - tczq_data - INFO - ✓ 记录赔率变化: tczq_total_goal_odds.goal_3 0.000 -> 0.000 (diff=0.000)
2026-04-14 16:30:36 - tczq_data - WARNING - 无法获取原始赔率值: record_id=11, field=goal_4
2026-04-14 16:30:36 - tczq_data - INFO - ✓ 记录赔率变化: tczq_total_goal_odds.goal_4 0.000 -> 0.000 (diff=0.000)
2026-04-14 16:30:36 - tczq_data - WARNING - 无法获取原始赔率值: record_id=11, field=goal_5
2026-04-14 16:30:36 - tczq_data - INFO - ✓ 记录赔率变化: tczq_total_goal_odds.goal_5 0.000 -> 0.000 (diff=0.000)
2026-04-14 16:30:36 - tczq_data - WARNING - 无法获取原始赔率值: record_id=11, field=goal_6
2026-04-14 16:30:36 - tczq_data - INFO - ✓ 记录赔率变化: tczq_total_goal_odds.goal_6 0.000 -> 0.000 (diff=0.000)
2026-04-14 16:30:36 - tczq_data - WARNING - 无法获取原始赔率值: record_id=11, field=goal_about
2026-04-14 16:30:36 - tczq_data - INFO - ✓ 记录赔率变化: tczq_total_goal_odds.goal_about 0.000 -> 0.000 (diff=0.000)
2026-04-14 16:30:36 - tczq_data - WARNING - 无法获取原始赔率值: record_id=11, field=half_win_full_win
2026-04-14 16:30:36 - tczq_data - INFO - ✓ 记录赔率变化: tczq_ht_ft_odds.half_win_full_win 0.000 -> 0.000 (diff=0.000)
2026-04-14 16:30:36 - tczq_data - WARNING - 无法获取原始赔率值: record_id=11, field=half_win_full_draw
2026-04-14 16:30:36 - tczq_data - INFO - ✓ 记录赔率变化: tczq_ht_ft_odds.half_win_full_draw 0.000 -> 0.000 (diff=0.000)
2026-04-14 16:30:36 - tczq_data - WARNING - 无法获取原始赔率值: record_id=11, field=half_win_full_lose
2026-04-14 16:30:36 - tczq_data - INFO - ✓ 记录赔率变化: tczq_ht_ft_odds.half_win_full_lose 0.000 -> 0.000 (diff=0.000)
2026-04-14 16:30:36 - tczq_data - WARNING - 无法获取原始赔率值: record_id=11, field=half_draw_full_win
2026-04-14 16:30:36 - tczq_data - INFO - ✓ 记录赔率变化: tczq_ht_ft_odds.half_draw_full_win 0.000 -> 0.000 (diff=0.000)
2026-04-14 16:30:36 - tczq_data - WARNING - 无法获取原始赔率值: record_id=11, field=half_draw_full_lose
2026-04-14 16:30:37 - tczq_data - INFO - ✓ 记录赔率变化: tczq_ht_ft_odds.half_draw_full_lose 0.000 -> 0.000 (diff=0.000)
2026-04-14 16:30:37 - tczq_data - WARNING - 无法获取原始赔率值: record_id=11, field=half_lose_full_win
2026-04-14 16:30:37 - tczq_data - INFO - ✓ 记录赔率变化: tczq_ht_ft_odds.half_lose_full_win 0.000 -> 0.000 (diff=0.000)
2026-04-14 16:30:37 - tczq_data - WARNING - 无法获取原始赔率值: record_id=11, field=half_lose_full_draw
2026-04-14 16:30:37 - tczq_data - INFO - ✓ 记录赔率变化: tczq_ht_ft_odds.half_lose_full_draw 0.000 -> 0.000 (diff=0.000)
2026-04-14 16:30:37 - tczq_data - WARNING - 无法获取原始赔率值: record_id=11, field=half_lose_full_lose
2026-04-14 16:30:37 - tczq_data - INFO - ✓ 记录赔率变化: tczq_ht_ft_odds.half_lose_full_lose 0.000 -> 0.000 (diff=0.000)
2026-04-14 16:30:37 - tczq_data - WARNING - 无法获取原始赔率值: record_id=12, field=goal_0
2026-04-14 16:30:37 - tczq_data - INFO - ✓ 记录赔率变化: tczq_total_goal_odds.goal_0 0.000 -> 0.000 (diff=0.000)
2026-04-14 16:30:37 - tczq_data - WARNING - 无法获取原始赔率值: record_id=12, field=goal_1
2026-04-14 16:30:37 - tczq_data - INFO - ✓ 记录赔率变化: tczq_total_goal_odds.goal_1 0.000 -> 0.000 (diff=0.000)
2026-04-14 16:30:37 - tczq_data - WARNING - 无法获取原始赔率值: record_id=12, field=goal_2
2026-04-14 16:30:37 - tczq_data - INFO - ✓ 记录赔率变化: tczq_total_goal_odds.goal_2 0.000 -> 0.000 (diff=0.000)
2026-04-14 16:30:37 - tczq_data - WARNING - 无法获取原始赔率值: record_id=12, field=goal_3
2026-04-14 16:30:37 - tczq_data - INFO - ✓ 记录赔率变化: tczq_total_goal_odds.goal_3 0.000 -> 0.000 (diff=0.000)
2026-04-14 16:30:37 - tczq_data - WARNING - 无法获取原始赔率值: record_id=12, field=goal_4
2026-04-14 16:30:37 - tczq_data - INFO - ✓ 记录赔率变化: tczq_total_goal_odds.goal_4 0.000 -> 0.000 (diff=0.000)
2026-04-14 16:30:37 - tczq_data - WARNING - 无法获取原始赔率值: record_id=12, field=goal_5
2026-04-14 16:30:37 - tczq_data - INFO - ✓ 记录赔率变化: tczq_total_goal_odds.goal_5 0.000 -> 0.000 (diff=0.000)
2026-04-14 16:30:37 - tczq_data - WARNING - 无法获取原始赔率值: record_id=12, field=goal_6
2026-04-14 16:30:37 - tczq_data - INFO - ✓ 记录赔率变化: tczq_total_goal_odds.goal_6 0.000 -> 0.000 (diff=0.000)
2026-04-14 16:30:37 - tczq_data - WARNING - 无法获取原始赔率值: record_id=12, field=goal_about
2026-04-14 16:30:37 - tczq_data - INFO - ✓ 记录赔率变化: tczq_total_goal_odds.goal_about 0.000 -> 0.000 (diff=0.000)
2026-04-14 16:30:37 - tczq_data - WARNING - 无法获取原始赔率值: record_id=12, field=half_win_full_win
2026-04-14 16:30:37 - tczq_data - INFO - ✓ 记录赔率变化: tczq_ht_ft_odds.half_win_full_win 0.000 -> 0.000 (diff=0.000)
2026-04-14 16:30:37 - tczq_data - WARNING - 无法获取原始赔率值: record_id=12, field=half_win_full_draw
2026-04-14 16:30:37 - tczq_data - INFO - ✓ 记录赔率变化: tczq_ht_ft_odds.half_win_full_draw 0.000 -> 0.000 (diff=0.000)
2026-04-14 16:30:37 - tczq_data - WARNING - 无法获取原始赔率值: record_id=12, field=half_win_full_lose
2026-04-14 16:30:37 - tczq_data - INFO - ✓ 记录赔率变化: tczq_ht_ft_odds.half_win_full_lose 0.000 -> 0.000 (diff=0.000)
2026-04-14 16:30:37 - tczq_data - WARNING - 无法获取原始赔率值: record_id=12, field=half_draw_full_win
2026-04-14 16:30:37 - tczq_data - INFO - ✓ 记录赔率变化: tczq_ht_ft_odds.half_draw_full_win 0.000 -> 0.000 (diff=0.000)
2026-04-14 16:30:37 - tczq_data - WARNING - 无法获取原始赔率值: record_id=12, field=half_draw_full_lose
2026-04-14 16:30:37 - tczq_data - INFO - ✓ 记录赔率变化: tczq_ht_ft_odds.half_draw_full_lose 0.000 -> 0.000 (diff=0.000)
2026-04-14 16:30:37 - tczq_data - WARNING - 无法获取原始赔率值: record_id=12, field=half_lose_full_win
2026-04-14 16:30:37 - tczq_data - INFO - ✓ 记录赔率变化: tczq_ht_ft_odds.half_lose_full_win 0.000 -> 0.000 (diff=0.000)
2026-04-14 16:30:37 - tczq_data - WARNING - 无法获取原始赔率值: record_id=12, field=half_lose_full_draw
2026-04-14 16:30:37 - tczq_data - INFO - ✓ 记录赔率变化: tczq_ht_ft_odds.half_lose_full_draw 0.000 -> 0.000 (diff=0.000)
2026-04-14 16:30:37 - tczq_data - WARNING - 无法获取原始赔率值: record_id=12, field=half_lose_full_lose
2026-04-14 16:30:37 - tczq_data - INFO - ✓ 记录赔率变化: tczq_ht_ft_odds.half_lose_full_lose 0.000 -> 0.000 (diff=0.000)
2026-04-14 16:30:37 - tczq_data - INFO - 赔率数据处理完成
2026-04-14 16:31:14 - tczq_data - INFO - 开始获取当前比赛数据（带赔率）...
2026-04-14 16:31:15 - tczq_data - INFO - 共获取 12 场比赛
2026-04-14 16:31:15 - tczq_data - INFO - 开始处理 5 个联赛信息
2026-04-14 16:31:15 - tczq_data - INFO - 联赛数据处理完成，共 5 个联赛
2026-04-14 16:31:15 - tczq_data - INFO - 成功保存 12 条比赛记录
2026-04-14 16:31:15 - tczq_data - INFO - 开始处理 12 条赔率数据
2026-04-14 16:31:15 - tczq_data - WARNING - 无法获取原始赔率值: record_id=1, field=goal_0
2026-04-14 16:31:15 - tczq_data - INFO - ✓ 记录赔率变化: tczq_total_goal_odds.goal_0 0.000 -> 0.000 (diff=0.000)
2026-04-14 16:31:15 - tczq_data - WARNING - 无法获取原始赔率值: record_id=1, field=goal_1
2026-04-14 16:31:15 - tczq_data - INFO - ✓ 记录赔率变化: tczq_total_goal_odds.goal_1 0.000 -> 0.000 (diff=0.000)
2026-04-14 16:31:15 - tczq_data - WARNING - 无法获取原始赔率值: record_id=1, field=goal_2
2026-04-14 16:31:15 - tczq_data - INFO - ✓ 记录赔率变化: tczq_total_goal_odds.goal_2 0.000 -> 0.000 (diff=0.000)
2026-04-14 16:31:15 - tczq_data - WARNING - 无法获取原始赔率值: record_id=1, field=goal_3
2026-04-14 16:31:15 - tczq_data - INFO - ✓ 记录赔率变化: tczq_total_goal_odds.goal_3 0.000 -> 0.000 (diff=0.000)
2026-04-14 16:31:15 - tczq_data - WARNING - 无法获取原始赔率值: record_id=1, field=goal_4
2026-04-14 16:31:15 - tczq_data - INFO - ✓ 记录赔率变化: tczq_total_goal_odds.goal_4 0.000 -> 0.000 (diff=0.000)
2026-04-14 16:31:15 - tczq_data - WARNING - 无法获取原始赔率值: record_id=1, field=goal_5
2026-04-14 16:31:15 - tczq_data - INFO - ✓ 记录赔率变化: tczq_total_goal_odds.goal_5 0.000 -> 0.000 (diff=0.000)
2026-04-14 16:31:15 - tczq_data - WARNING - 无法获取原始赔率值: record_id=1, field=goal_6
2026-04-14 16:31:15 - tczq_data - INFO - ✓ 记录赔率变化: tczq_total_goal_odds.goal_6 0.000 -> 0.000 (diff=0.000)
2026-04-14 16:31:15 - tczq_data - WARNING - 无法获取原始赔率值: record_id=1, field=goal_about
2026-04-14 16:31:15 - tczq_data - INFO - ✓ 记录赔率变化: tczq_total_goal_odds.goal_about 0.000 -> 0.000 (diff=0.000)
2026-04-14 16:31:15 - tczq_data - WARNING - 无法获取原始赔率值: record_id=1, field=half_win_full_win
2026-04-14 16:31:15 - tczq_data - INFO - ✓ 记录赔率变化: tczq_ht_ft_odds.half_win_full_win 0.000 -> 0.000 (diff=0.000)
2026-04-14 16:31:15 - tczq_data - WARNING - 无法获取原始赔率值: record_id=1, field=half_win_full_draw
2026-04-14 16:31:15 - tczq_data - INFO - ✓ 记录赔率变化: tczq_ht_ft_odds.half_win_full_draw 0.000 -> 0.000 (diff=0.000)
2026-04-14 16:31:15 - tczq_data - WARNING - 无法获取原始赔率值: record_id=1, field=half_win_full_lose
2026-04-14 16:31:15 - tczq_data - INFO - ✓ 记录赔率变化: tczq_ht_ft_odds.half_win_full_lose 0.000 -> 0.000 (diff=0.000)
2026-04-14 16:31:15 - tczq_data - WARNING - 无法获取原始赔率值: record_id=1, field=half_draw_full_win
2026-04-14 16:31:15 - tczq_data - INFO - ✓ 记录赔率变化: tczq_ht_ft_odds.half_draw_full_win 0.000 -> 0.000 (diff=0.000)
2026-04-14 16:31:15 - tczq_data - WARNING - 无法获取原始赔率值: record_id=1, field=half_draw_full_lose
2026-04-14 16:31:15 - tczq_data - INFO - ✓ 记录赔率变化: tczq_ht_ft_odds.half_draw_full_lose 0.000 -> 0.000 (diff=0.000)
2026-04-14 16:31:15 - tczq_data - WARNING - 无法获取原始赔率值: record_id=1, field=half_lose_full_win
2026-04-14 16:31:15 - tczq_data - INFO - ✓ 记录赔率变化: tczq_ht_ft_odds.half_lose_full_win 0.000 -> 0.000 (diff=0.000)
2026-04-14 16:31:15 - tczq_data - WARNING - 无法获取原始赔率值: record_id=1, field=half_lose_full_draw
2026-04-14 16:31:15 - tczq_data - INFO - ✓ 记录赔率变化: tczq_ht_ft_odds.half_lose_full_draw 0.000 -> 0.000 (diff=0.000)
2026-04-14 16:31:15 - tczq_data - WARNING - 无法获取原始赔率值: record_id=1, field=half_lose_full_lose
2026-04-14 16:31:15 - tczq_data - INFO - ✓ 记录赔率变化: tczq_ht_ft_odds.half_lose_full_lose 0.000 -> 0.000 (diff=0.000)
2026-04-14 16:31:15 - tczq_data - WARNING - 无法获取原始赔率值: record_id=2, field=goal_0
2026-04-14 16:31:15 - tczq_data - INFO - ✓ 记录赔率变化: tczq_total_goal_odds.goal_0 0.000 -> 0.000 (diff=0.000)
2026-04-14 16:31:15 - tczq_data - WARNING - 无法获取原始赔率值: record_id=2, field=goal_1
2026-04-14 16:31:15 - tczq_data - INFO - ✓ 记录赔率变化: tczq_total_goal_odds.goal_1 0.000 -> 0.000 (diff=0.000)
2026-04-14 16:31:15 - tczq_data - WARNING - 无法获取原始赔率值: record_id=2, field=goal_2
2026-04-14 16:31:15 - tczq_data - INFO - ✓ 记录赔率变化: tczq_total_goal_odds.goal_2 0.000 -> 0.000 (diff=0.000)
2026-04-14 16:31:15 - tczq_data - WARNING - 无法获取原始赔率值: record_id=2, field=goal_3
2026-04-14 16:31:15 - tczq_data - INFO - ✓ 记录赔率变化: tczq_total_goal_odds.goal_3 0.000 -> 0.000 (diff=0.000)
2026-04-14 16:31:15 - tczq_data - WARNING - 无法获取原始赔率值: record_id=2, field=goal_4
2026-04-14 16:31:15 - tczq_data - INFO - ✓ 记录赔率变化: tczq_total_goal_odds.goal_4 0.000 -> 0.000 (diff=0.000)
2026-04-14 16:31:15 - tczq_data - WARNING - 无法获取原始赔率值: record_id=2, field=goal_5
2026-04-14 16:31:15 - tczq_data - INFO - ✓ 记录赔率变化: tczq_total_goal_odds.goal_5 0.000 -> 0.000 (diff=0.000)
2026-04-14 16:31:15 - tczq_data - WARNING - 无法获取原始赔率值: record_id=2, field=goal_6
2026-04-14 16:31:15 - tczq_data - INFO - ✓ 记录赔率变化: tczq_total_goal_odds.goal_6 0.000 -> 0.000 (diff=0.000)
2026-04-14 16:31:15 - tczq_data - WARNING - 无法获取原始赔率值: record_id=2, field=goal_about
2026-04-14 16:31:15 - tczq_data - INFO - ✓ 记录赔率变化: tczq_total_goal_odds.goal_about 0.000 -> 0.000 (diff=0.000)
2026-04-14 16:31:15 - tczq_data - WARNING - 无法获取原始赔率值: record_id=2, field=half_win_full_win
2026-04-14 16:31:15 - tczq_data - INFO - ✓ 记录赔率变化: tczq_ht_ft_odds.half_win_full_win 0.000 -> 0.000 (diff=0.000)
2026-04-14 16:31:15 - tczq_data - WARNING - 无法获取原始赔率值: record_id=2, field=half_win_full_draw
2026-04-14 16:31:15 - tczq_data - INFO - ✓ 记录赔率变化: tczq_ht_ft_odds.half_win_full_draw 0.000 -> 0.000 (diff=0.000)
2026-04-14 16:31:15 - tczq_data - WARNING - 无法获取原始赔率值: record_id=2, field=half_win_full_lose
2026-04-14 16:31:15 - tczq_data - INFO - ✓ 记录赔率变化: tczq_ht_ft_odds.half_win_full_lose 0.000 -> 0.000 (diff=0.000)
2026-04-14 16:31:15 - tczq_data - WARNING - 无法获取原始赔率值: record_id=2, field=half_draw_full_win
2026-04-14 16:31:15 - tczq_data - INFO - ✓ 记录赔率变化: tczq_ht_ft_odds.half_draw_full_win 0.000 -> 0.000 (diff=0.000)
2026-04-14 16:31:15 - tczq_data - WARNING - 无法获取原始赔率值: record_id=2, field=half_draw_full_lose
2026-04-14 16:31:15 - tczq_data - INFO - ✓ 记录赔率变化: tczq_ht_ft_odds.half_draw_full_lose 0.000 -> 0.000 (diff=0.000)
2026-04-14 16:31:15 - tczq_data - WARNING - 无法获取原始赔率值: record_id=2, field=half_lose_full_win
2026-04-14 16:31:15 - tczq_data - INFO - ✓ 记录赔率变化: tczq_ht_ft_odds.half_lose_full_win 0.000 -> 0.000 (diff=0.000)
2026-04-14 16:31:15 - tczq_data - WARNING - 无法获取原始赔率值: record_id=2, field=half_lose_full_draw
2026-04-14 16:31:15 - tczq_data - INFO - ✓ 记录赔率变化: tczq_ht_ft_odds.half_lose_full_draw 0.000 -> 0.000 (diff=0.000)
2026-04-14 16:31:15 - tczq_data - WARNING - 无法获取原始赔率值: record_id=2, field=half_lose_full_lose
2026-04-14 16:31:15 - tczq_data - INFO - ✓ 记录赔率变化: tczq_ht_ft_odds.half_lose_full_lose 0.000 -> 0.000 (diff=0.000)
2026-04-14 16:31:15 - tczq_data - WARNING - 无法获取原始赔率值: record_id=3, field=goal_0
2026-04-14 16:31:15 - tczq_data - INFO - ✓ 记录赔率变化: tczq_total_goal_odds.goal_0 0.000 -> 0.000 (diff=0.000)
2026-04-14 16:31:15 - tczq_data - WARNING - 无法获取原始赔率值: record_id=3, field=goal_1
2026-04-14 16:31:15 - tczq_data - INFO - ✓ 记录赔率变化: tczq_total_goal_odds.goal_1 0.000 -> 0.000 (diff=0.000)
2026-04-14 16:31:15 - tczq_data - WARNING - 无法获取原始赔率值: record_id=3, field=goal_2
2026-04-14 16:31:15 - tczq_data - INFO - ✓ 记录赔率变化: tczq_total_goal_odds.goal_2 0.000 -> 0.000 (diff=0.000)
2026-04-14 16:31:15 - tczq_data - WARNING - 无法获取原始赔率值: record_id=3, field=goal_3
2026-04-14 16:31:15 - tczq_data - INFO - ✓ 记录赔率变化: tczq_total_goal_odds.goal_3 0.000 -> 0.000 (diff=0.000)
2026-04-14 16:31:15 - tczq_data - WARNING - 无法获取原始赔率值: record_id=3, field=goal_4
2026-04-14 16:31:15 - tczq_data - INFO - ✓ 记录赔率变化: tczq_total_goal_odds.goal_4 0.000 -> 0.000 (diff=0.000)
2026-04-14 16:31:15 - tczq_data - WARNING - 无法获取原始赔率值: record_id=3, field=goal_5
2026-04-14 16:31:15 - tczq_data - INFO - ✓ 记录赔率变化: tczq_total_goal_odds.goal_5 0.000 -> 0.000 (diff=0.000)
2026-04-14 16:31:15 - tczq_data - WARNING - 无法获取原始赔率值: record_id=3, field=goal_6
2026-04-14 16:31:15 - tczq_data - INFO - ✓ 记录赔率变化: tczq_total_goal_odds.goal_6 0.000 -> 0.000 (diff=0.000)
2026-04-14 16:31:15 - tczq_data - WARNING - 无法获取原始赔率值: record_id=3, field=goal_about
2026-04-14 16:31:15 - tczq_data - INFO - ✓ 记录赔率变化: tczq_total_goal_odds.goal_about 0.000 -> 0.000 (diff=0.000)
2026-04-14 16:31:16 - tczq_data - WARNING - 无法获取原始赔率值: record_id=3, field=half_win_full_win
2026-04-14 16:31:16 - tczq_data - INFO - ✓ 记录赔率变化: tczq_ht_ft_odds.half_win_full_win 0.000 -> 0.000 (diff=0.000)
2026-04-14 16:31:16 - tczq_data - WARNING - 无法获取原始赔率值: record_id=3, field=half_win_full_draw
2026-04-14 16:31:16 - tczq_data - INFO - ✓ 记录赔率变化: tczq_ht_ft_odds.half_win_full_draw 0.000 -> 0.000 (diff=0.000)
2026-04-14 16:31:16 - tczq_data - WARNING - 无法获取原始赔率值: record_id=3, field=half_win_full_lose
2026-04-14 16:31:16 - tczq_data - INFO - ✓ 记录赔率变化: tczq_ht_ft_odds.half_win_full_lose 0.000 -> 0.000 (diff=0.000)
2026-04-14 16:31:16 - tczq_data - WARNING - 无法获取原始赔率值: record_id=3, field=half_draw_full_win
2026-04-14 16:31:16 - tczq_data - INFO - ✓ 记录赔率变化: tczq_ht_ft_odds.half_draw_full_win 0.000 -> 0.000 (diff=0.000)
2026-04-14 16:31:16 - tczq_data - WARNING - 无法获取原始赔率值: record_id=3, field=half_draw_full_lose
2026-04-14 16:31:16 - tczq_data - INFO - ✓ 记录赔率变化: tczq_ht_ft_odds.half_draw_full_lose 0.000 -> 0.000 (diff=0.000)
2026-04-14 16:31:16 - tczq_data - WARNING - 无法获取原始赔率值: record_id=3, field=half_lose_full_win
2026-04-14 16:31:16 - tczq_data - INFO - ✓ 记录赔率变化: tczq_ht_ft_odds.half_lose_full_win 0.000 -> 0.000 (diff=0.000)
2026-04-14 16:31:16 - tczq_data - WARNING - 无法获取原始赔率值: record_id=3, field=half_lose_full_draw
2026-04-14 16:31:16 - tczq_data - INFO - ✓ 记录赔率变化: tczq_ht_ft_odds.half_lose_full_draw 0.000 -> 0.000 (diff=0.000)
2026-04-14 16:31:16 - tczq_data - WARNING - 无法获取原始赔率值: record_id=3, field=half_lose_full_lose
2026-04-14 16:31:16 - tczq_data - INFO - ✓ 记录赔率变化: tczq_ht_ft_odds.half_lose_full_lose 0.000 -> 0.000 (diff=0.000)
2026-04-14 16:31:16 - tczq_data - WARNING - 无法获取原始赔率值: record_id=4, field=goal_0
2026-04-14 16:31:16 - tczq_data - INFO - ✓ 记录赔率变化: tczq_total_goal_odds.goal_0 0.000 -> 0.000 (diff=0.000)
2026-04-14 16:31:16 - tczq_data - WARNING - 无法获取原始赔率值: record_id=4, field=goal_1
2026-04-14 16:31:16 - tczq_data - INFO - ✓ 记录赔率变化: tczq_total_goal_odds.goal_1 0.000 -> 0.000 (diff=0.000)
2026-04-14 16:31:16 - tczq_data - WARNING - 无法获取原始赔率值: record_id=4, field=goal_2
2026-04-14 16:31:16 - tczq_data - INFO - ✓ 记录赔率变化: tczq_total_goal_odds.goal_2 0.000 -> 0.000 (diff=0.000)
2026-04-14 16:31:16 - tczq_data - WARNING - 无法获取原始赔率值: record_id=4, field=goal_3
2026-04-14 16:31:16 - tczq_data - INFO - ✓ 记录赔率变化: tczq_total_goal_odds.goal_3 0.000 -> 0.000 (diff=0.000)
2026-04-14 16:31:16 - tczq_data - WARNING - 无法获取原始赔率值: record_id=4, field=goal_4
2026-04-14 16:31:16 - tczq_data - INFO - ✓ 记录赔率变化: tczq_total_goal_odds.goal_4 0.000 -> 0.000 (diff=0.000)
2026-04-14 16:31:16 - tczq_data - WARNING - 无法获取原始赔率值: record_id=4, field=goal_5
2026-04-14 16:31:16 - tczq_data - INFO - ✓ 记录赔率变化: tczq_total_goal_odds.goal_5 0.000 -> 0.000 (diff=0.000)
2026-04-14 16:31:16 - tczq_data - WARNING - 无法获取原始赔率值: record_id=4, field=goal_6
2026-04-14 16:31:16 - tczq_data - INFO - ✓ 记录赔率变化: tczq_total_goal_odds.goal_6 0.000 -> 0.000 (diff=0.000)
2026-04-14 16:31:16 - tczq_data - WARNING - 无法获取原始赔率值: record_id=4, field=goal_about
2026-04-14 16:31:16 - tczq_data - INFO - ✓ 记录赔率变化: tczq_total_goal_odds.goal_about 0.000 -> 0.000 (diff=0.000)
2026-04-14 16:31:16 - tczq_data - WARNING - 无法获取原始赔率值: record_id=4, field=half_win_full_win
2026-04-14 16:31:16 - tczq_data - INFO - ✓ 记录赔率变化: tczq_ht_ft_odds.half_win_full_win 0.000 -> 0.000 (diff=0.000)
2026-04-14 16:31:16 - tczq_data - WARNING - 无法获取原始赔率值: record_id=4, field=half_win_full_draw
2026-04-14 16:31:16 - tczq_data - INFO - ✓ 记录赔率变化: tczq_ht_ft_odds.half_win_full_draw 0.000 -> 0.000 (diff=0.000)
2026-04-14 16:31:16 - tczq_data - WARNING - 无法获取原始赔率值: record_id=4, field=half_win_full_lose
2026-04-14 16:31:16 - tczq_data - INFO - ✓ 记录赔率变化: tczq_ht_ft_odds.half_win_full_lose 0.000 -> 0.000 (diff=0.000)
2026-04-14 16:31:16 - tczq_data - WARNING - 无法获取原始赔率值: record_id=4, field=half_draw_full_win
2026-04-14 16:31:16 - tczq_data - INFO - ✓ 记录赔率变化: tczq_ht_ft_odds.half_draw_full_win 0.000 -> 0.000 (diff=0.000)
2026-04-14 16:31:16 - tczq_data - WARNING - 无法获取原始赔率值: record_id=4, field=half_draw_full_lose
2026-04-14 16:31:16 - tczq_data - INFO - ✓ 记录赔率变化: tczq_ht_ft_odds.half_draw_full_lose 0.000 -> 0.000 (diff=0.000)
2026-04-14 16:31:16 - tczq_data - WARNING - 无法获取原始赔率值: record_id=4, field=half_lose_full_win
2026-04-14 16:31:16 - tczq_data - INFO - ✓ 记录赔率变化: tczq_ht_ft_odds.half_lose_full_win 0.000 -> 0.000 (diff=0.000)
2026-04-14 16:31:16 - tczq_data - WARNING - 无法获取原始赔率值: record_id=4, field=half_lose_full_draw
2026-04-14 16:31:16 - tczq_data - INFO - ✓ 记录赔率变化: tczq_ht_ft_odds.half_lose_full_draw 0.000 -> 0.000 (diff=0.000)
2026-04-14 16:31:16 - tczq_data - WARNING - 无法获取原始赔率值: record_id=4, field=half_lose_full_lose
2026-04-14 16:31:16 - tczq_data - INFO - ✓ 记录赔率变化: tczq_ht_ft_odds.half_lose_full_lose 0.000 -> 0.000 (diff=0.000)
2026-04-14 16:31:16 - tczq_data - WARNING - 无法获取原始赔率值: record_id=5, field=goal_0
2026-04-14 16:31:16 - tczq_data - INFO - ✓ 记录赔率变化: tczq_total_goal_odds.goal_0 0.000 -> 0.000 (diff=0.000)
2026-04-14 16:31:16 - tczq_data - WARNING - 无法获取原始赔率值: record_id=5, field=goal_1
2026-04-14 16:31:16 - tczq_data - INFO - ✓ 记录赔率变化: tczq_total_goal_odds.goal_1 0.000 -> 0.000 (diff=0.000)
2026-04-14 16:31:16 - tczq_data - WARNING - 无法获取原始赔率值: record_id=5, field=goal_2
2026-04-14 16:31:16 - tczq_data - INFO - ✓ 记录赔率变化: tczq_total_goal_odds.goal_2 0.000 -> 0.000 (diff=0.000)
2026-04-14 16:31:16 - tczq_data - WARNING - 无法获取原始赔率值: record_id=5, field=goal_3
2026-04-14 16:31:16 - tczq_data - INFO - ✓ 记录赔率变化: tczq_total_goal_odds.goal_3 0.000 -> 0.000 (diff=0.000)
2026-04-14 16:31:16 - tczq_data - WARNING - 无法获取原始赔率值: record_id=5, field=goal_4
2026-04-14 16:31:16 - tczq_data - INFO - ✓ 记录赔率变化: tczq_total_goal_odds.goal_4 0.000 -> 0.000 (diff=0.000)
2026-04-14 16:31:16 - tczq_data - WARNING - 无法获取原始赔率值: record_id=5, field=goal_5
2026-04-14 16:31:16 - tczq_data - INFO - ✓ 记录赔率变化: tczq_total_goal_odds.goal_5 0.000 -> 0.000 (diff=0.000)
2026-04-14 16:31:16 - tczq_data - WARNING - 无法获取原始赔率值: record_id=5, field=goal_6
2026-04-14 16:31:16 - tczq_data - INFO - ✓ 记录赔率变化: tczq_total_goal_odds.goal_6 0.000 -> 0.000 (diff=0.000)
2026-04-14 16:31:16 - tczq_data - WARNING - 无法获取原始赔率值: record_id=5, field=goal_about
2026-04-14 16:31:16 - tczq_data - INFO - ✓ 记录赔率变化: tczq_total_goal_odds.goal_about 0.000 -> 0.000 (diff=0.000)
2026-04-14 16:31:16 - tczq_data - WARNING - 无法获取原始赔率值: record_id=5, field=half_win_full_win
2026-04-14 16:31:16 - tczq_data - INFO - ✓ 记录赔率变化: tczq_ht_ft_odds.half_win_full_win 0.000 -> 0.000 (diff=0.000)
2026-04-14 16:31:16 - tczq_data - WARNING - 无法获取原始赔率值: record_id=5, field=half_win_full_draw
2026-04-14 16:31:16 - tczq_data - INFO - ✓ 记录赔率变化: tczq_ht_ft_odds.half_win_full_draw 0.000 -> 0.000 (diff=0.000)
2026-04-14 16:31:16 - tczq_data - WARNING - 无法获取原始赔率值: record_id=5, field=half_win_full_lose
2026-04-14 16:31:16 - tczq_data - INFO - ✓ 记录赔率变化: tczq_ht_ft_odds.half_win_full_lose 0.000 -> 0.000 (diff=0.000)
2026-04-14 16:31:16 - tczq_data - WARNING - 无法获取原始赔率值: record_id=5, field=half_draw_full_win
2026-04-14 16:31:16 - tczq_data - INFO - ✓ 记录赔率变化: tczq_ht_ft_odds.half_draw_full_win 0.000 -> 0.000 (diff=0.000)
2026-04-14 16:31:16 - tczq_data - WARNING - 无法获取原始赔率值: record_id=5, field=half_draw_full_lose
2026-04-14 16:31:16 - tczq_data - INFO - ✓ 记录赔率变化: tczq_ht_ft_odds.half_draw_full_lose 0.000 -> 0.000 (diff=0.000)
2026-04-14 16:31:16 - tczq_data - WARNING - 无法获取原始赔率值: record_id=5, field=half_lose_full_win
2026-04-14 16:31:16 - tczq_data - INFO - ✓ 记录赔率变化: tczq_ht_ft_odds.half_lose_full_win 0.000 -> 0.000 (diff=0.000)
2026-04-14 16:31:16 - tczq_data - WARNING - 无法获取原始赔率值: record_id=5, field=half_lose_full_draw
2026-04-14 16:31:16 - tczq_data - INFO - ✓ 记录赔率变化: tczq_ht_ft_odds.half_lose_full_draw 0.000 -> 0.000 (diff=0.000)
2026-04-14 16:31:16 - tczq_data - WARNING - 无法获取原始赔率值: record_id=5, field=half_lose_full_lose
2026-04-14 16:31:16 - tczq_data - INFO - ✓ 记录赔率变化: tczq_ht_ft_odds.half_lose_full_lose 0.000 -> 0.000 (diff=0.000)
2026-04-14 16:31:16 - tczq_data - WARNING - 无法获取原始赔率值: record_id=6, field=goal_0
2026-04-14 16:31:16 - tczq_data - INFO - ✓ 记录赔率变化: tczq_total_goal_odds.goal_0 0.000 -> 0.000 (diff=0.000)
2026-04-14 16:31:16 - tczq_data - WARNING - 无法获取原始赔率值: record_id=6, field=goal_1
2026-04-14 16:31:16 - tczq_data - INFO - ✓ 记录赔率变化: tczq_total_goal_odds.goal_1 0.000 -> 0.000 (diff=0.000)
2026-04-14 16:31:16 - tczq_data - WARNING - 无法获取原始赔率值: record_id=6, field=goal_2
2026-04-14 16:31:16 - tczq_data - INFO - ✓ 记录赔率变化: tczq_total_goal_odds.goal_2 0.000 -> 0.000 (diff=0.000)
2026-04-14 16:31:16 - tczq_data - WARNING - 无法获取原始赔率值: record_id=6, field=goal_3
2026-04-14 16:31:16 - tczq_data - INFO - ✓ 记录赔率变化: tczq_total_goal_odds.goal_3 0.000 -> 0.000 (diff=0.000)
2026-04-14 16:31:16 - tczq_data - WARNING - 无法获取原始赔率值: record_id=6, field=goal_4
2026-04-14 16:31:16 - tczq_data - INFO - ✓ 记录赔率变化: tczq_total_goal_odds.goal_4 0.000 -> 0.000 (diff=0.000)
2026-04-14 16:31:16 - tczq_data - WARNING - 无法获取原始赔率值: record_id=6, field=goal_5
2026-04-14 16:31:16 - tczq_data - INFO - ✓ 记录赔率变化: tczq_total_goal_odds.goal_5 0.000 -> 0.000 (diff=0.000)
2026-04-14 16:31:16 - tczq_data - WARNING - 无法获取原始赔率值: record_id=6, field=goal_6
2026-04-14 16:31:16 - tczq_data - INFO - ✓ 记录赔率变化: tczq_total_goal_odds.goal_6 0.000 -> 0.000 (diff=0.000)
2026-04-14 16:31:16 - tczq_data - WARNING - 无法获取原始赔率值: record_id=6, field=goal_about
2026-04-14 16:31:16 - tczq_data - INFO - ✓ 记录赔率变化: tczq_total_goal_odds.goal_about 0.000 -> 0.000 (diff=0.000)
2026-04-14 16:31:17 - tczq_data - WARNING - 无法获取原始赔率值: record_id=6, field=half_win_full_win
2026-04-14 16:31:17 - tczq_data - INFO - ✓ 记录赔率变化: tczq_ht_ft_odds.half_win_full_win 0.000 -> 0.000 (diff=0.000)
2026-04-14 16:31:17 - tczq_data - WARNING - 无法获取原始赔率值: record_id=6, field=half_win_full_draw
2026-04-14 16:31:17 - tczq_data - INFO - ✓ 记录赔率变化: tczq_ht_ft_odds.half_win_full_draw 0.000 -> 0.000 (diff=0.000)
2026-04-14 16:31:17 - tczq_data - WARNING - 无法获取原始赔率值: record_id=6, field=half_win_full_lose
2026-04-14 16:31:17 - tczq_data - INFO - ✓ 记录赔率变化: tczq_ht_ft_odds.half_win_full_lose 0.000 -> 0.000 (diff=0.000)
2026-04-14 16:31:17 - tczq_data - WARNING - 无法获取原始赔率值: record_id=6, field=half_draw_full_win
2026-04-14 16:31:17 - tczq_data - INFO - ✓ 记录赔率变化: tczq_ht_ft_odds.half_draw_full_win 0.000 -> 0.000 (diff=0.000)
2026-04-14 16:31:17 - tczq_data - WARNING - 无法获取原始赔率值: record_id=6, field=half_draw_full_lose
2026-04-14 16:31:17 - tczq_data - INFO - ✓ 记录赔率变化: tczq_ht_ft_odds.half_draw_full_lose 0.000 -> 0.000 (diff=0.000)
2026-04-14 16:31:17 - tczq_data - WARNING - 无法获取原始赔率值: record_id=6, field=half_lose_full_win
2026-04-14 16:31:17 - tczq_data - INFO - ✓ 记录赔率变化: tczq_ht_ft_odds.half_lose_full_win 0.000 -> 0.000 (diff=0.000)
2026-04-14 16:31:17 - tczq_data - WARNING - 无法获取原始赔率值: record_id=6, field=half_lose_full_draw
2026-04-14 16:31:17 - tczq_data - INFO - ✓ 记录赔率变化: tczq_ht_ft_odds.half_lose_full_draw 0.000 -> 0.000 (diff=0.000)
2026-04-14 16:31:17 - tczq_data - WARNING - 无法获取原始赔率值: record_id=6, field=half_lose_full_lose
2026-04-14 16:31:17 - tczq_data - INFO - ✓ 记录赔率变化: tczq_ht_ft_odds.half_lose_full_lose 0.000 -> 0.000 (diff=0.000)
2026-04-14 16:31:17 - tczq_data - WARNING - 无法获取原始赔率值: record_id=7, field=goal_0
2026-04-14 16:31:17 - tczq_data - INFO - ✓ 记录赔率变化: tczq_total_goal_odds.goal_0 0.000 -> 0.000 (diff=0.000)
2026-04-14 16:31:17 - tczq_data - WARNING - 无法获取原始赔率值: record_id=7, field=goal_1
2026-04-14 16:31:17 - tczq_data - INFO - ✓ 记录赔率变化: tczq_total_goal_odds.goal_1 0.000 -> 0.000 (diff=0.000)
2026-04-14 16:31:17 - tczq_data - WARNING - 无法获取原始赔率值: record_id=7, field=goal_2
2026-04-14 16:31:17 - tczq_data - INFO - ✓ 记录赔率变化: tczq_total_goal_odds.goal_2 0.000 -> 0.000 (diff=0.000)
2026-04-14 16:31:17 - tczq_data - WARNING - 无法获取原始赔率值: record_id=7, field=goal_3
2026-04-14 16:31:17 - tczq_data - INFO - ✓ 记录赔率变化: tczq_total_goal_odds.goal_3 0.000 -> 0.000 (diff=0.000)
2026-04-14 16:31:17 - tczq_data - WARNING - 无法获取原始赔率值: record_id=7, field=goal_4
2026-04-14 16:31:17 - tczq_data - INFO - ✓ 记录赔率变化: tczq_total_goal_odds.goal_4 0.000 -> 0.000 (diff=0.000)
2026-04-14 16:31:17 - tczq_data - WARNING - 无法获取原始赔率值: record_id=7, field=goal_5
2026-04-14 16:31:17 - tczq_data - INFO - ✓ 记录赔率变化: tczq_total_goal_odds.goal_5 0.000 -> 0.000 (diff=0.000)
2026-04-14 16:31:17 - tczq_data - WARNING - 无法获取原始赔率值: record_id=7, field=goal_6
2026-04-14 16:31:17 - tczq_data - INFO - ✓ 记录赔率变化: tczq_total_goal_odds.goal_6 0.000 -> 0.000 (diff=0.000)
2026-04-14 16:31:17 - tczq_data - WARNING - 无法获取原始赔率值: record_id=7, field=goal_about
2026-04-14 16:31:17 - tczq_data - INFO - ✓ 记录赔率变化: tczq_total_goal_odds.goal_about 0.000 -> 0.000 (diff=0.000)
2026-04-14 16:31:17 - tczq_data - WARNING - 无法获取原始赔率值: record_id=7, field=half_win_full_win
2026-04-14 16:31:17 - tczq_data - INFO - ✓ 记录赔率变化: tczq_ht_ft_odds.half_win_full_win 0.000 -> 0.000 (diff=0.000)
2026-04-14 16:31:17 - tczq_data - WARNING - 无法获取原始赔率值: record_id=7, field=half_win_full_draw
2026-04-14 16:31:17 - tczq_data - INFO - ✓ 记录赔率变化: tczq_ht_ft_odds.half_win_full_draw 0.000 -> 0.000 (diff=0.000)
2026-04-14 16:31:17 - tczq_data - WARNING - 无法获取原始赔率值: record_id=7, field=half_win_full_lose
2026-04-14 16:31:17 - tczq_data - INFO - ✓ 记录赔率变化: tczq_ht_ft_odds.half_win_full_lose 0.000 -> 0.000 (diff=0.000)
2026-04-14 16:31:17 - tczq_data - WARNING - 无法获取原始赔率值: record_id=7, field=half_draw_full_win
2026-04-14 16:31:17 - tczq_data - INFO - ✓ 记录赔率变化: tczq_ht_ft_odds.half_draw_full_win 0.000 -> 0.000 (diff=0.000)
2026-04-14 16:31:17 - tczq_data - WARNING - 无法获取原始赔率值: record_id=7, field=half_draw_full_lose
2026-04-14 16:31:17 - tczq_data - INFO - ✓ 记录赔率变化: tczq_ht_ft_odds.half_draw_full_lose 0.000 -> 0.000 (diff=0.000)
2026-04-14 16:31:17 - tczq_data - WARNING - 无法获取原始赔率值: record_id=7, field=half_lose_full_win
2026-04-14 16:31:17 - tczq_data - INFO - ✓ 记录赔率变化: tczq_ht_ft_odds.half_lose_full_win 0.000 -> 0.000 (diff=0.000)
2026-04-14 16:31:17 - tczq_data - WARNING - 无法获取原始赔率值: record_id=7, field=half_lose_full_draw
2026-04-14 16:31:17 - tczq_data - INFO - ✓ 记录赔率变化: tczq_ht_ft_odds.half_lose_full_draw 0.000 -> 0.000 (diff=0.000)
2026-04-14 16:31:17 - tczq_data - WARNING - 无法获取原始赔率值: record_id=7, field=half_lose_full_lose
2026-04-14 16:31:17 - tczq_data - INFO - ✓ 记录赔率变化: tczq_ht_ft_odds.half_lose_full_lose 0.000 -> 0.000 (diff=0.000)
2026-04-14 16:31:17 - tczq_data - WARNING - 无法获取原始赔率值: record_id=8, field=goal_0
2026-04-14 16:31:17 - tczq_data - INFO - ✓ 记录赔率变化: tczq_total_goal_odds.goal_0 0.000 -> 0.000 (diff=0.000)
2026-04-14 16:31:17 - tczq_data - WARNING - 无法获取原始赔率值: record_id=8, field=goal_1
2026-04-14 16:31:17 - tczq_data - INFO - ✓ 记录赔率变化: tczq_total_goal_odds.goal_1 0.000 -> 0.000 (diff=0.000)
2026-04-14 16:31:17 - tczq_data - WARNING - 无法获取原始赔率值: record_id=8, field=goal_2
2026-04-14 16:31:17 - tczq_data - INFO - ✓ 记录赔率变化: tczq_total_goal_odds.goal_2 0.000 -> 0.000 (diff=0.000)
2026-04-14 16:31:17 - tczq_data - WARNING - 无法获取原始赔率值: record_id=8, field=goal_3
2026-04-14 16:31:17 - tczq_data - INFO - ✓ 记录赔率变化: tczq_total_goal_odds.goal_3 0.000 -> 0.000 (diff=0.000)
2026-04-14 16:31:17 - tczq_data - WARNING - 无法获取原始赔率值: record_id=8, field=goal_4
2026-04-14 16:31:17 - tczq_data - INFO - ✓ 记录赔率变化: tczq_total_goal_odds.goal_4 0.000 -> 0.000 (diff=0.000)
2026-04-14 16:31:17 - tczq_data - WARNING - 无法获取原始赔率值: record_id=8, field=goal_5
2026-04-14 16:31:17 - tczq_data - INFO - ✓ 记录赔率变化: tczq_total_goal_odds.goal_5 0.000 -> 0.000 (diff=0.000)
2026-04-14 16:31:17 - tczq_data - WARNING - 无法获取原始赔率值: record_id=8, field=goal_6
2026-04-14 16:31:17 - tczq_data - INFO - ✓ 记录赔率变化: tczq_total_goal_odds.goal_6 0.000 -> 0.000 (diff=0.000)
2026-04-14 16:31:17 - tczq_data - WARNING - 无法获取原始赔率值: record_id=8, field=goal_about
2026-04-14 16:31:17 - tczq_data - INFO - ✓ 记录赔率变化: tczq_total_goal_odds.goal_about 0.000 -> 0.000 (diff=0.000)
2026-04-14 16:31:17 - tczq_data - WARNING - 无法获取原始赔率值: record_id=8, field=half_win_full_win
2026-04-14 16:31:17 - tczq_data - INFO - ✓ 记录赔率变化: tczq_ht_ft_odds.half_win_full_win 0.000 -> 0.000 (diff=0.000)
2026-04-14 16:31:17 - tczq_data - WARNING - 无法获取原始赔率值: record_id=8, field=half_win_full_draw
2026-04-14 16:31:17 - tczq_data - INFO - ✓ 记录赔率变化: tczq_ht_ft_odds.half_win_full_draw 0.000 -> 0.000 (diff=0.000)
2026-04-14 16:31:17 - tczq_data - WARNING - 无法获取原始赔率值: record_id=8, field=half_win_full_lose
2026-04-14 16:31:17 - tczq_data - INFO - ✓ 记录赔率变化: tczq_ht_ft_odds.half_win_full_lose 0.000 -> 0.000 (diff=0.000)
2026-04-14 16:31:17 - tczq_data - WARNING - 无法获取原始赔率值: record_id=8, field=half_draw_full_win
2026-04-14 16:31:17 - tczq_data - INFO - ✓ 记录赔率变化: tczq_ht_ft_odds.half_draw_full_win 0.000 -> 0.000 (diff=0.000)
2026-04-14 16:31:17 - tczq_data - WARNING - 无法获取原始赔率值: record_id=8, field=half_draw_full_lose
2026-04-14 16:31:17 - tczq_data - INFO - ✓ 记录赔率变化: tczq_ht_ft_odds.half_draw_full_lose 0.000 -> 0.000 (diff=0.000)
2026-04-14 16:31:17 - tczq_data - WARNING - 无法获取原始赔率值: record_id=8, field=half_lose_full_win
2026-04-14 16:31:17 - tczq_data - INFO - ✓ 记录赔率变化: tczq_ht_ft_odds.half_lose_full_win 0.000 -> 0.000 (diff=0.000)
2026-04-14 16:31:17 - tczq_data - WARNING - 无法获取原始赔率值: record_id=8, field=half_lose_full_draw
2026-04-14 16:31:17 - tczq_data - INFO - ✓ 记录赔率变化: tczq_ht_ft_odds.half_lose_full_draw 0.000 -> 0.000 (diff=0.000)
2026-04-14 16:31:17 - tczq_data - WARNING - 无法获取原始赔率值: record_id=8, field=half_lose_full_lose
2026-04-14 16:31:17 - tczq_data - INFO - ✓ 记录赔率变化: tczq_ht_ft_odds.half_lose_full_lose 0.000 -> 0.000 (diff=0.000)
2026-04-14 16:31:17 - tczq_data - WARNING - 无法获取原始赔率值: record_id=9, field=goal_0
2026-04-14 16:31:17 - tczq_data - INFO - ✓ 记录赔率变化: tczq_total_goal_odds.goal_0 0.000 -> 0.000 (diff=0.000)
2026-04-14 16:31:17 - tczq_data - WARNING - 无法获取原始赔率值: record_id=9, field=goal_1
2026-04-14 16:31:17 - tczq_data - INFO - ✓ 记录赔率变化: tczq_total_goal_odds.goal_1 0.000 -> 0.000 (diff=0.000)
2026-04-14 16:31:17 - tczq_data - WARNING - 无法获取原始赔率值: record_id=9, field=goal_2
2026-04-14 16:31:17 - tczq_data - INFO - ✓ 记录赔率变化: tczq_total_goal_odds.goal_2 0.000 -> 0.000 (diff=0.000)
2026-04-14 16:31:17 - tczq_data - WARNING - 无法获取原始赔率值: record_id=9, field=goal_3
2026-04-14 16:31:17 - tczq_data - INFO - ✓ 记录赔率变化: tczq_total_goal_odds.goal_3 0.000 -> 0.000 (diff=0.000)
2026-04-14 16:31:17 - tczq_data - WARNING - 无法获取原始赔率值: record_id=9, field=goal_4
2026-04-14 16:31:17 - tczq_data - INFO - ✓ 记录赔率变化: tczq_total_goal_odds.goal_4 0.000 -> 0.000 (diff=0.000)
2026-04-14 16:31:17 - tczq_data - WARNING - 无法获取原始赔率值: record_id=9, field=goal_5
2026-04-14 16:31:17 - tczq_data - INFO - ✓ 记录赔率变化: tczq_total_goal_odds.goal_5 0.000 -> 0.000 (diff=0.000)
2026-04-14 16:31:17 - tczq_data - WARNING - 无法获取原始赔率值: record_id=9, field=goal_6
2026-04-14 16:31:18 - tczq_data - INFO - ✓ 记录赔率变化: tczq_total_goal_odds.goal_6 0.000 -> 0.000 (diff=0.000)
2026-04-14 16:31:18 - tczq_data - WARNING - 无法获取原始赔率值: record_id=9, field=goal_about
2026-04-14 16:31:18 - tczq_data - INFO - ✓ 记录赔率变化: tczq_total_goal_odds.goal_about 0.000 -> 0.000 (diff=0.000)
2026-04-14 16:31:18 - tczq_data - WARNING - 无法获取原始赔率值: record_id=9, field=half_win_full_win
2026-04-14 16:31:18 - tczq_data - INFO - ✓ 记录赔率变化: tczq_ht_ft_odds.half_win_full_win 0.000 -> 0.000 (diff=0.000)
2026-04-14 16:31:18 - tczq_data - WARNING - 无法获取原始赔率值: record_id=9, field=half_win_full_draw
2026-04-14 16:31:18 - tczq_data - INFO - ✓ 记录赔率变化: tczq_ht_ft_odds.half_win_full_draw 0.000 -> 0.000 (diff=0.000)
2026-04-14 16:31:18 - tczq_data - WARNING - 无法获取原始赔率值: record_id=9, field=half_win_full_lose
2026-04-14 16:31:18 - tczq_data - INFO - ✓ 记录赔率变化: tczq_ht_ft_odds.half_win_full_lose 0.000 -> 0.000 (diff=0.000)
2026-04-14 16:31:18 - tczq_data - WARNING - 无法获取原始赔率值: record_id=9, field=half_draw_full_win
2026-04-14 16:31:18 - tczq_data - INFO - ✓ 记录赔率变化: tczq_ht_ft_odds.half_draw_full_win 0.000 -> 0.000 (diff=0.000)
2026-04-14 16:31:18 - tczq_data - WARNING - 无法获取原始赔率值: record_id=9, field=half_draw_full_lose
2026-04-14 16:31:18 - tczq_data - INFO - ✓ 记录赔率变化: tczq_ht_ft_odds.half_draw_full_lose 0.000 -> 0.000 (diff=0.000)
2026-04-14 16:31:18 - tczq_data - WARNING - 无法获取原始赔率值: record_id=9, field=half_lose_full_win
2026-04-14 16:31:18 - tczq_data - INFO - ✓ 记录赔率变化: tczq_ht_ft_odds.half_lose_full_win 0.000 -> 0.000 (diff=0.000)
2026-04-14 16:31:18 - tczq_data - WARNING - 无法获取原始赔率值: record_id=9, field=half_lose_full_draw
2026-04-14 16:31:18 - tczq_data - INFO - ✓ 记录赔率变化: tczq_ht_ft_odds.half_lose_full_draw 0.000 -> 0.000 (diff=0.000)
2026-04-14 16:31:18 - tczq_data - WARNING - 无法获取原始赔率值: record_id=9, field=half_lose_full_lose
2026-04-14 16:31:18 - tczq_data - INFO - ✓ 记录赔率变化: tczq_ht_ft_odds.half_lose_full_lose 0.000 -> 0.000 (diff=0.000)
2026-04-14 16:31:18 - tczq_data - WARNING - 无法获取原始赔率值: record_id=10, field=goal_0
2026-04-14 16:31:18 - tczq_data - INFO - ✓ 记录赔率变化: tczq_total_goal_odds.goal_0 0.000 -> 0.000 (diff=0.000)
2026-04-14 16:31:18 - tczq_data - WARNING - 无法获取原始赔率值: record_id=10, field=goal_1
2026-04-14 16:31:18 - tczq_data - INFO - ✓ 记录赔率变化: tczq_total_goal_odds.goal_1 0.000 -> 0.000 (diff=0.000)
2026-04-14 16:31:18 - tczq_data - WARNING - 无法获取原始赔率值: record_id=10, field=goal_2
2026-04-14 16:31:18 - tczq_data - INFO - ✓ 记录赔率变化: tczq_total_goal_odds.goal_2 0.000 -> 0.000 (diff=0.000)
2026-04-14 16:31:18 - tczq_data - WARNING - 无法获取原始赔率值: record_id=10, field=goal_3
2026-04-14 16:31:18 - tczq_data - INFO - ✓ 记录赔率变化: tczq_total_goal_odds.goal_3 0.000 -> 0.000 (diff=0.000)
2026-04-14 16:31:18 - tczq_data - WARNING - 无法获取原始赔率值: record_id=10, field=goal_4
2026-04-14 16:31:18 - tczq_data - INFO - ✓ 记录赔率变化: tczq_total_goal_odds.goal_4 0.000 -> 0.000 (diff=0.000)
2026-04-14 16:31:18 - tczq_data - WARNING - 无法获取原始赔率值: record_id=10, field=goal_5
2026-04-14 16:31:18 - tczq_data - INFO - ✓ 记录赔率变化: tczq_total_goal_odds.goal_5 0.000 -> 0.000 (diff=0.000)
2026-04-14 16:31:18 - tczq_data - WARNING - 无法获取原始赔率值: record_id=10, field=goal_6
2026-04-14 16:31:18 - tczq_data - INFO - ✓ 记录赔率变化: tczq_total_goal_odds.goal_6 0.000 -> 0.000 (diff=0.000)
2026-04-14 16:31:18 - tczq_data - WARNING - 无法获取原始赔率值: record_id=10, field=goal_about
2026-04-14 16:31:18 - tczq_data - INFO - ✓ 记录赔率变化: tczq_total_goal_odds.goal_about 0.000 -> 0.000 (diff=0.000)
2026-04-14 16:31:18 - tczq_data - WARNING - 无法获取原始赔率值: record_id=10, field=half_win_full_win
2026-04-14 16:31:18 - tczq_data - INFO - ✓ 记录赔率变化: tczq_ht_ft_odds.half_win_full_win 0.000 -> 0.000 (diff=0.000)
2026-04-14 16:31:18 - tczq_data - WARNING - 无法获取原始赔率值: record_id=10, field=half_win_full_draw
2026-04-14 16:31:18 - tczq_data - INFO - ✓ 记录赔率变化: tczq_ht_ft_odds.half_win_full_draw 0.000 -> 0.000 (diff=0.000)
2026-04-14 16:31:18 - tczq_data - WARNING - 无法获取原始赔率值: record_id=10, field=half_win_full_lose
2026-04-14 16:31:18 - tczq_data - INFO - ✓ 记录赔率变化: tczq_ht_ft_odds.half_win_full_lose 0.000 -> 0.000 (diff=0.000)
2026-04-14 16:31:18 - tczq_data - WARNING - 无法获取原始赔率值: record_id=10, field=half_draw_full_win
2026-04-14 16:31:18 - tczq_data - INFO - ✓ 记录赔率变化: tczq_ht_ft_odds.half_draw_full_win 0.000 -> 0.000 (diff=0.000)
2026-04-14 16:31:18 - tczq_data - WARNING - 无法获取原始赔率值: record_id=10, field=half_draw_full_lose
2026-04-14 16:31:18 - tczq_data - INFO - ✓ 记录赔率变化: tczq_ht_ft_odds.half_draw_full_lose 0.000 -> 0.000 (diff=0.000)
2026-04-14 16:31:18 - tczq_data - WARNING - 无法获取原始赔率值: record_id=10, field=half_lose_full_win
2026-04-14 16:31:18 - tczq_data - INFO - ✓ 记录赔率变化: tczq_ht_ft_odds.half_lose_full_win 0.000 -> 0.000 (diff=0.000)
2026-04-14 16:31:18 - tczq_data - WARNING - 无法获取原始赔率值: record_id=10, field=half_lose_full_draw
2026-04-14 16:31:18 - tczq_data - INFO - ✓ 记录赔率变化: tczq_ht_ft_odds.half_lose_full_draw 0.000 -> 0.000 (diff=0.000)
2026-04-14 16:31:18 - tczq_data - WARNING - 无法获取原始赔率值: record_id=10, field=half_lose_full_lose
2026-04-14 16:31:18 - tczq_data - INFO - ✓ 记录赔率变化: tczq_ht_ft_odds.half_lose_full_lose 0.000 -> 0.000 (diff=0.000)
2026-04-14 16:31:18 - tczq_data - WARNING - 无法获取原始赔率值: record_id=11, field=goal_0
2026-04-14 16:31:18 - tczq_data - INFO - ✓ 记录赔率变化: tczq_total_goal_odds.goal_0 0.000 -> 0.000 (diff=0.000)
2026-04-14 16:31:18 - tczq_data - WARNING - 无法获取原始赔率值: record_id=11, field=goal_1
2026-04-14 16:31:18 - tczq_data - INFO - ✓ 记录赔率变化: tczq_total_goal_odds.goal_1 0.000 -> 0.000 (diff=0.000)
2026-04-14 16:31:18 - tczq_data - WARNING - 无法获取原始赔率值: record_id=11, field=goal_2
2026-04-14 16:31:18 - tczq_data - INFO - ✓ 记录赔率变化: tczq_total_goal_odds.goal_2 0.000 -> 0.000 (diff=0.000)
2026-04-14 16:31:18 - tczq_data - WARNING - 无法获取原始赔率值: record_id=11, field=goal_3
2026-04-14 16:31:18 - tczq_data - INFO - ✓ 记录赔率变化: tczq_total_goal_odds.goal_3 0.000 -> 0.000 (diff=0.000)
2026-04-14 16:31:18 - tczq_data - WARNING - 无法获取原始赔率值: record_id=11, field=goal_4
2026-04-14 16:31:18 - tczq_data - INFO - ✓ 记录赔率变化: tczq_total_goal_odds.goal_4 0.000 -> 0.000 (diff=0.000)
2026-04-14 16:31:18 - tczq_data - WARNING - 无法获取原始赔率值: record_id=11, field=goal_5
2026-04-14 16:31:18 - tczq_data - INFO - ✓ 记录赔率变化: tczq_total_goal_odds.goal_5 0.000 -> 0.000 (diff=0.000)
2026-04-14 16:31:18 - tczq_data - WARNING - 无法获取原始赔率值: record_id=11, field=goal_6
2026-04-14 16:31:18 - tczq_data - INFO - ✓ 记录赔率变化: tczq_total_goal_odds.goal_6 0.000 -> 0.000 (diff=0.000)
2026-04-14 16:31:18 - tczq_data - WARNING - 无法获取原始赔率值: record_id=11, field=goal_about
2026-04-14 16:31:18 - tczq_data - INFO - ✓ 记录赔率变化: tczq_total_goal_odds.goal_about 0.000 -> 0.000 (diff=0.000)
2026-04-14 16:31:18 - tczq_data - WARNING - 无法获取原始赔率值: record_id=11, field=half_win_full_win
2026-04-14 16:31:18 - tczq_data - INFO - ✓ 记录赔率变化: tczq_ht_ft_odds.half_win_full_win 0.000 -> 0.000 (diff=0.000)
2026-04-14 16:31:18 - tczq_data - WARNING - 无法获取原始赔率值: record_id=11, field=half_win_full_draw
2026-04-14 16:31:18 - tczq_data - INFO - ✓ 记录赔率变化: tczq_ht_ft_odds.half_win_full_draw 0.000 -> 0.000 (diff=0.000)
2026-04-14 16:31:18 - tczq_data - WARNING - 无法获取原始赔率值: record_id=11, field=half_win_full_lose
2026-04-14 16:31:18 - tczq_data - INFO - ✓ 记录赔率变化: tczq_ht_ft_odds.half_win_full_lose 0.000 -> 0.000 (diff=0.000)
2026-04-14 16:31:18 - tczq_data - WARNING - 无法获取原始赔率值: record_id=11, field=half_draw_full_win
2026-04-14 16:31:18 - tczq_data - INFO - ✓ 记录赔率变化: tczq_ht_ft_odds.half_draw_full_win 0.000 -> 0.000 (diff=0.000)
2026-04-14 16:31:18 - tczq_data - WARNING - 无法获取原始赔率值: record_id=11, field=half_draw_full_lose
2026-04-14 16:31:18 - tczq_data - INFO - ✓ 记录赔率变化: tczq_ht_ft_odds.half_draw_full_lose 0.000 -> 0.000 (diff=0.000)
2026-04-14 16:31:18 - tczq_data - WARNING - 无法获取原始赔率值: record_id=11, field=half_lose_full_win
2026-04-14 16:31:18 - tczq_data - INFO - ✓ 记录赔率变化: tczq_ht_ft_odds.half_lose_full_win 0.000 -> 0.000 (diff=0.000)
2026-04-14 16:31:18 - tczq_data - WARNING - 无法获取原始赔率值: record_id=11, field=half_lose_full_draw
2026-04-14 16:31:18 - tczq_data - INFO - ✓ 记录赔率变化: tczq_ht_ft_odds.half_lose_full_draw 0.000 -> 0.000 (diff=0.000)
2026-04-14 16:31:18 - tczq_data - WARNING - 无法获取原始赔率值: record_id=11, field=half_lose_full_lose
2026-04-14 16:31:18 - tczq_data - INFO - ✓ 记录赔率变化: tczq_ht_ft_odds.half_lose_full_lose 0.000 -> 0.000 (diff=0.000)
2026-04-14 16:31:18 - tczq_data - WARNING - 无法获取原始赔率值: record_id=12, field=goal_0
2026-04-14 16:31:18 - tczq_data - INFO - ✓ 记录赔率变化: tczq_total_goal_odds.goal_0 0.000 -> 0.000 (diff=0.000)
2026-04-14 16:31:18 - tczq_data - WARNING - 无法获取原始赔率值: record_id=12, field=goal_1
2026-04-14 16:31:18 - tczq_data - INFO - ✓ 记录赔率变化: tczq_total_goal_odds.goal_1 0.000 -> 0.000 (diff=0.000)
2026-04-14 16:31:18 - tczq_data - WARNING - 无法获取原始赔率值: record_id=12, field=goal_2
2026-04-14 16:31:18 - tczq_data - INFO - ✓ 记录赔率变化: tczq_total_goal_odds.goal_2 0.000 -> 0.000 (diff=0.000)
2026-04-14 16:31:18 - tczq_data - WARNING - 无法获取原始赔率值: record_id=12, field=goal_3
2026-04-14 16:31:18 - tczq_data - INFO - ✓ 记录赔率变化: tczq_total_goal_odds.goal_3 0.000 -> 0.000 (diff=0.000)
2026-04-14 16:31:18 - tczq_data - WARNING - 无法获取原始赔率值: record_id=12, field=goal_4
2026-04-14 16:31:18 - tczq_data - INFO - ✓ 记录赔率变化: tczq_total_goal_odds.goal_4 0.000 -> 0.000 (diff=0.000)
2026-04-14 16:31:18 - tczq_data - WARNING - 无法获取原始赔率值: record_id=12, field=goal_5
2026-04-14 16:31:18 - tczq_data - INFO - ✓ 记录赔率变化: tczq_total_goal_odds.goal_5 0.000 -> 0.000 (diff=0.000)
2026-04-14 16:31:18 - tczq_data - WARNING - 无法获取原始赔率值: record_id=12, field=goal_6
2026-04-14 16:31:18 - tczq_data - INFO - ✓ 记录赔率变化: tczq_total_goal_odds.goal_6 0.000 -> 0.000 (diff=0.000)
2026-04-14 16:31:18 - tczq_data - WARNING - 无法获取原始赔率值: record_id=12, field=goal_about
2026-04-14 16:31:18 - tczq_data - INFO - ✓ 记录赔率变化: tczq_total_goal_odds.goal_about 0.000 -> 0.000 (diff=0.000)
2026-04-14 16:31:18 - tczq_data - WARNING - 无法获取原始赔率值: record_id=12, field=half_win_full_win
2026-04-14 16:31:18 - tczq_data - INFO - ✓ 记录赔率变化: tczq_ht_ft_odds.half_win_full_win 0.000 -> 0.000 (diff=0.000)
2026-04-14 16:31:18 - tczq_data - WARNING - 无法获取原始赔率值: record_id=12, field=half_win_full_draw
2026-04-14 16:31:18 - tczq_data - INFO - ✓ 记录赔率变化: tczq_ht_ft_odds.half_win_full_draw 0.000 -> 0.000 (diff=0.000)
2026-04-14 16:31:18 - tczq_data - WARNING - 无法获取原始赔率值: record_id=12, field=half_win_full_lose
2026-04-14 16:31:18 - tczq_data - INFO - ✓ 记录赔率变化: tczq_ht_ft_odds.half_win_full_lose 0.000 -> 0.000 (diff=0.000)
2026-04-14 16:31:18 - tczq_data - WARNING - 无法获取原始赔率值: record_id=12, field=half_draw_full_win
2026-04-14 16:31:18 - tczq_data - INFO - ✓ 记录赔率变化: tczq_ht_ft_odds.half_draw_full_win 0.000 -> 0.000 (diff=0.000)
2026-04-14 16:31:18 - tczq_data - WARNING - 无法获取原始赔率值: record_id=12, field=half_draw_full_lose
2026-04-14 16:31:18 - tczq_data - INFO - ✓ 记录赔率变化: tczq_ht_ft_odds.half_draw_full_lose 0.000 -> 0.000 (diff=0.000)
2026-04-14 16:31:18 - tczq_data - WARNING - 无法获取原始赔率值: record_id=12, field=half_lose_full_win
2026-04-14 16:31:19 - tczq_data - INFO - ✓ 记录赔率变化: tczq_ht_ft_odds.half_lose_full_win 0.000 -> 0.000 (diff=0.000)
2026-04-14 16:31:19 - tczq_data - WARNING - 无法获取原始赔率值: record_id=12, field=half_lose_full_draw
2026-04-14 16:31:19 - tczq_data - INFO - ✓ 记录赔率变化: tczq_ht_ft_odds.half_lose_full_draw 0.000 -> 0.000 (diff=0.000)
2026-04-14 16:31:19 - tczq_data - WARNING - 无法获取原始赔率值: record_id=12, field=half_lose_full_lose
2026-04-14 16:31:19 - tczq_data - INFO - ✓ 记录赔率变化: tczq_ht_ft_odds.half_lose_full_lose 0.000 -> 0.000 (diff=0.000)
2026-04-14 16:31:19 - tczq_data - INFO - 赔率数据处理完成
2026-04-14 16:32:11 - tczq_data - INFO - 开始处理 5 个联赛信息
2026-04-14 16:51:26 - tczq_data - INFO - 开始处理 5 个联赛信息
2026-04-14 16:51:26 - tczq_data - INFO - 联赛信息处理完成，共处理 5 个联赛
2026-04-14 16:52:00 - tczq_data - INFO - 开始处理 5 个联赛信息
2026-04-14 16:52:00 - tczq_data - INFO - 联赛信息处理完成，共处理 5 个联赛
2026-04-14 16:52:08 - tczq_data - INFO - 开始获取当前比赛数据（带赔率）...
2026-04-14 16:52:08 - tczq_data - INFO - 共获取 12 场比赛
2026-04-14 16:52:08 - tczq_data - INFO - 开始处理 5 个联赛信息
2026-04-14 16:52:08 - tczq_data - INFO - 联赛信息处理完成，共处理 5 个联赛
2026-04-14 16:52:08 - tczq_data - INFO - 联赛数据处理完成，共 5 个联赛
2026-04-14 16:52:09 - tczq_data - INFO - 成功保存 12 条比赛记录
2026-04-14 16:52:09 - tczq_data - INFO - 开始处理 12 条赔率数据
2026-04-14 16:52:09 - tczq_data - WARNING - 无法获取原始赔率值: record_id=1, field=goal_0
2026-04-14 16:52:09 - tczq_data - INFO - ✓ 记录赔率变化: tczq_total_goal_odds.goal_0 0.000 -> 0.000 (diff=0.000)
2026-04-14 16:52:09 - tczq_data - WARNING - 无法获取原始赔率值: record_id=1, field=goal_1
2026-04-14 16:52:09 - tczq_data - INFO - ✓ 记录赔率变化: tczq_total_goal_odds.goal_1 0.000 -> 0.000 (diff=0.000)
2026-04-14 16:52:09 - tczq_data - WARNING - 无法获取原始赔率值: record_id=1, field=goal_2
2026-04-14 16:52:09 - tczq_data - INFO - ✓ 记录赔率变化: tczq_total_goal_odds.goal_2 0.000 -> 0.000 (diff=0.000)
2026-04-14 16:52:09 - tczq_data - WARNING - 无法获取原始赔率值: record_id=1, field=goal_3
2026-04-14 16:52:09 - tczq_data - INFO - ✓ 记录赔率变化: tczq_total_goal_odds.goal_3 0.000 -> 0.000 (diff=0.000)
2026-04-14 16:52:09 - tczq_data - WARNING - 无法获取原始赔率值: record_id=1, field=goal_4
2026-04-14 16:52:09 - tczq_data - INFO - ✓ 记录赔率变化: tczq_total_goal_odds.goal_4 0.000 -> 0.000 (diff=0.000)
2026-04-14 16:52:09 - tczq_data - WARNING - 无法获取原始赔率值: record_id=1, field=goal_5
2026-04-14 16:52:09 - tczq_data - INFO - ✓ 记录赔率变化: tczq_total_goal_odds.goal_5 0.000 -> 0.000 (diff=0.000)
2026-04-14 16:52:09 - tczq_data - WARNING - 无法获取原始赔率值: record_id=1, field=goal_6
2026-04-14 16:52:09 - tczq_data - INFO - ✓ 记录赔率变化: tczq_total_goal_odds.goal_6 0.000 -> 0.000 (diff=0.000)
2026-04-14 16:52:09 - tczq_data - WARNING - 无法获取原始赔率值: record_id=1, field=goal_about
2026-04-14 16:52:09 - tczq_data - INFO - ✓ 记录赔率变化: tczq_total_goal_odds.goal_about 0.000 -> 0.000 (diff=0.000)
2026-04-14 16:52:09 - tczq_data - WARNING - 无法获取原始赔率值: record_id=1, field=half_win_full_win
2026-04-14 16:52:09 - tczq_data - INFO - ✓ 记录赔率变化: tczq_ht_ft_odds.half_win_full_win 0.000 -> 0.000 (diff=0.000)
2026-04-14 16:52:09 - tczq_data - WARNING - 无法获取原始赔率值: record_id=1, field=half_win_full_draw
2026-04-14 16:52:09 - tczq_data - INFO - ✓ 记录赔率变化: tczq_ht_ft_odds.half_win_full_draw 0.000 -> 0.000 (diff=0.000)
2026-04-14 16:52:09 - tczq_data - WARNING - 无法获取原始赔率值: record_id=1, field=half_win_full_lose
2026-04-14 16:52:09 - tczq_data - INFO - ✓ 记录赔率变化: tczq_ht_ft_odds.half_win_full_lose 0.000 -> 0.000 (diff=0.000)
2026-04-14 16:52:09 - tczq_data - WARNING - 无法获取原始赔率值: record_id=1, field=half_draw_full_win
2026-04-14 16:52:09 - tczq_data - INFO - ✓ 记录赔率变化: tczq_ht_ft_odds.half_draw_full_win 0.000 -> 0.000 (diff=0.000)
2026-04-14 16:52:09 - tczq_data - WARNING - 无法获取原始赔率值: record_id=1, field=half_draw_full_lose
2026-04-14 16:52:09 - tczq_data - INFO - ✓ 记录赔率变化: tczq_ht_ft_odds.half_draw_full_lose 0.000 -> 0.000 (diff=0.000)
2026-04-14 16:52:09 - tczq_data - WARNING - 无法获取原始赔率值: record_id=1, field=half_lose_full_win
2026-04-14 16:52:09 - tczq_data - INFO - ✓ 记录赔率变化: tczq_ht_ft_odds.half_lose_full_win 0.000 -> 0.000 (diff=0.000)
2026-04-14 16:52:09 - tczq_data - WARNING - 无法获取原始赔率值: record_id=1, field=half_lose_full_draw
2026-04-14 16:52:09 - tczq_data - INFO - ✓ 记录赔率变化: tczq_ht_ft_odds.half_lose_full_draw 0.000 -> 0.000 (diff=0.000)
2026-04-14 16:52:09 - tczq_data - WARNING - 无法获取原始赔率值: record_id=1, field=half_lose_full_lose
2026-04-14 16:52:09 - tczq_data - INFO - ✓ 记录赔率变化: tczq_ht_ft_odds.half_lose_full_lose 0.000 -> 0.000 (diff=0.000)
2026-04-14 16:52:09 - tczq_data - WARNING - 无法获取原始赔率值: record_id=2, field=goal_0
2026-04-14 16:52:09 - tczq_data - INFO - ✓ 记录赔率变化: tczq_total_goal_odds.goal_0 0.000 -> 0.000 (diff=0.000)
2026-04-14 16:52:09 - tczq_data - WARNING - 无法获取原始赔率值: record_id=2, field=goal_1
2026-04-14 16:52:09 - tczq_data - INFO - ✓ 记录赔率变化: tczq_total_goal_odds.goal_1 0.000 -> 0.000 (diff=0.000)
2026-04-14 16:52:09 - tczq_data - WARNING - 无法获取原始赔率值: record_id=2, field=goal_2
2026-04-14 16:52:09 - tczq_data - INFO - ✓ 记录赔率变化: tczq_total_goal_odds.goal_2 0.000 -> 0.000 (diff=0.000)
2026-04-14 16:52:09 - tczq_data - WARNING - 无法获取原始赔率值: record_id=2, field=goal_3
2026-04-14 16:52:09 - tczq_data - INFO - ✓ 记录赔率变化: tczq_total_goal_odds.goal_3 0.000 -> 0.000 (diff=0.000)
2026-04-14 16:52:09 - tczq_data - WARNING - 无法获取原始赔率值: record_id=2, field=goal_4
2026-04-14 16:52:09 - tczq_data - INFO - ✓ 记录赔率变化: tczq_total_goal_odds.goal_4 0.000 -> 0.000 (diff=0.000)
2026-04-14 16:52:09 - tczq_data - WARNING - 无法获取原始赔率值: record_id=2, field=goal_5
2026-04-14 16:52:09 - tczq_data - INFO - ✓ 记录赔率变化: tczq_total_goal_odds.goal_5 0.000 -> 0.000 (diff=0.000)
2026-04-14 16:52:09 - tczq_data - WARNING - 无法获取原始赔率值: record_id=2, field=goal_6
2026-04-14 16:52:09 - tczq_data - INFO - ✓ 记录赔率变化: tczq_total_goal_odds.goal_6 0.000 -> 0.000 (diff=0.000)
2026-04-14 16:52:09 - tczq_data - WARNING - 无法获取原始赔率值: record_id=2, field=goal_about
2026-04-14 16:52:09 - tczq_data - INFO - ✓ 记录赔率变化: tczq_total_goal_odds.goal_about 0.000 -> 0.000 (diff=0.000)
2026-04-14 16:52:09 - tczq_data - WARNING - 无法获取原始赔率值: record_id=2, field=half_win_full_win
2026-04-14 16:52:09 - tczq_data - INFO - ✓ 记录赔率变化: tczq_ht_ft_odds.half_win_full_win 0.000 -> 0.000 (diff=0.000)
2026-04-14 16:52:09 - tczq_data - WARNING - 无法获取原始赔率值: record_id=2, field=half_win_full_draw
2026-04-14 16:52:09 - tczq_data - INFO - ✓ 记录赔率变化: tczq_ht_ft_odds.half_win_full_draw 0.000 -> 0.000 (diff=0.000)
2026-04-14 16:52:09 - tczq_data - WARNING - 无法获取原始赔率值: record_id=2, field=half_win_full_lose
2026-04-14 16:52:09 - tczq_data - INFO - ✓ 记录赔率变化: tczq_ht_ft_odds.half_win_full_lose 0.000 -> 0.000 (diff=0.000)
2026-04-14 16:52:09 - tczq_data - WARNING - 无法获取原始赔率值: record_id=2, field=half_draw_full_win
2026-04-14 16:52:09 - tczq_data - INFO - ✓ 记录赔率变化: tczq_ht_ft_odds.half_draw_full_win 0.000 -> 0.000 (diff=0.000)
2026-04-14 16:52:09 - tczq_data - WARNING - 无法获取原始赔率值: record_id=2, field=half_draw_full_lose
2026-04-14 16:52:09 - tczq_data - INFO - ✓ 记录赔率变化: tczq_ht_ft_odds.half_draw_full_lose 0.000 -> 0.000 (diff=0.000)
2026-04-14 16:52:09 - tczq_data - WARNING - 无法获取原始赔率值: record_id=2, field=half_lose_full_win
2026-04-14 16:52:09 - tczq_data - INFO - ✓ 记录赔率变化: tczq_ht_ft_odds.half_lose_full_win 0.000 -> 0.000 (diff=0.000)
2026-04-14 16:52:09 - tczq_data - WARNING - 无法获取原始赔率值: record_id=2, field=half_lose_full_draw
2026-04-14 16:52:09 - tczq_data - INFO - ✓ 记录赔率变化: tczq_ht_ft_odds.half_lose_full_draw 0.000 -> 0.000 (diff=0.000)
2026-04-14 16:52:09 - tczq_data - WARNING - 无法获取原始赔率值: record_id=2, field=half_lose_full_lose
2026-04-14 16:52:09 - tczq_data - INFO - ✓ 记录赔率变化: tczq_ht_ft_odds.half_lose_full_lose 0.000 -> 0.000 (diff=0.000)
2026-04-14 16:52:09 - tczq_data - WARNING - 无法获取原始赔率值: record_id=3, field=goal_0
2026-04-14 16:52:09 - tczq_data - INFO - ✓ 记录赔率变化: tczq_total_goal_odds.goal_0 0.000 -> 0.000 (diff=0.000)
2026-04-14 16:52:09 - tczq_data - WARNING - 无法获取原始赔率值: record_id=3, field=goal_1
2026-04-14 16:52:09 - tczq_data - INFO - ✓ 记录赔率变化: tczq_total_goal_odds.goal_1 0.000 -> 0.000 (diff=0.000)
2026-04-14 16:52:09 - tczq_data - WARNING - 无法获取原始赔率值: record_id=3, field=goal_2
2026-04-14 16:52:09 - tczq_data - INFO - ✓ 记录赔率变化: tczq_total_goal_odds.goal_2 0.000 -> 0.000 (diff=0.000)
2026-04-14 16:52:09 - tczq_data - WARNING - 无法获取原始赔率值: record_id=3, field=goal_3
2026-04-14 16:52:09 - tczq_data - INFO - ✓ 记录赔率变化: tczq_total_goal_odds.goal_3 0.000 -> 0.000 (diff=0.000)
2026-04-14 16:52:09 - tczq_data - WARNING - 无法获取原始赔率值: record_id=3, field=goal_4
2026-04-14 16:52:09 - tczq_data - INFO - ✓ 记录赔率变化: tczq_total_goal_odds.goal_4 0.000 -> 0.000 (diff=0.000)
2026-04-14 16:52:09 - tczq_data - WARNING - 无法获取原始赔率值: record_id=3, field=goal_5
2026-04-14 16:52:09 - tczq_data - INFO - ✓ 记录赔率变化: tczq_total_goal_odds.goal_5 0.000 -> 0.000 (diff=0.000)
2026-04-14 16:52:09 - tczq_data - WARNING - 无法获取原始赔率值: record_id=3, field=goal_6
2026-04-14 16:52:09 - tczq_data - INFO - ✓ 记录赔率变化: tczq_total_goal_odds.goal_6 0.000 -> 0.000 (diff=0.000)
2026-04-14 16:52:09 - tczq_data - WARNING - 无法获取原始赔率值: record_id=3, field=goal_about
2026-04-14 16:52:09 - tczq_data - INFO - ✓ 记录赔率变化: tczq_total_goal_odds.goal_about 0.000 -> 0.000 (diff=0.000)
2026-04-14 16:52:09 - tczq_data - WARNING - 无法获取原始赔率值: record_id=3, field=half_win_full_win
2026-04-14 16:52:09 - tczq_data - INFO - ✓ 记录赔率变化: tczq_ht_ft_odds.half_win_full_win 0.000 -> 0.000 (diff=0.000)
2026-04-14 16:52:09 - tczq_data - WARNING - 无法获取原始赔率值: record_id=3, field=half_win_full_draw
2026-04-14 16:52:09 - tczq_data - INFO - ✓ 记录赔率变化: tczq_ht_ft_odds.half_win_full_draw 0.000 -> 0.000 (diff=0.000)
2026-04-14 16:52:09 - tczq_data - WARNING - 无法获取原始赔率值: record_id=3, field=half_win_full_lose
2026-04-14 16:52:09 - tczq_data - INFO - ✓ 记录赔率变化: tczq_ht_ft_odds.half_win_full_lose 0.000 -> 0.000 (diff=0.000)
2026-04-14 16:52:09 - tczq_data - WARNING - 无法获取原始赔率值: record_id=3, field=half_draw_full_win
2026-04-14 16:52:09 - tczq_data - INFO - ✓ 记录赔率变化: tczq_ht_ft_odds.half_draw_full_win 0.000 -> 0.000 (diff=0.000)
2026-04-14 16:52:09 - tczq_data - WARNING - 无法获取原始赔率值: record_id=3, field=half_draw_full_lose
2026-04-14 16:52:09 - tczq_data - INFO - ✓ 记录赔率变化: tczq_ht_ft_odds.half_draw_full_lose 0.000 -> 0.000 (diff=0.000)
2026-04-14 16:52:09 - tczq_data - WARNING - 无法获取原始赔率值: record_id=3, field=half_lose_full_win
2026-04-14 16:52:09 - tczq_data - INFO - ✓ 记录赔率变化: tczq_ht_ft_odds.half_lose_full_win 0.000 -> 0.000 (diff=0.000)
2026-04-14 16:52:09 - tczq_data - WARNING - 无法获取原始赔率值: record_id=3, field=half_lose_full_draw
2026-04-14 16:52:09 - tczq_data - INFO - ✓ 记录赔率变化: tczq_ht_ft_odds.half_lose_full_draw 0.000 -> 0.000 (diff=0.000)
2026-04-14 16:52:09 - tczq_data - WARNING - 无法获取原始赔率值: record_id=3, field=half_lose_full_lose
2026-04-14 16:52:09 - tczq_data - INFO - ✓ 记录赔率变化: tczq_ht_ft_odds.half_lose_full_lose 0.000 -> 0.000 (diff=0.000)
2026-04-14 16:52:09 - tczq_data - WARNING - 无法获取原始赔率值: record_id=4, field=goal_0
2026-04-14 16:52:09 - tczq_data - INFO - ✓ 记录赔率变化: tczq_total_goal_odds.goal_0 0.000 -> 0.000 (diff=0.000)
2026-04-14 16:52:09 - tczq_data - WARNING - 无法获取原始赔率值: record_id=4, field=goal_1
2026-04-14 16:52:09 - tczq_data - INFO - ✓ 记录赔率变化: tczq_total_goal_odds.goal_1 0.000 -> 0.000 (diff=0.000)
2026-04-14 16:52:09 - tczq_data - WARNING - 无法获取原始赔率值: record_id=4, field=goal_2
2026-04-14 16:52:09 - tczq_data - INFO - ✓ 记录赔率变化: tczq_total_goal_odds.goal_2 0.000 -> 0.000 (diff=0.000)
2026-04-14 16:52:09 - tczq_data - WARNING - 无法获取原始赔率值: record_id=4, field=goal_3
2026-04-14 16:52:09 - tczq_data - INFO - ✓ 记录赔率变化: tczq_total_goal_odds.goal_3 0.000 -> 0.000 (diff=0.000)
2026-04-14 16:52:09 - tczq_data - WARNING - 无法获取原始赔率值: record_id=4, field=goal_4
2026-04-14 16:52:09 - tczq_data - INFO - ✓ 记录赔率变化: tczq_total_goal_odds.goal_4 0.000 -> 0.000 (diff=0.000)
2026-04-14 16:52:09 - tczq_data - WARNING - 无法获取原始赔率值: record_id=4, field=goal_5
2026-04-14 16:52:09 - tczq_data - INFO - ✓ 记录赔率变化: tczq_total_goal_odds.goal_5 0.000 -> 0.000 (diff=0.000)
2026-04-14 16:52:09 - tczq_data - WARNING - 无法获取原始赔率值: record_id=4, field=goal_6
2026-04-14 16:52:09 - tczq_data - INFO - ✓ 记录赔率变化: tczq_total_goal_odds.goal_6 0.000 -> 0.000 (diff=0.000)
2026-04-14 16:52:09 - tczq_data - WARNING - 无法获取原始赔率值: record_id=4, field=goal_about
2026-04-14 16:52:09 - tczq_data - INFO - ✓ 记录赔率变化: tczq_total_goal_odds.goal_about 0.000 -> 0.000 (diff=0.000)
2026-04-14 16:52:09 - tczq_data - WARNING - 无法获取原始赔率值: record_id=4, field=half_win_full_win
2026-04-14 16:52:09 - tczq_data - INFO - ✓ 记录赔率变化: tczq_ht_ft_odds.half_win_full_win 0.000 -> 0.000 (diff=0.000)
2026-04-14 16:52:10 - tczq_data - WARNING - 无法获取原始赔率值: record_id=4, field=half_win_full_draw
2026-04-14 16:52:10 - tczq_data - INFO - ✓ 记录赔率变化: tczq_ht_ft_odds.half_win_full_draw 0.000 -> 0.000 (diff=0.000)
2026-04-14 16:52:10 - tczq_data - WARNING - 无法获取原始赔率值: record_id=4, field=half_win_full_lose
2026-04-14 16:52:10 - tczq_data - INFO - ✓ 记录赔率变化: tczq_ht_ft_odds.half_win_full_lose 0.000 -> 0.000 (diff=0.000)
2026-04-14 16:52:10 - tczq_data - WARNING - 无法获取原始赔率值: record_id=4, field=half_draw_full_win
2026-04-14 16:52:10 - tczq_data - INFO - ✓ 记录赔率变化: tczq_ht_ft_odds.half_draw_full_win 0.000 -> 0.000 (diff=0.000)
2026-04-14 16:52:10 - tczq_data - WARNING - 无法获取原始赔率值: record_id=4, field=half_draw_full_lose
2026-04-14 16:52:10 - tczq_data - INFO - ✓ 记录赔率变化: tczq_ht_ft_odds.half_draw_full_lose 0.000 -> 0.000 (diff=0.000)
2026-04-14 16:52:10 - tczq_data - WARNING - 无法获取原始赔率值: record_id=4, field=half_lose_full_win
2026-04-14 16:52:10 - tczq_data - INFO - ✓ 记录赔率变化: tczq_ht_ft_odds.half_lose_full_win 0.000 -> 0.000 (diff=0.000)
2026-04-14 16:52:10 - tczq_data - WARNING - 无法获取原始赔率值: record_id=4, field=half_lose_full_draw
2026-04-14 16:52:10 - tczq_data - INFO - ✓ 记录赔率变化: tczq_ht_ft_odds.half_lose_full_draw 0.000 -> 0.000 (diff=0.000)
2026-04-14 16:52:10 - tczq_data - WARNING - 无法获取原始赔率值: record_id=4, field=half_lose_full_lose
2026-04-14 16:52:10 - tczq_data - INFO - ✓ 记录赔率变化: tczq_ht_ft_odds.half_lose_full_lose 0.000 -> 0.000 (diff=0.000)
2026-04-14 16:52:10 - tczq_data - INFO - ✓ 记录赔率变化: tczq_spf_odds.draw_pl 3.300 -> 3.350 (diff=0.050)
2026-04-14 16:52:10 - tczq_data - INFO - ✓ 记录赔率变化: tczq_handicap_spf_odds.lose_pl 3.600 -> 3.500 (diff=0.100)
2026-04-14 16:52:10 - tczq_data - WARNING - 无法获取原始赔率值: record_id=5, field=goal_0
2026-04-14 16:52:10 - tczq_data - INFO - ✓ 记录赔率变化: tczq_total_goal_odds.goal_0 0.000 -> 0.000 (diff=0.000)
2026-04-14 16:52:10 - tczq_data - WARNING - 无法获取原始赔率值: record_id=5, field=goal_1
2026-04-14 16:52:10 - tczq_data - INFO - ✓ 记录赔率变化: tczq_total_goal_odds.goal_1 0.000 -> 0.000 (diff=0.000)
2026-04-14 16:52:10 - tczq_data - WARNING - 无法获取原始赔率值: record_id=5, field=goal_2
2026-04-14 16:52:10 - tczq_data - INFO - ✓ 记录赔率变化: tczq_total_goal_odds.goal_2 0.000 -> 0.000 (diff=0.000)
2026-04-14 16:52:10 - tczq_data - WARNING - 无法获取原始赔率值: record_id=5, field=goal_3
2026-04-14 16:52:10 - tczq_data - INFO - ✓ 记录赔率变化: tczq_total_goal_odds.goal_3 0.000 -> 0.000 (diff=0.000)
2026-04-14 16:52:10 - tczq_data - WARNING - 无法获取原始赔率值: record_id=5, field=goal_4
2026-04-14 16:52:10 - tczq_data - INFO - ✓ 记录赔率变化: tczq_total_goal_odds.goal_4 0.000 -> 0.000 (diff=0.000)
2026-04-14 16:52:10 - tczq_data - WARNING - 无法获取原始赔率值: record_id=5, field=goal_5
2026-04-14 16:52:10 - tczq_data - INFO - ✓ 记录赔率变化: tczq_total_goal_odds.goal_5 0.000 -> 0.000 (diff=0.000)
2026-04-14 16:52:10 - tczq_data - WARNING - 无法获取原始赔率值: record_id=5, field=goal_6
2026-04-14 16:52:10 - tczq_data - INFO - ✓ 记录赔率变化: tczq_total_goal_odds.goal_6 0.000 -> 0.000 (diff=0.000)
2026-04-14 16:52:10 - tczq_data - WARNING - 无法获取原始赔率值: record_id=5, field=goal_about
2026-04-14 16:52:10 - tczq_data - INFO - ✓ 记录赔率变化: tczq_total_goal_odds.goal_about 0.000 -> 0.000 (diff=0.000)
2026-04-14 16:52:10 - tczq_data - WARNING - 无法获取原始赔率值: record_id=5, field=half_win_full_win
2026-04-14 16:52:10 - tczq_data - INFO - ✓ 记录赔率变化: tczq_ht_ft_odds.half_win_full_win 0.000 -> 0.000 (diff=0.000)
2026-04-14 16:52:10 - tczq_data - WARNING - 无法获取原始赔率值: record_id=5, field=half_win_full_draw
2026-04-14 16:52:10 - tczq_data - INFO - ✓ 记录赔率变化: tczq_ht_ft_odds.half_win_full_draw 0.000 -> 0.000 (diff=0.000)
2026-04-14 16:52:10 - tczq_data - WARNING - 无法获取原始赔率值: record_id=5, field=half_win_full_lose
2026-04-14 16:52:10 - tczq_data - INFO - ✓ 记录赔率变化: tczq_ht_ft_odds.half_win_full_lose 0.000 -> 0.000 (diff=0.000)
2026-04-14 16:52:10 - tczq_data - WARNING - 无法获取原始赔率值: record_id=5, field=half_draw_full_win
2026-04-14 16:52:10 - tczq_data - INFO - ✓ 记录赔率变化: tczq_ht_ft_odds.half_draw_full_win 0.000 -> 0.000 (diff=0.000)
2026-04-14 16:52:10 - tczq_data - WARNING - 无法获取原始赔率值: record_id=5, field=half_draw_full_lose
2026-04-14 16:52:10 - tczq_data - INFO - ✓ 记录赔率变化: tczq_ht_ft_odds.half_draw_full_lose 0.000 -> 0.000 (diff=0.000)
2026-04-14 16:52:10 - tczq_data - WARNING - 无法获取原始赔率值: record_id=5, field=half_lose_full_win
2026-04-14 16:52:10 - tczq_data - INFO - ✓ 记录赔率变化: tczq_ht_ft_odds.half_lose_full_win 0.000 -> 0.000 (diff=0.000)
2026-04-14 16:52:10 - tczq_data - WARNING - 无法获取原始赔率值: record_id=5, field=half_lose_full_draw
2026-04-14 16:52:10 - tczq_data - INFO - ✓ 记录赔率变化: tczq_ht_ft_odds.half_lose_full_draw 0.000 -> 0.000 (diff=0.000)
2026-04-14 16:52:10 - tczq_data - WARNING - 无法获取原始赔率值: record_id=5, field=half_lose_full_lose
2026-04-14 16:52:10 - tczq_data - INFO - ✓ 记录赔率变化: tczq_ht_ft_odds.half_lose_full_lose 0.000 -> 0.000 (diff=0.000)
2026-04-14 16:52:10 - tczq_data - WARNING - 无法获取原始赔率值: record_id=6, field=goal_0
2026-04-14 16:52:10 - tczq_data - INFO - ✓ 记录赔率变化: tczq_total_goal_odds.goal_0 0.000 -> 0.000 (diff=0.000)
2026-04-14 16:52:10 - tczq_data - WARNING - 无法获取原始赔率值: record_id=6, field=goal_1
2026-04-14 16:52:10 - tczq_data - INFO - ✓ 记录赔率变化: tczq_total_goal_odds.goal_1 0.000 -> 0.000 (diff=0.000)
2026-04-14 16:52:10 - tczq_data - WARNING - 无法获取原始赔率值: record_id=6, field=goal_2
2026-04-14 16:52:10 - tczq_data - INFO - ✓ 记录赔率变化: tczq_total_goal_odds.goal_2 0.000 -> 0.000 (diff=0.000)
2026-04-14 16:52:10 - tczq_data - WARNING - 无法获取原始赔率值: record_id=6, field=goal_3
2026-04-14 16:52:10 - tczq_data - INFO - ✓ 记录赔率变化: tczq_total_goal_odds.goal_3 0.000 -> 0.000 (diff=0.000)
2026-04-14 16:52:10 - tczq_data - WARNING - 无法获取原始赔率值: record_id=6, field=goal_4
2026-04-14 16:52:10 - tczq_data - INFO - ✓ 记录赔率变化: tczq_total_goal_odds.goal_4 0.000 -> 0.000 (diff=0.000)
2026-04-14 16:52:10 - tczq_data - WARNING - 无法获取原始赔率值: record_id=6, field=goal_5
2026-04-14 16:52:10 - tczq_data - INFO - ✓ 记录赔率变化: tczq_total_goal_odds.goal_5 0.000 -> 0.000 (diff=0.000)
2026-04-14 16:52:10 - tczq_data - WARNING - 无法获取原始赔率值: record_id=6, field=goal_6
2026-04-14 16:52:10 - tczq_data - INFO - ✓ 记录赔率变化: tczq_total_goal_odds.goal_6 0.000 -> 0.000 (diff=0.000)
2026-04-14 16:52:10 - tczq_data - WARNING - 无法获取原始赔率值: record_id=6, field=goal_about
2026-04-14 16:52:10 - tczq_data - INFO - ✓ 记录赔率变化: tczq_total_goal_odds.goal_about 0.000 -> 0.000 (diff=0.000)
2026-04-14 16:52:10 - tczq_data - WARNING - 无法获取原始赔率值: record_id=6, field=half_win_full_win
2026-04-14 16:52:10 - tczq_data - INFO - ✓ 记录赔率变化: tczq_ht_ft_odds.half_win_full_win 0.000 -> 0.000 (diff=0.000)
2026-04-14 16:52:10 - tczq_data - WARNING - 无法获取原始赔率值: record_id=6, field=half_win_full_draw
2026-04-14 16:52:10 - tczq_data - INFO - ✓ 记录赔率变化: tczq_ht_ft_odds.half_win_full_draw 0.000 -> 0.000 (diff=0.000)
2026-04-14 16:52:10 - tczq_data - WARNING - 无法获取原始赔率值: record_id=6, field=half_win_full_lose
2026-04-14 16:52:10 - tczq_data - INFO - ✓ 记录赔率变化: tczq_ht_ft_odds.half_win_full_lose 0.000 -> 0.000 (diff=0.000)
2026-04-14 16:52:10 - tczq_data - WARNING - 无法获取原始赔率值: record_id=6, field=half_draw_full_win
2026-04-14 16:52:10 - tczq_data - INFO - ✓ 记录赔率变化: tczq_ht_ft_odds.half_draw_full_win 0.000 -> 0.000 (diff=0.000)
2026-04-14 16:52:10 - tczq_data - WARNING - 无法获取原始赔率值: record_id=6, field=half_draw_full_lose
2026-04-14 16:52:10 - tczq_data - INFO - ✓ 记录赔率变化: tczq_ht_ft_odds.half_draw_full_lose 0.000 -> 0.000 (diff=0.000)
2026-04-14 16:52:10 - tczq_data - WARNING - 无法获取原始赔率值: record_id=6, field=half_lose_full_win
2026-04-14 16:52:10 - tczq_data - INFO - ✓ 记录赔率变化: tczq_ht_ft_odds.half_lose_full_win 0.000 -> 0.000 (diff=0.000)
2026-04-14 16:52:10 - tczq_data - WARNING - 无法获取原始赔率值: record_id=6, field=half_lose_full_draw
2026-04-14 16:52:10 - tczq_data - INFO - ✓ 记录赔率变化: tczq_ht_ft_odds.half_lose_full_draw 0.000 -> 0.000 (diff=0.000)
2026-04-14 16:52:10 - tczq_data - WARNING - 无法获取原始赔率值: record_id=6, field=half_lose_full_lose
2026-04-14 16:52:10 - tczq_data - INFO - ✓ 记录赔率变化: tczq_ht_ft_odds.half_lose_full_lose 0.000 -> 0.000 (diff=0.000)
2026-04-14 16:52:10 - tczq_data - INFO - ✓ 记录赔率变化: tczq_spf_odds.lose_pl 3.950 -> 4.100 (diff=0.150)
2026-04-14 16:52:10 - tczq_data - INFO - ✓ 记录赔率变化: tczq_handicap_spf_odds.win_pl 3.450 -> 3.300 (diff=0.150)
2026-04-14 16:52:10 - tczq_data - WARNING - 无法获取原始赔率值: record_id=7, field=goal_0
2026-04-14 16:52:10 - tczq_data - INFO - ✓ 记录赔率变化: tczq_total_goal_odds.goal_0 0.000 -> 0.000 (diff=0.000)
2026-04-14 16:52:10 - tczq_data - WARNING - 无法获取原始赔率值: record_id=7, field=goal_1
2026-04-14 16:52:10 - tczq_data - INFO - ✓ 记录赔率变化: tczq_total_goal_odds.goal_1 0.000 -> 0.000 (diff=0.000)
2026-04-14 16:52:10 - tczq_data - WARNING - 无法获取原始赔率值: record_id=7, field=goal_2
2026-04-14 16:52:10 - tczq_data - INFO - ✓ 记录赔率变化: tczq_total_goal_odds.goal_2 0.000 -> 0.000 (diff=0.000)
2026-04-14 16:52:10 - tczq_data - WARNING - 无法获取原始赔率值: record_id=7, field=goal_3
2026-04-14 16:52:10 - tczq_data - INFO - ✓ 记录赔率变化: tczq_total_goal_odds.goal_3 0.000 -> 0.000 (diff=0.000)
2026-04-14 16:52:10 - tczq_data - WARNING - 无法获取原始赔率值: record_id=7, field=goal_4
2026-04-14 16:52:10 - tczq_data - INFO - ✓ 记录赔率变化: tczq_total_goal_odds.goal_4 0.000 -> 0.000 (diff=0.000)
2026-04-14 16:52:10 - tczq_data - WARNING - 无法获取原始赔率值: record_id=7, field=goal_5
2026-04-14 16:52:10 - tczq_data - INFO - ✓ 记录赔率变化: tczq_total_goal_odds.goal_5 0.000 -> 0.000 (diff=0.000)
2026-04-14 16:52:10 - tczq_data - WARNING - 无法获取原始赔率值: record_id=7, field=goal_6
2026-04-14 16:52:10 - tczq_data - INFO - ✓ 记录赔率变化: tczq_total_goal_odds.goal_6 0.000 -> 0.000 (diff=0.000)
2026-04-14 16:52:10 - tczq_data - WARNING - 无法获取原始赔率值: record_id=7, field=goal_about
2026-04-14 16:52:10 - tczq_data - INFO - ✓ 记录赔率变化: tczq_total_goal_odds.goal_about 0.000 -> 0.000 (diff=0.000)
2026-04-14 16:52:10 - tczq_data - WARNING - 无法获取原始赔率值: record_id=7, field=half_win_full_win
2026-04-14 16:52:10 - tczq_data - INFO - ✓ 记录赔率变化: tczq_ht_ft_odds.half_win_full_win 0.000 -> 0.000 (diff=0.000)
2026-04-14 16:52:10 - tczq_data - WARNING - 无法获取原始赔率值: record_id=7, field=half_win_full_draw
2026-04-14 16:52:10 - tczq_data - INFO - ✓ 记录赔率变化: tczq_ht_ft_odds.half_win_full_draw 0.000 -> 0.000 (diff=0.000)
2026-04-14 16:52:10 - tczq_data - WARNING - 无法获取原始赔率值: record_id=7, field=half_win_full_lose
2026-04-14 16:52:11 - tczq_data - INFO - ✓ 记录赔率变化: tczq_ht_ft_odds.half_win_full_lose 0.000 -> 0.000 (diff=0.000)
2026-04-14 16:52:11 - tczq_data - WARNING - 无法获取原始赔率值: record_id=7, field=half_draw_full_win
2026-04-14 16:52:11 - tczq_data - INFO - ✓ 记录赔率变化: tczq_ht_ft_odds.half_draw_full_win 0.000 -> 0.000 (diff=0.000)
2026-04-14 16:52:11 - tczq_data - WARNING - 无法获取原始赔率值: record_id=7, field=half_draw_full_lose
2026-04-14 16:52:11 - tczq_data - INFO - ✓ 记录赔率变化: tczq_ht_ft_odds.half_draw_full_lose 0.000 -> 0.000 (diff=0.000)
2026-04-14 16:52:11 - tczq_data - WARNING - 无法获取原始赔率值: record_id=7, field=half_lose_full_win
2026-04-14 16:52:11 - tczq_data - INFO - ✓ 记录赔率变化: tczq_ht_ft_odds.half_lose_full_win 0.000 -> 0.000 (diff=0.000)
2026-04-14 16:52:11 - tczq_data - WARNING - 无法获取原始赔率值: record_id=7, field=half_lose_full_draw
2026-04-14 16:52:11 - tczq_data - INFO - ✓ 记录赔率变化: tczq_ht_ft_odds.half_lose_full_draw 0.000 -> 0.000 (diff=0.000)
2026-04-14 16:52:11 - tczq_data - WARNING - 无法获取原始赔率值: record_id=7, field=half_lose_full_lose
2026-04-14 16:52:11 - tczq_data - INFO - ✓ 记录赔率变化: tczq_ht_ft_odds.half_lose_full_lose 0.000 -> 0.000 (diff=0.000)
2026-04-14 16:52:11 - tczq_data - WARNING - 无法获取原始赔率值: record_id=8, field=goal_0
2026-04-14 16:52:11 - tczq_data - INFO - ✓ 记录赔率变化: tczq_total_goal_odds.goal_0 0.000 -> 0.000 (diff=0.000)
2026-04-14 16:52:11 - tczq_data - WARNING - 无法获取原始赔率值: record_id=8, field=goal_1
2026-04-14 16:52:11 - tczq_data - INFO - ✓ 记录赔率变化: tczq_total_goal_odds.goal_1 0.000 -> 0.000 (diff=0.000)
2026-04-14 16:52:11 - tczq_data - WARNING - 无法获取原始赔率值: record_id=8, field=goal_2
2026-04-14 16:52:11 - tczq_data - INFO - ✓ 记录赔率变化: tczq_total_goal_odds.goal_2 0.000 -> 0.000 (diff=0.000)
2026-04-14 16:52:11 - tczq_data - WARNING - 无法获取原始赔率值: record_id=8, field=goal_3
2026-04-14 16:52:11 - tczq_data - INFO - ✓ 记录赔率变化: tczq_total_goal_odds.goal_3 0.000 -> 0.000 (diff=0.000)
2026-04-14 16:52:11 - tczq_data - WARNING - 无法获取原始赔率值: record_id=8, field=goal_4
2026-04-14 16:52:11 - tczq_data - INFO - ✓ 记录赔率变化: tczq_total_goal_odds.goal_4 0.000 -> 0.000 (diff=0.000)
2026-04-14 16:52:11 - tczq_data - WARNING - 无法获取原始赔率值: record_id=8, field=goal_5
2026-04-14 16:52:11 - tczq_data - INFO - ✓ 记录赔率变化: tczq_total_goal_odds.goal_5 0.000 -> 0.000 (diff=0.000)
2026-04-14 16:52:11 - tczq_data - WARNING - 无法获取原始赔率值: record_id=8, field=goal_6
2026-04-14 16:52:11 - tczq_data - INFO - ✓ 记录赔率变化: tczq_total_goal_odds.goal_6 0.000 -> 0.000 (diff=0.000)
2026-04-14 16:52:11 - tczq_data - WARNING - 无法获取原始赔率值: record_id=8, field=goal_about
2026-04-14 16:52:11 - tczq_data - INFO - ✓ 记录赔率变化: tczq_total_goal_odds.goal_about 0.000 -> 0.000 (diff=0.000)
2026-04-14 16:52:11 - tczq_data - WARNING - 无法获取原始赔率值: record_id=8, field=half_win_full_win
2026-04-14 16:52:11 - tczq_data - INFO - ✓ 记录赔率变化: tczq_ht_ft_odds.half_win_full_win 0.000 -> 0.000 (diff=0.000)
2026-04-14 16:52:11 - tczq_data - WARNING - 无法获取原始赔率值: record_id=8, field=half_win_full_draw
2026-04-14 16:52:11 - tczq_data - INFO - ✓ 记录赔率变化: tczq_ht_ft_odds.half_win_full_draw 0.000 -> 0.000 (diff=0.000)
2026-04-14 16:52:11 - tczq_data - WARNING - 无法获取原始赔率值: record_id=8, field=half_win_full_lose
2026-04-14 16:52:11 - tczq_data - INFO - ✓ 记录赔率变化: tczq_ht_ft_odds.half_win_full_lose 0.000 -> 0.000 (diff=0.000)
2026-04-14 16:52:11 - tczq_data - WARNING - 无法获取原始赔率值: record_id=8, field=half_draw_full_win
2026-04-14 16:52:11 - tczq_data - INFO - ✓ 记录赔率变化: tczq_ht_ft_odds.half_draw_full_win 0.000 -> 0.000 (diff=0.000)
2026-04-14 16:52:11 - tczq_data - WARNING - 无法获取原始赔率值: record_id=8, field=half_draw_full_lose
2026-04-14 16:52:11 - tczq_data - INFO - ✓ 记录赔率变化: tczq_ht_ft_odds.half_draw_full_lose 0.000 -> 0.000 (diff=0.000)
2026-04-14 16:52:11 - tczq_data - WARNING - 无法获取原始赔率值: record_id=8, field=half_lose_full_win
2026-04-14 16:52:11 - tczq_data - INFO - ✓ 记录赔率变化: tczq_ht_ft_odds.half_lose_full_win 0.000 -> 0.000 (diff=0.000)
2026-04-14 16:52:11 - tczq_data - WARNING - 无法获取原始赔率值: record_id=8, field=half_lose_full_draw
2026-04-14 16:52:11 - tczq_data - INFO - ✓ 记录赔率变化: tczq_ht_ft_odds.half_lose_full_draw 0.000 -> 0.000 (diff=0.000)
2026-04-14 16:52:11 - tczq_data - WARNING - 无法获取原始赔率值: record_id=8, field=half_lose_full_lose
2026-04-14 16:52:11 - tczq_data - INFO - ✓ 记录赔率变化: tczq_ht_ft_odds.half_lose_full_lose 0.000 -> 0.000 (diff=0.000)
2026-04-14 16:52:11 - tczq_data - WARNING - 无法获取原始赔率值: record_id=9, field=goal_0
2026-04-14 16:52:11 - tczq_data - INFO - ✓ 记录赔率变化: tczq_total_goal_odds.goal_0 0.000 -> 0.000 (diff=0.000)
2026-04-14 16:52:11 - tczq_data - WARNING - 无法获取原始赔率值: record_id=9, field=goal_1
2026-04-14 16:52:11 - tczq_data - INFO - ✓ 记录赔率变化: tczq_total_goal_odds.goal_1 0.000 -> 0.000 (diff=0.000)
2026-04-14 16:52:11 - tczq_data - WARNING - 无法获取原始赔率值: record_id=9, field=goal_2
2026-04-14 16:52:11 - tczq_data - INFO - ✓ 记录赔率变化: tczq_total_goal_odds.goal_2 0.000 -> 0.000 (diff=0.000)
2026-04-14 16:52:11 - tczq_data - WARNING - 无法获取原始赔率值: record_id=9, field=goal_3
2026-04-14 16:52:11 - tczq_data - INFO - ✓ 记录赔率变化: tczq_total_goal_odds.goal_3 0.000 -> 0.000 (diff=0.000)
2026-04-14 16:52:11 - tczq_data - WARNING - 无法获取原始赔率值: record_id=9, field=goal_4
2026-04-14 16:52:11 - tczq_data - INFO - ✓ 记录赔率变化: tczq_total_goal_odds.goal_4 0.000 -> 0.000 (diff=0.000)
2026-04-14 16:52:11 - tczq_data - WARNING - 无法获取原始赔率值: record_id=9, field=goal_5
2026-04-14 16:52:11 - tczq_data - INFO - ✓ 记录赔率变化: tczq_total_goal_odds.goal_5 0.000 -> 0.000 (diff=0.000)
2026-04-14 16:52:11 - tczq_data - WARNING - 无法获取原始赔率值: record_id=9, field=goal_6
2026-04-14 16:52:11 - tczq_data - INFO - ✓ 记录赔率变化: tczq_total_goal_odds.goal_6 0.000 -> 0.000 (diff=0.000)
2026-04-14 16:52:11 - tczq_data - WARNING - 无法获取原始赔率值: record_id=9, field=goal_about
2026-04-14 16:52:11 - tczq_data - INFO - ✓ 记录赔率变化: tczq_total_goal_odds.goal_about 0.000 -> 0.000 (diff=0.000)
2026-04-14 16:52:11 - tczq_data - WARNING - 无法获取原始赔率值: record_id=9, field=half_win_full_win
2026-04-14 16:52:11 - tczq_data - INFO - ✓ 记录赔率变化: tczq_ht_ft_odds.half_win_full_win 0.000 -> 0.000 (diff=0.000)
2026-04-14 16:52:11 - tczq_data - WARNING - 无法获取原始赔率值: record_id=9, field=half_win_full_draw
2026-04-14 16:52:11 - tczq_data - INFO - ✓ 记录赔率变化: tczq_ht_ft_odds.half_win_full_draw 0.000 -> 0.000 (diff=0.000)
2026-04-14 16:52:11 - tczq_data - WARNING - 无法获取原始赔率值: record_id=9, field=half_win_full_lose
2026-04-14 16:52:11 - tczq_data - INFO - ✓ 记录赔率变化: tczq_ht_ft_odds.half_win_full_lose 0.000 -> 0.000 (diff=0.000)
2026-04-14 16:52:11 - tczq_data - WARNING - 无法获取原始赔率值: record_id=9, field=half_draw_full_win
2026-04-14 16:52:11 - tczq_data - INFO - ✓ 记录赔率变化: tczq_ht_ft_odds.half_draw_full_win 0.000 -> 0.000 (diff=0.000)
2026-04-14 16:52:11 - tczq_data - WARNING - 无法获取原始赔率值: record_id=9, field=half_draw_full_lose
2026-04-14 16:52:11 - tczq_data - INFO - ✓ 记录赔率变化: tczq_ht_ft_odds.half_draw_full_lose 0.000 -> 0.000 (diff=0.000)
2026-04-14 16:52:11 - tczq_data - WARNING - 无法获取原始赔率值: record_id=9, field=half_lose_full_win
2026-04-14 16:52:11 - tczq_data - INFO - ✓ 记录赔率变化: tczq_ht_ft_odds.half_lose_full_win 0.000 -> 0.000 (diff=0.000)
2026-04-14 16:52:11 - tczq_data - WARNING - 无法获取原始赔率值: record_id=9, field=half_lose_full_draw
2026-04-14 16:52:11 - tczq_data - INFO - ✓ 记录赔率变化: tczq_ht_ft_odds.half_lose_full_draw 0.000 -> 0.000 (diff=0.000)
2026-04-14 16:52:11 - tczq_data - WARNING - 无法获取原始赔率值: record_id=9, field=half_lose_full_lose
2026-04-14 16:52:11 - tczq_data - INFO - ✓ 记录赔率变化: tczq_ht_ft_odds.half_lose_full_lose 0.000 -> 0.000 (diff=0.000)
2026-04-14 16:52:11 - tczq_data - WARNING - 无法获取原始赔率值: record_id=10, field=goal_0
2026-04-14 16:52:11 - tczq_data - INFO - ✓ 记录赔率变化: tczq_total_goal_odds.goal_0 0.000 -> 0.000 (diff=0.000)
2026-04-14 16:52:11 - tczq_data - WARNING - 无法获取原始赔率值: record_id=10, field=goal_1
2026-04-14 16:52:11 - tczq_data - INFO - ✓ 记录赔率变化: tczq_total_goal_odds.goal_1 0.000 -> 0.000 (diff=0.000)
2026-04-14 16:52:11 - tczq_data - WARNING - 无法获取原始赔率值: record_id=10, field=goal_2
2026-04-14 16:52:11 - tczq_data - INFO - ✓ 记录赔率变化: tczq_total_goal_odds.goal_2 0.000 -> 0.000 (diff=0.000)
2026-04-14 16:52:11 - tczq_data - WARNING - 无法获取原始赔率值: record_id=10, field=goal_3
2026-04-14 16:52:11 - tczq_data - INFO - ✓ 记录赔率变化: tczq_total_goal_odds.goal_3 0.000 -> 0.000 (diff=0.000)
2026-04-14 16:52:11 - tczq_data - WARNING - 无法获取原始赔率值: record_id=10, field=goal_4
2026-04-14 16:52:11 - tczq_data - INFO - ✓ 记录赔率变化: tczq_total_goal_odds.goal_4 0.000 -> 0.000 (diff=0.000)
2026-04-14 16:52:11 - tczq_data - WARNING - 无法获取原始赔率值: record_id=10, field=goal_5
2026-04-14 16:52:11 - tczq_data - INFO - ✓ 记录赔率变化: tczq_total_goal_odds.goal_5 0.000 -> 0.000 (diff=0.000)
2026-04-14 16:52:11 - tczq_data - WARNING - 无法获取原始赔率值: record_id=10, field=goal_6
2026-04-14 16:52:11 - tczq_data - INFO - ✓ 记录赔率变化: tczq_total_goal_odds.goal_6 0.000 -> 0.000 (diff=0.000)
2026-04-14 16:52:11 - tczq_data - WARNING - 无法获取原始赔率值: record_id=10, field=goal_about
2026-04-14 16:52:11 - tczq_data - INFO - ✓ 记录赔率变化: tczq_total_goal_odds.goal_about 0.000 -> 0.000 (diff=0.000)
2026-04-14 16:52:11 - tczq_data - WARNING - 无法获取原始赔率值: record_id=10, field=half_win_full_win
2026-04-14 16:52:11 - tczq_data - INFO - ✓ 记录赔率变化: tczq_ht_ft_odds.half_win_full_win 0.000 -> 0.000 (diff=0.000)
2026-04-14 16:52:11 - tczq_data - WARNING - 无法获取原始赔率值: record_id=10, field=half_win_full_draw
2026-04-14 16:52:11 - tczq_data - INFO - ✓ 记录赔率变化: tczq_ht_ft_odds.half_win_full_draw 0.000 -> 0.000 (diff=0.000)
2026-04-14 16:52:11 - tczq_data - WARNING - 无法获取原始赔率值: record_id=10, field=half_win_full_lose
2026-04-14 16:52:11 - tczq_data - INFO - ✓ 记录赔率变化: tczq_ht_ft_odds.half_win_full_lose 0.000 -> 0.000 (diff=0.000)
2026-04-14 16:52:11 - tczq_data - WARNING - 无法获取原始赔率值: record_id=10, field=half_draw_full_win
2026-04-14 16:52:11 - tczq_data - INFO - ✓ 记录赔率变化: tczq_ht_ft_odds.half_draw_full_win 0.000 -> 0.000 (diff=0.000)
2026-04-14 16:52:11 - tczq_data - WARNING - 无法获取原始赔率值: record_id=10, field=half_draw_full_lose
2026-04-14 16:52:11 - tczq_data - INFO - ✓ 记录赔率变化: tczq_ht_ft_odds.half_draw_full_lose 0.000 -> 0.000 (diff=0.000)
2026-04-14 16:52:11 - tczq_data - WARNING - 无法获取原始赔率值: record_id=10, field=half_lose_full_win
2026-04-14 16:52:11 - tczq_data - INFO - ✓ 记录赔率变化: tczq_ht_ft_odds.half_lose_full_win 0.000 -> 0.000 (diff=0.000)
2026-04-14 16:52:11 - tczq_data - WARNING - 无法获取原始赔率值: record_id=10, field=half_lose_full_draw
2026-04-14 16:52:11 - tczq_data - INFO - ✓ 记录赔率变化: tczq_ht_ft_odds.half_lose_full_draw 0.000 -> 0.000 (diff=0.000)
2026-04-14 16:52:11 - tczq_data - WARNING - 无法获取原始赔率值: record_id=10, field=half_lose_full_lose
2026-04-14 16:52:11 - tczq_data - INFO - ✓ 记录赔率变化: tczq_ht_ft_odds.half_lose_full_lose 0.000 -> 0.000 (diff=0.000)
2026-04-14 16:52:11 - tczq_data - WARNING - 无法获取原始赔率值: record_id=11, field=goal_0
2026-04-14 16:52:11 - tczq_data - INFO - ✓ 记录赔率变化: tczq_total_goal_odds.goal_0 0.000 -> 0.000 (diff=0.000)
2026-04-14 16:52:11 - tczq_data - WARNING - 无法获取原始赔率值: record_id=11, field=goal_1
2026-04-14 16:52:12 - tczq_data - INFO - ✓ 记录赔率变化: tczq_total_goal_odds.goal_1 0.000 -> 0.000 (diff=0.000)
2026-04-14 16:52:12 - tczq_data - WARNING - 无法获取原始赔率值: record_id=11, field=goal_2
2026-04-14 16:52:12 - tczq_data - INFO - ✓ 记录赔率变化: tczq_total_goal_odds.goal_2 0.000 -> 0.000 (diff=0.000)
2026-04-14 16:52:12 - tczq_data - WARNING - 无法获取原始赔率值: record_id=11, field=goal_3
2026-04-14 16:52:12 - tczq_data - INFO - ✓ 记录赔率变化: tczq_total_goal_odds.goal_3 0.000 -> 0.000 (diff=0.000)
2026-04-14 16:52:12 - tczq_data - WARNING - 无法获取原始赔率值: record_id=11, field=goal_4
2026-04-14 16:52:12 - tczq_data - INFO - ✓ 记录赔率变化: tczq_total_goal_odds.goal_4 0.000 -> 0.000 (diff=0.000)
2026-04-14 16:52:12 - tczq_data - WARNING - 无法获取原始赔率值: record_id=11, field=goal_5
2026-04-14 16:52:12 - tczq_data - INFO - ✓ 记录赔率变化: tczq_total_goal_odds.goal_5 0.000 -> 0.000 (diff=0.000)
2026-04-14 16:52:12 - tczq_data - WARNING - 无法获取原始赔率值: record_id=11, field=goal_6
2026-04-14 16:52:12 - tczq_data - INFO - ✓ 记录赔率变化: tczq_total_goal_odds.goal_6 0.000 -> 0.000 (diff=0.000)
2026-04-14 16:52:12 - tczq_data - WARNING - 无法获取原始赔率值: record_id=11, field=goal_about
2026-04-14 16:52:12 - tczq_data - INFO - ✓ 记录赔率变化: tczq_total_goal_odds.goal_about 0.000 -> 0.000 (diff=0.000)
2026-04-14 16:52:12 - tczq_data - WARNING - 无法获取原始赔率值: record_id=11, field=half_win_full_win
2026-04-14 16:52:12 - tczq_data - INFO - ✓ 记录赔率变化: tczq_ht_ft_odds.half_win_full_win 0.000 -> 0.000 (diff=0.000)
2026-04-14 16:52:12 - tczq_data - WARNING - 无法获取原始赔率值: record_id=11, field=half_win_full_draw
2026-04-14 16:52:12 - tczq_data - INFO - ✓ 记录赔率变化: tczq_ht_ft_odds.half_win_full_draw 0.000 -> 0.000 (diff=0.000)
2026-04-14 16:52:12 - tczq_data - WARNING - 无法获取原始赔率值: record_id=11, field=half_win_full_lose
2026-04-14 16:52:12 - tczq_data - INFO - ✓ 记录赔率变化: tczq_ht_ft_odds.half_win_full_lose 0.000 -> 0.000 (diff=0.000)
2026-04-14 16:52:12 - tczq_data - WARNING - 无法获取原始赔率值: record_id=11, field=half_draw_full_win
2026-04-14 16:52:12 - tczq_data - INFO - ✓ 记录赔率变化: tczq_ht_ft_odds.half_draw_full_win 0.000 -> 0.000 (diff=0.000)
2026-04-14 16:52:12 - tczq_data - WARNING - 无法获取原始赔率值: record_id=11, field=half_draw_full_lose
2026-04-14 16:52:12 - tczq_data - INFO - ✓ 记录赔率变化: tczq_ht_ft_odds.half_draw_full_lose 0.000 -> 0.000 (diff=0.000)
2026-04-14 16:52:12 - tczq_data - WARNING - 无法获取原始赔率值: record_id=11, field=half_lose_full_win
2026-04-14 16:52:12 - tczq_data - INFO - ✓ 记录赔率变化: tczq_ht_ft_odds.half_lose_full_win 0.000 -> 0.000 (diff=0.000)
2026-04-14 16:52:12 - tczq_data - WARNING - 无法获取原始赔率值: record_id=11, field=half_lose_full_draw
2026-04-14 16:52:12 - tczq_data - INFO - ✓ 记录赔率变化: tczq_ht_ft_odds.half_lose_full_draw 0.000 -> 0.000 (diff=0.000)
2026-04-14 16:52:12 - tczq_data - WARNING - 无法获取原始赔率值: record_id=11, field=half_lose_full_lose
2026-04-14 16:52:12 - tczq_data - INFO - ✓ 记录赔率变化: tczq_ht_ft_odds.half_lose_full_lose 0.000 -> 0.000 (diff=0.000)
2026-04-14 16:52:12 - tczq_data - WARNING - 无法获取原始赔率值: record_id=12, field=goal_0
2026-04-14 16:52:12 - tczq_data - INFO - ✓ 记录赔率变化: tczq_total_goal_odds.goal_0 0.000 -> 0.000 (diff=0.000)
2026-04-14 16:52:12 - tczq_data - WARNING - 无法获取原始赔率值: record_id=12, field=goal_1
2026-04-14 16:52:12 - tczq_data - INFO - ✓ 记录赔率变化: tczq_total_goal_odds.goal_1 0.000 -> 0.000 (diff=0.000)
2026-04-14 16:52:12 - tczq_data - WARNING - 无法获取原始赔率值: record_id=12, field=goal_2
2026-04-14 16:52:12 - tczq_data - INFO - ✓ 记录赔率变化: tczq_total_goal_odds.goal_2 0.000 -> 0.000 (diff=0.000)
2026-04-14 16:52:12 - tczq_data - WARNING - 无法获取原始赔率值: record_id=12, field=goal_3
2026-04-14 16:52:12 - tczq_data - INFO - ✓ 记录赔率变化: tczq_total_goal_odds.goal_3 0.000 -> 0.000 (diff=0.000)
2026-04-14 16:52:12 - tczq_data - WARNING - 无法获取原始赔率值: record_id=12, field=goal_4
2026-04-14 16:52:12 - tczq_data - INFO - ✓ 记录赔率变化: tczq_total_goal_odds.goal_4 0.000 -> 0.000 (diff=0.000)
2026-04-14 16:52:12 - tczq_data - WARNING - 无法获取原始赔率值: record_id=12, field=goal_5
2026-04-14 16:52:12 - tczq_data - INFO - ✓ 记录赔率变化: tczq_total_goal_odds.goal_5 0.000 -> 0.000 (diff=0.000)
2026-04-14 16:52:12 - tczq_data - WARNING - 无法获取原始赔率值: record_id=12, field=goal_6
2026-04-14 16:52:12 - tczq_data - INFO - ✓ 记录赔率变化: tczq_total_goal_odds.goal_6 0.000 -> 0.000 (diff=0.000)
2026-04-14 16:52:12 - tczq_data - WARNING - 无法获取原始赔率值: record_id=12, field=goal_about
2026-04-14 16:52:12 - tczq_data - INFO - ✓ 记录赔率变化: tczq_total_goal_odds.goal_about 0.000 -> 0.000 (diff=0.000)
2026-04-14 16:52:12 - tczq_data - WARNING - 无法获取原始赔率值: record_id=12, field=half_win_full_win
2026-04-14 16:52:12 - tczq_data - INFO - ✓ 记录赔率变化: tczq_ht_ft_odds.half_win_full_win 0.000 -> 0.000 (diff=0.000)
2026-04-14 16:52:12 - tczq_data - WARNING - 无法获取原始赔率值: record_id=12, field=half_win_full_draw
2026-04-14 16:52:12 - tczq_data - INFO - ✓ 记录赔率变化: tczq_ht_ft_odds.half_win_full_draw 0.000 -> 0.000 (diff=0.000)
2026-04-14 16:52:12 - tczq_data - WARNING - 无法获取原始赔率值: record_id=12, field=half_win_full_lose
2026-04-14 16:52:12 - tczq_data - INFO - ✓ 记录赔率变化: tczq_ht_ft_odds.half_win_full_lose 0.000 -> 0.000 (diff=0.000)
2026-04-14 16:52:12 - tczq_data - WARNING - 无法获取原始赔率值: record_id=12, field=half_draw_full_win
2026-04-14 16:52:12 - tczq_data - INFO - ✓ 记录赔率变化: tczq_ht_ft_odds.half_draw_full_win 0.000 -> 0.000 (diff=0.000)
2026-04-14 16:52:12 - tczq_data - WARNING - 无法获取原始赔率值: record_id=12, field=half_draw_full_lose
2026-04-14 16:52:12 - tczq_data - INFO - ✓ 记录赔率变化: tczq_ht_ft_odds.half_draw_full_lose 0.000 -> 0.000 (diff=0.000)
2026-04-14 16:52:12 - tczq_data - WARNING - 无法获取原始赔率值: record_id=12, field=half_lose_full_win
2026-04-14 16:52:12 - tczq_data - INFO - ✓ 记录赔率变化: tczq_ht_ft_odds.half_lose_full_win 0.000 -> 0.000 (diff=0.000)
2026-04-14 16:52:12 - tczq_data - WARNING - 无法获取原始赔率值: record_id=12, field=half_lose_full_draw
2026-04-14 16:52:12 - tczq_data - INFO - ✓ 记录赔率变化: tczq_ht_ft_odds.half_lose_full_draw 0.000 -> 0.000 (diff=0.000)
2026-04-14 16:52:12 - tczq_data - WARNING - 无法获取原始赔率值: record_id=12, field=half_lose_full_lose
2026-04-14 16:52:12 - tczq_data - INFO - ✓ 记录赔率变化: tczq_ht_ft_odds.half_lose_full_lose 0.000 -> 0.000 (diff=0.000)
2026-04-14 16:52:12 - tczq_data - INFO - 赔率数据处理完成
2026-04-14 16:54:18 - tczq_data - INFO - 开始获取当前比赛数据（带赔率）...
2026-04-14 16:54:19 - tczq_data - INFO - 共获取 12 场比赛
2026-04-14 16:54:19 - tczq_data - INFO - 开始处理 5 个联赛信息
2026-04-14 16:54:19 - tczq_data - INFO - 联赛信息处理完成，共处理 5 个联赛
2026-04-14 16:54:19 - tczq_data - INFO - 联赛数据处理完成，共 5 个联赛
2026-04-14 16:54:19 - tczq_data - INFO - 成功保存 12 条比赛记录
2026-04-14 16:54:19 - tczq_data - INFO - 开始处理 12 条赔率数据
2026-04-14 16:54:19 - tczq_data - WARNING - 无法获取原始赔率值: record_id=1, field=goal_0
2026-04-14 16:54:19 - tczq_data - INFO - ✓ 记录赔率变化: tczq_total_goal_odds.goal_0 0.000 -> 0.000 (diff=0.000)
2026-04-14 16:54:19 - tczq_data - WARNING - 无法获取原始赔率值: record_id=1, field=goal_1
2026-04-14 16:54:19 - tczq_data - INFO - ✓ 记录赔率变化: tczq_total_goal_odds.goal_1 0.000 -> 0.000 (diff=0.000)
2026-04-14 16:54:19 - tczq_data - WARNING - 无法获取原始赔率值: record_id=1, field=goal_2
2026-04-14 16:54:19 - tczq_data - INFO - ✓ 记录赔率变化: tczq_total_goal_odds.goal_2 0.000 -> 0.000 (diff=0.000)
2026-04-14 16:54:19 - tczq_data - WARNING - 无法获取原始赔率值: record_id=1, field=goal_3
2026-04-14 16:54:19 - tczq_data - INFO - ✓ 记录赔率变化: tczq_total_goal_odds.goal_3 0.000 -> 0.000 (diff=0.000)
2026-04-14 16:54:19 - tczq_data - WARNING - 无法获取原始赔率值: record_id=1, field=goal_4
2026-04-14 16:54:19 - tczq_data - INFO - ✓ 记录赔率变化: tczq_total_goal_odds.goal_4 0.000 -> 0.000 (diff=0.000)
2026-04-14 16:54:19 - tczq_data - WARNING - 无法获取原始赔率值: record_id=1, field=goal_5
2026-04-14 16:54:19 - tczq_data - INFO - ✓ 记录赔率变化: tczq_total_goal_odds.goal_5 0.000 -> 0.000 (diff=0.000)
2026-04-14 16:54:19 - tczq_data - WARNING - 无法获取原始赔率值: record_id=1, field=goal_6
2026-04-14 16:54:19 - tczq_data - INFO - ✓ 记录赔率变化: tczq_total_goal_odds.goal_6 0.000 -> 0.000 (diff=0.000)
2026-04-14 16:54:19 - tczq_data - WARNING - 无法获取原始赔率值: record_id=1, field=goal_about
2026-04-14 16:54:19 - tczq_data - INFO - ✓ 记录赔率变化: tczq_total_goal_odds.goal_about 0.000 -> 0.000 (diff=0.000)
2026-04-14 16:54:19 - tczq_data - WARNING - 无法获取原始赔率值: record_id=1, field=half_win_full_win
2026-04-14 16:54:19 - tczq_data - INFO - ✓ 记录赔率变化: tczq_ht_ft_odds.half_win_full_win 0.000 -> 0.000 (diff=0.000)
2026-04-14 16:54:19 - tczq_data - WARNING - 无法获取原始赔率值: record_id=1, field=half_win_full_draw
2026-04-14 16:54:19 - tczq_data - INFO - ✓ 记录赔率变化: tczq_ht_ft_odds.half_win_full_draw 0.000 -> 0.000 (diff=0.000)
2026-04-14 16:54:19 - tczq_data - WARNING - 无法获取原始赔率值: record_id=1, field=half_win_full_lose
2026-04-14 16:54:19 - tczq_data - INFO - ✓ 记录赔率变化: tczq_ht_ft_odds.half_win_full_lose 0.000 -> 0.000 (diff=0.000)
2026-04-14 16:54:19 - tczq_data - WARNING - 无法获取原始赔率值: record_id=1, field=half_draw_full_win
2026-04-14 16:54:19 - tczq_data - INFO - ✓ 记录赔率变化: tczq_ht_ft_odds.half_draw_full_win 0.000 -> 0.000 (diff=0.000)
2026-04-14 16:54:19 - tczq_data - WARNING - 无法获取原始赔率值: record_id=1, field=half_draw_full_lose
2026-04-14 16:54:19 - tczq_data - INFO - ✓ 记录赔率变化: tczq_ht_ft_odds.half_draw_full_lose 0.000 -> 0.000 (diff=0.000)
2026-04-14 16:54:19 - tczq_data - WARNING - 无法获取原始赔率值: record_id=1, field=half_lose_full_win
2026-04-14 16:54:19 - tczq_data - INFO - ✓ 记录赔率变化: tczq_ht_ft_odds.half_lose_full_win 0.000 -> 0.000 (diff=0.000)
2026-04-14 16:54:19 - tczq_data - WARNING - 无法获取原始赔率值: record_id=1, field=half_lose_full_draw
2026-04-14 16:54:19 - tczq_data - INFO - ✓ 记录赔率变化: tczq_ht_ft_odds.half_lose_full_draw 0.000 -> 0.000 (diff=0.000)
2026-04-14 16:54:19 - tczq_data - WARNING - 无法获取原始赔率值: record_id=1, field=half_lose_full_lose
2026-04-14 16:54:19 - tczq_data - INFO - ✓ 记录赔率变化: tczq_ht_ft_odds.half_lose_full_lose 0.000 -> 0.000 (diff=0.000)
2026-04-14 16:54:20 - tczq_data - WARNING - 无法获取原始赔率值: record_id=2, field=goal_0
2026-04-14 16:54:20 - tczq_data - INFO - ✓ 记录赔率变化: tczq_total_goal_odds.goal_0 0.000 -> 0.000 (diff=0.000)
2026-04-14 16:54:20 - tczq_data - WARNING - 无法获取原始赔率值: record_id=2, field=goal_1
2026-04-14 16:54:20 - tczq_data - INFO - ✓ 记录赔率变化: tczq_total_goal_odds.goal_1 0.000 -> 0.000 (diff=0.000)
2026-04-14 16:54:20 - tczq_data - WARNING - 无法获取原始赔率值: record_id=2, field=goal_2
2026-04-14 16:54:20 - tczq_data - INFO - ✓ 记录赔率变化: tczq_total_goal_odds.goal_2 0.000 -> 0.000 (diff=0.000)
2026-04-14 16:54:20 - tczq_data - WARNING - 无法获取原始赔率值: record_id=2, field=goal_3
2026-04-14 16:54:20 - tczq_data - INFO - ✓ 记录赔率变化: tczq_total_goal_odds.goal_3 0.000 -> 0.000 (diff=0.000)
2026-04-14 16:54:20 - tczq_data - WARNING - 无法获取原始赔率值: record_id=2, field=goal_4
2026-04-14 16:54:20 - tczq_data - INFO - ✓ 记录赔率变化: tczq_total_goal_odds.goal_4 0.000 -> 0.000 (diff=0.000)
2026-04-14 16:54:20 - tczq_data - WARNING - 无法获取原始赔率值: record_id=2, field=goal_5
2026-04-14 16:54:20 - tczq_data - INFO - ✓ 记录赔率变化: tczq_total_goal_odds.goal_5 0.000 -> 0.000 (diff=0.000)
2026-04-14 16:54:20 - tczq_data - WARNING - 无法获取原始赔率值: record_id=2, field=goal_6
2026-04-14 16:54:20 - tczq_data - INFO - ✓ 记录赔率变化: tczq_total_goal_odds.goal_6 0.000 -> 0.000 (diff=0.000)
2026-04-14 16:54:20 - tczq_data - WARNING - 无法获取原始赔率值: record_id=2, field=goal_about
2026-04-14 16:54:20 - tczq_data - INFO - ✓ 记录赔率变化: tczq_total_goal_odds.goal_about 0.000 -> 0.000 (diff=0.000)
2026-04-14 16:54:20 - tczq_data - WARNING - 无法获取原始赔率值: record_id=2, field=half_win_full_win
2026-04-14 16:54:20 - tczq_data - INFO - ✓ 记录赔率变化: tczq_ht_ft_odds.half_win_full_win 0.000 -> 0.000 (diff=0.000)
2026-04-14 16:54:20 - tczq_data - WARNING - 无法获取原始赔率值: record_id=2, field=half_win_full_draw
2026-04-14 16:54:20 - tczq_data - INFO - ✓ 记录赔率变化: tczq_ht_ft_odds.half_win_full_draw 0.000 -> 0.000 (diff=0.000)
2026-04-14 16:54:20 - tczq_data - WARNING - 无法获取原始赔率值: record_id=2, field=half_win_full_lose
2026-04-14 16:54:20 - tczq_data - INFO - ✓ 记录赔率变化: tczq_ht_ft_odds.half_win_full_lose 0.000 -> 0.000 (diff=0.000)
2026-04-14 16:54:20 - tczq_data - WARNING - 无法获取原始赔率值: record_id=2, field=half_draw_full_win
2026-04-14 16:54:20 - tczq_data - INFO - ✓ 记录赔率变化: tczq_ht_ft_odds.half_draw_full_win 0.000 -> 0.000 (diff=0.000)
2026-04-14 16:54:20 - tczq_data - WARNING - 无法获取原始赔率值: record_id=2, field=half_draw_full_lose
2026-04-14 16:54:20 - tczq_data - INFO - ✓ 记录赔率变化: tczq_ht_ft_odds.half_draw_full_lose 0.000 -> 0.000 (diff=0.000)
2026-04-14 16:54:20 - tczq_data - WARNING - 无法获取原始赔率值: record_id=2, field=half_lose_full_win
2026-04-14 16:54:20 - tczq_data - INFO - ✓ 记录赔率变化: tczq_ht_ft_odds.half_lose_full_win 0.000 -> 0.000 (diff=0.000)
2026-04-14 16:54:20 - tczq_data - WARNING - 无法获取原始赔率值: record_id=2, field=half_lose_full_draw
2026-04-14 16:54:20 - tczq_data - INFO - ✓ 记录赔率变化: tczq_ht_ft_odds.half_lose_full_draw 0.000 -> 0.000 (diff=0.000)
2026-04-14 16:54:20 - tczq_data - WARNING - 无法获取原始赔率值: record_id=2, field=half_lose_full_lose
2026-04-14 16:54:20 - tczq_data - INFO - ✓ 记录赔率变化: tczq_ht_ft_odds.half_lose_full_lose 0.000 -> 0.000 (diff=0.000)
2026-04-14 16:54:20 - tczq_data - WARNING - 无法获取原始赔率值: record_id=3, field=goal_0
2026-04-14 16:54:20 - tczq_data - INFO - ✓ 记录赔率变化: tczq_total_goal_odds.goal_0 0.000 -> 0.000 (diff=0.000)
2026-04-14 16:54:20 - tczq_data - WARNING - 无法获取原始赔率值: record_id=3, field=goal_1
2026-04-14 16:54:20 - tczq_data - INFO - ✓ 记录赔率变化: tczq_total_goal_odds.goal_1 0.000 -> 0.000 (diff=0.000)
2026-04-14 16:54:20 - tczq_data - WARNING - 无法获取原始赔率值: record_id=3, field=goal_2
2026-04-14 16:54:20 - tczq_data - INFO - ✓ 记录赔率变化: tczq_total_goal_odds.goal_2 0.000 -> 0.000 (diff=0.000)
2026-04-14 16:54:20 - tczq_data - WARNING - 无法获取原始赔率值: record_id=3, field=goal_3
2026-04-14 16:54:20 - tczq_data - INFO - ✓ 记录赔率变化: tczq_total_goal_odds.goal_3 0.000 -> 0.000 (diff=0.000)
2026-04-14 16:54:20 - tczq_data - WARNING - 无法获取原始赔率值: record_id=3, field=goal_4
2026-04-14 16:54:20 - tczq_data - INFO - ✓ 记录赔率变化: tczq_total_goal_odds.goal_4 0.000 -> 0.000 (diff=0.000)
2026-04-14 16:54:20 - tczq_data - WARNING - 无法获取原始赔率值: record_id=3, field=goal_5
2026-04-14 16:54:20 - tczq_data - INFO - ✓ 记录赔率变化: tczq_total_goal_odds.goal_5 0.000 -> 0.000 (diff=0.000)
2026-04-14 16:54:20 - tczq_data - WARNING - 无法获取原始赔率值: record_id=3, field=goal_6
2026-04-14 16:54:20 - tczq_data - INFO - ✓ 记录赔率变化: tczq_total_goal_odds.goal_6 0.000 -> 0.000 (diff=0.000)
2026-04-14 16:54:20 - tczq_data - WARNING - 无法获取原始赔率值: record_id=3, field=goal_about
2026-04-14 16:54:20 - tczq_data - INFO - ✓ 记录赔率变化: tczq_total_goal_odds.goal_about 0.000 -> 0.000 (diff=0.000)
2026-04-14 16:54:20 - tczq_data - WARNING - 无法获取原始赔率值: record_id=3, field=half_win_full_win
2026-04-14 16:54:20 - tczq_data - INFO - ✓ 记录赔率变化: tczq_ht_ft_odds.half_win_full_win 0.000 -> 0.000 (diff=0.000)
2026-04-14 16:54:20 - tczq_data - WARNING - 无法获取原始赔率值: record_id=3, field=half_win_full_draw
2026-04-14 16:54:20 - tczq_data - INFO - ✓ 记录赔率变化: tczq_ht_ft_odds.half_win_full_draw 0.000 -> 0.000 (diff=0.000)
2026-04-14 16:54:20 - tczq_data - WARNING - 无法获取原始赔率值: record_id=3, field=half_win_full_lose
2026-04-14 16:54:20 - tczq_data - INFO - ✓ 记录赔率变化: tczq_ht_ft_odds.half_win_full_lose 0.000 -> 0.000 (diff=0.000)
2026-04-14 16:54:20 - tczq_data - WARNING - 无法获取原始赔率值: record_id=3, field=half_draw_full_win
2026-04-14 16:54:20 - tczq_data - INFO - ✓ 记录赔率变化: tczq_ht_ft_odds.half_draw_full_win 0.000 -> 0.000 (diff=0.000)
2026-04-14 16:54:20 - tczq_data - WARNING - 无法获取原始赔率值: record_id=3, field=half_draw_full_lose
2026-04-14 16:54:20 - tczq_data - INFO - ✓ 记录赔率变化: tczq_ht_ft_odds.half_draw_full_lose 0.000 -> 0.000 (diff=0.000)
2026-04-14 16:54:20 - tczq_data - WARNING - 无法获取原始赔率值: record_id=3, field=half_lose_full_win
2026-04-14 16:54:20 - tczq_data - INFO - ✓ 记录赔率变化: tczq_ht_ft_odds.half_lose_full_win 0.000 -> 0.000 (diff=0.000)
2026-04-14 16:54:20 - tczq_data - WARNING - 无法获取原始赔率值: record_id=3, field=half_lose_full_draw
2026-04-14 16:54:20 - tczq_data - INFO - ✓ 记录赔率变化: tczq_ht_ft_odds.half_lose_full_draw 0.000 -> 0.000 (diff=0.000)
2026-04-14 16:54:20 - tczq_data - WARNING - 无法获取原始赔率值: record_id=3, field=half_lose_full_lose
2026-04-14 16:54:20 - tczq_data - INFO - ✓ 记录赔率变化: tczq_ht_ft_odds.half_lose_full_lose 0.000 -> 0.000 (diff=0.000)
2026-04-14 16:54:20 - tczq_data - WARNING - 无法获取原始赔率值: record_id=4, field=goal_0
2026-04-14 16:54:20 - tczq_data - INFO - ✓ 记录赔率变化: tczq_total_goal_odds.goal_0 0.000 -> 0.000 (diff=0.000)
2026-04-14 16:54:20 - tczq_data - WARNING - 无法获取原始赔率值: record_id=4, field=goal_1
2026-04-14 16:54:20 - tczq_data - INFO - ✓ 记录赔率变化: tczq_total_goal_odds.goal_1 0.000 -> 0.000 (diff=0.000)
2026-04-14 16:54:20 - tczq_data - WARNING - 无法获取原始赔率值: record_id=4, field=goal_2
2026-04-14 16:54:20 - tczq_data - INFO - ✓ 记录赔率变化: tczq_total_goal_odds.goal_2 0.000 -> 0.000 (diff=0.000)
2026-04-14 16:54:20 - tczq_data - WARNING - 无法获取原始赔率值: record_id=4, field=goal_3
2026-04-14 16:54:20 - tczq_data - INFO - ✓ 记录赔率变化: tczq_total_goal_odds.goal_3 0.000 -> 0.000 (diff=0.000)
2026-04-14 16:54:20 - tczq_data - WARNING - 无法获取原始赔率值: record_id=4, field=goal_4
2026-04-14 16:54:20 - tczq_data - INFO - ✓ 记录赔率变化: tczq_total_goal_odds.goal_4 0.000 -> 0.000 (diff=0.000)
2026-04-14 16:54:20 - tczq_data - WARNING - 无法获取原始赔率值: record_id=4, field=goal_5
2026-04-14 16:54:20 - tczq_data - INFO - ✓ 记录赔率变化: tczq_total_goal_odds.goal_5 0.000 -> 0.000 (diff=0.000)
2026-04-14 16:54:20 - tczq_data - WARNING - 无法获取原始赔率值: record_id=4, field=goal_6
2026-04-14 16:54:20 - tczq_data - INFO - ✓ 记录赔率变化: tczq_total_goal_odds.goal_6 0.000 -> 0.000 (diff=0.000)
2026-04-14 16:54:20 - tczq_data - WARNING - 无法获取原始赔率值: record_id=4, field=goal_about
2026-04-14 16:54:20 - tczq_data - INFO - ✓ 记录赔率变化: tczq_total_goal_odds.goal_about 0.000 -> 0.000 (diff=0.000)
2026-04-14 16:54:20 - tczq_data - WARNING - 无法获取原始赔率值: record_id=4, field=half_win_full_win
2026-04-14 16:54:20 - tczq_data - INFO - ✓ 记录赔率变化: tczq_ht_ft_odds.half_win_full_win 0.000 -> 0.000 (diff=0.000)
2026-04-14 16:54:20 - tczq_data - WARNING - 无法获取原始赔率值: record_id=4, field=half_win_full_draw
2026-04-14 16:54:20 - tczq_data - INFO - ✓ 记录赔率变化: tczq_ht_ft_odds.half_win_full_draw 0.000 -> 0.000 (diff=0.000)
2026-04-14 16:54:20 - tczq_data - WARNING - 无法获取原始赔率值: record_id=4, field=half_win_full_lose
2026-04-14 16:54:20 - tczq_data - INFO - ✓ 记录赔率变化: tczq_ht_ft_odds.half_win_full_lose 0.000 -> 0.000 (diff=0.000)
2026-04-14 16:54:20 - tczq_data - WARNING - 无法获取原始赔率值: record_id=4, field=half_draw_full_win
2026-04-14 16:54:21 - tczq_data - INFO - ✓ 记录赔率变化: tczq_ht_ft_odds.half_draw_full_win 0.000 -> 0.000 (diff=0.000)
2026-04-14 16:54:21 - tczq_data - WARNING - 无法获取原始赔率值: record_id=4, field=half_draw_full_lose
2026-04-14 16:54:21 - tczq_data - INFO - ✓ 记录赔率变化: tczq_ht_ft_odds.half_draw_full_lose 0.000 -> 0.000 (diff=0.000)
2026-04-14 16:54:21 - tczq_data - WARNING - 无法获取原始赔率值: record_id=4, field=half_lose_full_win
2026-04-14 16:54:21 - tczq_data - INFO - ✓ 记录赔率变化: tczq_ht_ft_odds.half_lose_full_win 0.000 -> 0.000 (diff=0.000)
2026-04-14 16:54:21 - tczq_data - WARNING - 无法获取原始赔率值: record_id=4, field=half_lose_full_draw
2026-04-14 16:54:21 - tczq_data - INFO - ✓ 记录赔率变化: tczq_ht_ft_odds.half_lose_full_draw 0.000 -> 0.000 (diff=0.000)
2026-04-14 16:54:21 - tczq_data - WARNING - 无法获取原始赔率值: record_id=4, field=half_lose_full_lose
2026-04-14 16:54:21 - tczq_data - INFO - ✓ 记录赔率变化: tczq_ht_ft_odds.half_lose_full_lose 0.000 -> 0.000 (diff=0.000)
2026-04-14 16:54:21 - tczq_data - WARNING - 无法获取原始赔率值: record_id=5, field=goal_0
2026-04-14 16:54:21 - tczq_data - INFO - ✓ 记录赔率变化: tczq_total_goal_odds.goal_0 0.000 -> 0.000 (diff=0.000)
2026-04-14 16:54:21 - tczq_data - WARNING - 无法获取原始赔率值: record_id=5, field=goal_1
2026-04-14 16:54:21 - tczq_data - INFO - ✓ 记录赔率变化: tczq_total_goal_odds.goal_1 0.000 -> 0.000 (diff=0.000)
2026-04-14 16:54:21 - tczq_data - WARNING - 无法获取原始赔率值: record_id=5, field=goal_2
2026-04-14 16:54:21 - tczq_data - INFO - ✓ 记录赔率变化: tczq_total_goal_odds.goal_2 0.000 -> 0.000 (diff=0.000)
2026-04-14 16:54:21 - tczq_data - WARNING - 无法获取原始赔率值: record_id=5, field=goal_3
2026-04-14 16:54:21 - tczq_data - INFO - ✓ 记录赔率变化: tczq_total_goal_odds.goal_3 0.000 -> 0.000 (diff=0.000)
2026-04-14 16:54:21 - tczq_data - WARNING - 无法获取原始赔率值: record_id=5, field=goal_4
2026-04-14 16:54:21 - tczq_data - INFO - ✓ 记录赔率变化: tczq_total_goal_odds.goal_4 0.000 -> 0.000 (diff=0.000)
2026-04-14 16:54:21 - tczq_data - WARNING - 无法获取原始赔率值: record_id=5, field=goal_5
2026-04-14 16:54:21 - tczq_data - INFO - ✓ 记录赔率变化: tczq_total_goal_odds.goal_5 0.000 -> 0.000 (diff=0.000)
2026-04-14 16:54:21 - tczq_data - WARNING - 无法获取原始赔率值: record_id=5, field=goal_6
2026-04-14 16:54:21 - tczq_data - INFO - ✓ 记录赔率变化: tczq_total_goal_odds.goal_6 0.000 -> 0.000 (diff=0.000)
2026-04-14 16:54:21 - tczq_data - WARNING - 无法获取原始赔率值: record_id=5, field=goal_about
2026-04-14 16:54:21 - tczq_data - INFO - ✓ 记录赔率变化: tczq_total_goal_odds.goal_about 0.000 -> 0.000 (diff=0.000)
2026-04-14 16:54:21 - tczq_data - WARNING - 无法获取原始赔率值: record_id=5, field=half_win_full_win
2026-04-14 16:54:21 - tczq_data - INFO - ✓ 记录赔率变化: tczq_ht_ft_odds.half_win_full_win 0.000 -> 0.000 (diff=0.000)
2026-04-14 16:54:21 - tczq_data - WARNING - 无法获取原始赔率值: record_id=5, field=half_win_full_draw
2026-04-14 16:54:21 - tczq_data - INFO - ✓ 记录赔率变化: tczq_ht_ft_odds.half_win_full_draw 0.000 -> 0.000 (diff=0.000)
2026-04-14 16:54:21 - tczq_data - WARNING - 无法获取原始赔率值: record_id=5, field=half_win_full_lose
2026-04-14 16:54:21 - tczq_data - INFO - ✓ 记录赔率变化: tczq_ht_ft_odds.half_win_full_lose 0.000 -> 0.000 (diff=0.000)
2026-04-14 16:54:21 - tczq_data - WARNING - 无法获取原始赔率值: record_id=5, field=half_draw_full_win
2026-04-14 16:54:21 - tczq_data - INFO - ✓ 记录赔率变化: tczq_ht_ft_odds.half_draw_full_win 0.000 -> 0.000 (diff=0.000)
2026-04-14 16:54:21 - tczq_data - WARNING - 无法获取原始赔率值: record_id=5, field=half_draw_full_lose
2026-04-14 16:54:21 - tczq_data - INFO - ✓ 记录赔率变化: tczq_ht_ft_odds.half_draw_full_lose 0.000 -> 0.000 (diff=0.000)
2026-04-14 16:54:21 - tczq_data - WARNING - 无法获取原始赔率值: record_id=5, field=half_lose_full_win
2026-04-14 16:54:21 - tczq_data - INFO - ✓ 记录赔率变化: tczq_ht_ft_odds.half_lose_full_win 0.000 -> 0.000 (diff=0.000)
2026-04-14 16:54:21 - tczq_data - WARNING - 无法获取原始赔率值: record_id=5, field=half_lose_full_draw
2026-04-14 16:54:21 - tczq_data - INFO - ✓ 记录赔率变化: tczq_ht_ft_odds.half_lose_full_draw 0.000 -> 0.000 (diff=0.000)
2026-04-14 16:54:21 - tczq_data - WARNING - 无法获取原始赔率值: record_id=5, field=half_lose_full_lose
2026-04-14 16:54:21 - tczq_data - INFO - ✓ 记录赔率变化: tczq_ht_ft_odds.half_lose_full_lose 0.000 -> 0.000 (diff=0.000)
2026-04-14 16:54:21 - tczq_data - WARNING - 无法获取原始赔率值: record_id=6, field=goal_0
2026-04-14 16:54:21 - tczq_data - INFO - ✓ 记录赔率变化: tczq_total_goal_odds.goal_0 0.000 -> 0.000 (diff=0.000)
2026-04-14 16:54:21 - tczq_data - WARNING - 无法获取原始赔率值: record_id=6, field=goal_1
2026-04-14 16:54:21 - tczq_data - INFO - ✓ 记录赔率变化: tczq_total_goal_odds.goal_1 0.000 -> 0.000 (diff=0.000)
2026-04-14 16:54:21 - tczq_data - WARNING - 无法获取原始赔率值: record_id=6, field=goal_2
2026-04-14 16:54:21 - tczq_data - INFO - ✓ 记录赔率变化: tczq_total_goal_odds.goal_2 0.000 -> 0.000 (diff=0.000)
2026-04-14 16:54:21 - tczq_data - WARNING - 无法获取原始赔率值: record_id=6, field=goal_3
2026-04-14 16:54:21 - tczq_data - INFO - ✓ 记录赔率变化: tczq_total_goal_odds.goal_3 0.000 -> 0.000 (diff=0.000)
2026-04-14 16:54:21 - tczq_data - WARNING - 无法获取原始赔率值: record_id=6, field=goal_4
2026-04-14 16:54:21 - tczq_data - INFO - ✓ 记录赔率变化: tczq_total_goal_odds.goal_4 0.000 -> 0.000 (diff=0.000)
2026-04-14 16:54:21 - tczq_data - WARNING - 无法获取原始赔率值: record_id=6, field=goal_5
2026-04-14 16:54:21 - tczq_data - INFO - ✓ 记录赔率变化: tczq_total_goal_odds.goal_5 0.000 -> 0.000 (diff=0.000)
2026-04-14 16:54:21 - tczq_data - WARNING - 无法获取原始赔率值: record_id=6, field=goal_6
2026-04-14 16:54:21 - tczq_data - INFO - ✓ 记录赔率变化: tczq_total_goal_odds.goal_6 0.000 -> 0.000 (diff=0.000)
2026-04-14 16:54:21 - tczq_data - WARNING - 无法获取原始赔率值: record_id=6, field=goal_about
2026-04-14 16:54:21 - tczq_data - INFO - ✓ 记录赔率变化: tczq_total_goal_odds.goal_about 0.000 -> 0.000 (diff=0.000)
2026-04-14 16:54:21 - tczq_data - WARNING - 无法获取原始赔率值: record_id=6, field=half_win_full_win
2026-04-14 16:54:21 - tczq_data - INFO - ✓ 记录赔率变化: tczq_ht_ft_odds.half_win_full_win 0.000 -> 0.000 (diff=0.000)
2026-04-14 16:54:21 - tczq_data - WARNING - 无法获取原始赔率值: record_id=6, field=half_win_full_draw
2026-04-14 16:54:21 - tczq_data - INFO - ✓ 记录赔率变化: tczq_ht_ft_odds.half_win_full_draw 0.000 -> 0.000 (diff=0.000)
2026-04-14 16:54:21 - tczq_data - WARNING - 无法获取原始赔率值: record_id=6, field=half_win_full_lose
2026-04-14 16:54:21 - tczq_data - INFO - ✓ 记录赔率变化: tczq_ht_ft_odds.half_win_full_lose 0.000 -> 0.000 (diff=0.000)
2026-04-14 16:54:21 - tczq_data - WARNING - 无法获取原始赔率值: record_id=6, field=half_draw_full_win
2026-04-14 16:54:21 - tczq_data - INFO - ✓ 记录赔率变化: tczq_ht_ft_odds.half_draw_full_win 0.000 -> 0.000 (diff=0.000)
2026-04-14 16:54:21 - tczq_data - WARNING - 无法获取原始赔率值: record_id=6, field=half_draw_full_lose
2026-04-14 16:54:21 - tczq_data - INFO - ✓ 记录赔率变化: tczq_ht_ft_odds.half_draw_full_lose 0.000 -> 0.000 (diff=0.000)
2026-04-14 16:54:21 - tczq_data - WARNING - 无法获取原始赔率值: record_id=6, field=half_lose_full_win
2026-04-14 16:54:21 - tczq_data - INFO - ✓ 记录赔率变化: tczq_ht_ft_odds.half_lose_full_win 0.000 -> 0.000 (diff=0.000)
2026-04-14 16:54:21 - tczq_data - WARNING - 无法获取原始赔率值: record_id=6, field=half_lose_full_draw
2026-04-14 16:54:21 - tczq_data - INFO - ✓ 记录赔率变化: tczq_ht_ft_odds.half_lose_full_draw 0.000 -> 0.000 (diff=0.000)
2026-04-14 16:54:21 - tczq_data - WARNING - 无法获取原始赔率值: record_id=6, field=half_lose_full_lose
2026-04-14 16:54:21 - tczq_data - INFO - ✓ 记录赔率变化: tczq_ht_ft_odds.half_lose_full_lose 0.000 -> 0.000 (diff=0.000)
2026-04-14 16:54:21 - tczq_data - WARNING - 无法获取原始赔率值: record_id=7, field=goal_0
2026-04-14 16:54:21 - tczq_data - INFO - ✓ 记录赔率变化: tczq_total_goal_odds.goal_0 0.000 -> 0.000 (diff=0.000)
2026-04-14 16:54:21 - tczq_data - WARNING - 无法获取原始赔率值: record_id=7, field=goal_1
2026-04-14 16:54:21 - tczq_data - INFO - ✓ 记录赔率变化: tczq_total_goal_odds.goal_1 0.000 -> 0.000 (diff=0.000)
2026-04-14 16:54:21 - tczq_data - WARNING - 无法获取原始赔率值: record_id=7, field=goal_2
2026-04-14 16:54:21 - tczq_data - INFO - ✓ 记录赔率变化: tczq_total_goal_odds.goal_2 0.000 -> 0.000 (diff=0.000)
2026-04-14 16:54:21 - tczq_data - WARNING - 无法获取原始赔率值: record_id=7, field=goal_3
2026-04-14 16:54:21 - tczq_data - INFO - ✓ 记录赔率变化: tczq_total_goal_odds.goal_3 0.000 -> 0.000 (diff=0.000)
2026-04-14 16:54:21 - tczq_data - WARNING - 无法获取原始赔率值: record_id=7, field=goal_4
2026-04-14 16:54:21 - tczq_data - INFO - ✓ 记录赔率变化: tczq_total_goal_odds.goal_4 0.000 -> 0.000 (diff=0.000)
2026-04-14 16:54:21 - tczq_data - WARNING - 无法获取原始赔率值: record_id=7, field=goal_5
2026-04-14 16:54:21 - tczq_data - INFO - ✓ 记录赔率变化: tczq_total_goal_odds.goal_5 0.000 -> 0.000 (diff=0.000)
2026-04-14 16:54:21 - tczq_data - WARNING - 无法获取原始赔率值: record_id=7, field=goal_6
2026-04-14 16:54:21 - tczq_data - INFO - ✓ 记录赔率变化: tczq_total_goal_odds.goal_6 0.000 -> 0.000 (diff=0.000)
2026-04-14 16:54:21 - tczq_data - WARNING - 无法获取原始赔率值: record_id=7, field=goal_about
2026-04-14 16:54:22 - tczq_data - INFO - ✓ 记录赔率变化: tczq_total_goal_odds.goal_about 0.000 -> 0.000 (diff=0.000)
2026-04-14 16:54:22 - tczq_data - WARNING - 无法获取原始赔率值: record_id=7, field=half_win_full_win
2026-04-14 16:54:22 - tczq_data - INFO - ✓ 记录赔率变化: tczq_ht_ft_odds.half_win_full_win 0.000 -> 0.000 (diff=0.000)
2026-04-14 16:54:22 - tczq_data - WARNING - 无法获取原始赔率值: record_id=7, field=half_win_full_draw
2026-04-14 16:54:22 - tczq_data - INFO - ✓ 记录赔率变化: tczq_ht_ft_odds.half_win_full_draw 0.000 -> 0.000 (diff=0.000)
2026-04-14 16:54:22 - tczq_data - WARNING - 无法获取原始赔率值: record_id=7, field=half_win_full_lose
2026-04-14 16:54:22 - tczq_data - INFO - ✓ 记录赔率变化: tczq_ht_ft_odds.half_win_full_lose 0.000 -> 0.000 (diff=0.000)
2026-04-14 16:54:22 - tczq_data - WARNING - 无法获取原始赔率值: record_id=7, field=half_draw_full_win
2026-04-14 16:54:22 - tczq_data - INFO - ✓ 记录赔率变化: tczq_ht_ft_odds.half_draw_full_win 0.000 -> 0.000 (diff=0.000)
2026-04-14 16:54:22 - tczq_data - WARNING - 无法获取原始赔率值: record_id=7, field=half_draw_full_lose
2026-04-14 16:54:22 - tczq_data - INFO - ✓ 记录赔率变化: tczq_ht_ft_odds.half_draw_full_lose 0.000 -> 0.000 (diff=0.000)
2026-04-14 16:54:22 - tczq_data - WARNING - 无法获取原始赔率值: record_id=7, field=half_lose_full_win
2026-04-14 16:54:22 - tczq_data - INFO - ✓ 记录赔率变化: tczq_ht_ft_odds.half_lose_full_win 0.000 -> 0.000 (diff=0.000)
2026-04-14 16:54:22 - tczq_data - WARNING - 无法获取原始赔率值: record_id=7, field=half_lose_full_draw
2026-04-14 16:54:22 - tczq_data - INFO - ✓ 记录赔率变化: tczq_ht_ft_odds.half_lose_full_draw 0.000 -> 0.000 (diff=0.000)
2026-04-14 16:54:22 - tczq_data - WARNING - 无法获取原始赔率值: record_id=7, field=half_lose_full_lose
2026-04-14 16:54:22 - tczq_data - INFO - ✓ 记录赔率变化: tczq_ht_ft_odds.half_lose_full_lose 0.000 -> 0.000 (diff=0.000)
2026-04-14 16:54:22 - tczq_data - WARNING - 无法获取原始赔率值: record_id=8, field=goal_0
2026-04-14 16:54:22 - tczq_data - INFO - ✓ 记录赔率变化: tczq_total_goal_odds.goal_0 0.000 -> 0.000 (diff=0.000)
2026-04-14 16:54:22 - tczq_data - WARNING - 无法获取原始赔率值: record_id=8, field=goal_1
2026-04-14 16:54:22 - tczq_data - INFO - ✓ 记录赔率变化: tczq_total_goal_odds.goal_1 0.000 -> 0.000 (diff=0.000)
2026-04-14 16:54:22 - tczq_data - WARNING - 无法获取原始赔率值: record_id=8, field=goal_2
2026-04-14 16:54:22 - tczq_data - INFO - ✓ 记录赔率变化: tczq_total_goal_odds.goal_2 0.000 -> 0.000 (diff=0.000)
2026-04-14 16:54:22 - tczq_data - WARNING - 无法获取原始赔率值: record_id=8, field=goal_3
2026-04-14 16:54:22 - tczq_data - INFO - ✓ 记录赔率变化: tczq_total_goal_odds.goal_3 0.000 -> 0.000 (diff=0.000)
2026-04-14 16:54:22 - tczq_data - WARNING - 无法获取原始赔率值: record_id=8, field=goal_4
2026-04-14 16:54:22 - tczq_data - INFO - ✓ 记录赔率变化: tczq_total_goal_odds.goal_4 0.000 -> 0.000 (diff=0.000)
2026-04-14 16:54:22 - tczq_data - WARNING - 无法获取原始赔率值: record_id=8, field=goal_5
2026-04-14 16:54:22 - tczq_data - INFO - ✓ 记录赔率变化: tczq_total_goal_odds.goal_5 0.000 -> 0.000 (diff=0.000)
2026-04-14 16:54:22 - tczq_data - WARNING - 无法获取原始赔率值: record_id=8, field=goal_6
2026-04-14 16:54:22 - tczq_data - INFO - ✓ 记录赔率变化: tczq_total_goal_odds.goal_6 0.000 -> 0.000 (diff=0.000)
2026-04-14 16:54:22 - tczq_data - WARNING - 无法获取原始赔率值: record_id=8, field=goal_about
2026-04-14 16:54:22 - tczq_data - INFO - ✓ 记录赔率变化: tczq_total_goal_odds.goal_about 0.000 -> 0.000 (diff=0.000)
2026-04-14 16:54:22 - tczq_data - WARNING - 无法获取原始赔率值: record_id=8, field=half_win_full_win
2026-04-14 16:54:22 - tczq_data - INFO - ✓ 记录赔率变化: tczq_ht_ft_odds.half_win_full_win 0.000 -> 0.000 (diff=0.000)
2026-04-14 16:54:22 - tczq_data - WARNING - 无法获取原始赔率值: record_id=8, field=half_win_full_draw
2026-04-14 16:54:22 - tczq_data - INFO - ✓ 记录赔率变化: tczq_ht_ft_odds.half_win_full_draw 0.000 -> 0.000 (diff=0.000)
2026-04-14 16:54:22 - tczq_data - WARNING - 无法获取原始赔率值: record_id=8, field=half_win_full_lose
2026-04-14 16:54:22 - tczq_data - INFO - ✓ 记录赔率变化: tczq_ht_ft_odds.half_win_full_lose 0.000 -> 0.000 (diff=0.000)
2026-04-14 16:54:22 - tczq_data - WARNING - 无法获取原始赔率值: record_id=8, field=half_draw_full_win
2026-04-14 16:54:22 - tczq_data - INFO - ✓ 记录赔率变化: tczq_ht_ft_odds.half_draw_full_win 0.000 -> 0.000 (diff=0.000)
2026-04-14 16:54:22 - tczq_data - WARNING - 无法获取原始赔率值: record_id=8, field=half_draw_full_lose
2026-04-14 16:54:22 - tczq_data - INFO - ✓ 记录赔率变化: tczq_ht_ft_odds.half_draw_full_lose 0.000 -> 0.000 (diff=0.000)
2026-04-14 16:54:22 - tczq_data - WARNING - 无法获取原始赔率值: record_id=8, field=half_lose_full_win
2026-04-14 16:54:22 - tczq_data - INFO - ✓ 记录赔率变化: tczq_ht_ft_odds.half_lose_full_win 0.000 -> 0.000 (diff=0.000)
2026-04-14 16:54:22 - tczq_data - WARNING - 无法获取原始赔率值: record_id=8, field=half_lose_full_draw
2026-04-14 16:54:22 - tczq_data - INFO - ✓ 记录赔率变化: tczq_ht_ft_odds.half_lose_full_draw 0.000 -> 0.000 (diff=0.000)
2026-04-14 16:54:22 - tczq_data - WARNING - 无法获取原始赔率值: record_id=8, field=half_lose_full_lose
2026-04-14 16:54:22 - tczq_data - INFO - ✓ 记录赔率变化: tczq_ht_ft_odds.half_lose_full_lose 0.000 -> 0.000 (diff=0.000)
2026-04-14 16:54:22 - tczq_data - WARNING - 无法获取原始赔率值: record_id=9, field=goal_0
2026-04-14 16:54:22 - tczq_data - INFO - ✓ 记录赔率变化: tczq_total_goal_odds.goal_0 0.000 -> 0.000 (diff=0.000)
2026-04-14 16:54:22 - tczq_data - WARNING - 无法获取原始赔率值: record_id=9, field=goal_1
2026-04-14 16:54:22 - tczq_data - INFO - ✓ 记录赔率变化: tczq_total_goal_odds.goal_1 0.000 -> 0.000 (diff=0.000)
2026-04-14 16:54:22 - tczq_data - WARNING - 无法获取原始赔率值: record_id=9, field=goal_2
2026-04-14 16:54:22 - tczq_data - INFO - ✓ 记录赔率变化: tczq_total_goal_odds.goal_2 0.000 -> 0.000 (diff=0.000)
2026-04-14 16:54:22 - tczq_data - WARNING - 无法获取原始赔率值: record_id=9, field=goal_3
2026-04-14 16:54:22 - tczq_data - INFO - ✓ 记录赔率变化: tczq_total_goal_odds.goal_3 0.000 -> 0.000 (diff=0.000)
2026-04-14 16:54:22 - tczq_data - WARNING - 无法获取原始赔率值: record_id=9, field=goal_4
2026-04-14 16:54:22 - tczq_data - INFO - ✓ 记录赔率变化: tczq_total_goal_odds.goal_4 0.000 -> 0.000 (diff=0.000)
2026-04-14 16:54:22 - tczq_data - WARNING - 无法获取原始赔率值: record_id=9, field=goal_5
2026-04-14 16:54:22 - tczq_data - INFO - ✓ 记录赔率变化: tczq_total_goal_odds.goal_5 0.000 -> 0.000 (diff=0.000)
2026-04-14 16:54:22 - tczq_data - WARNING - 无法获取原始赔率值: record_id=9, field=goal_6
2026-04-14 16:54:22 - tczq_data - INFO - ✓ 记录赔率变化: tczq_total_goal_odds.goal_6 0.000 -> 0.000 (diff=0.000)
2026-04-14 16:54:22 - tczq_data - WARNING - 无法获取原始赔率值: record_id=9, field=goal_about
2026-04-14 16:54:22 - tczq_data - INFO - ✓ 记录赔率变化: tczq_total_goal_odds.goal_about 0.000 -> 0.000 (diff=0.000)
2026-04-14 16:54:22 - tczq_data - WARNING - 无法获取原始赔率值: record_id=9, field=half_win_full_win
2026-04-14 16:54:22 - tczq_data - INFO - ✓ 记录赔率变化: tczq_ht_ft_odds.half_win_full_win 0.000 -> 0.000 (diff=0.000)
2026-04-14 16:54:22 - tczq_data - WARNING - 无法获取原始赔率值: record_id=9, field=half_win_full_draw
2026-04-14 16:54:22 - tczq_data - INFO - ✓ 记录赔率变化: tczq_ht_ft_odds.half_win_full_draw 0.000 -> 0.000 (diff=0.000)
2026-04-14 16:54:22 - tczq_data - WARNING - 无法获取原始赔率值: record_id=9, field=half_win_full_lose
2026-04-14 16:54:22 - tczq_data - INFO - ✓ 记录赔率变化: tczq_ht_ft_odds.half_win_full_lose 0.000 -> 0.000 (diff=0.000)
2026-04-14 16:54:22 - tczq_data - WARNING - 无法获取原始赔率值: record_id=9, field=half_draw_full_win
2026-04-14 16:54:22 - tczq_data - INFO - ✓ 记录赔率变化: tczq_ht_ft_odds.half_draw_full_win 0.000 -> 0.000 (diff=0.000)
2026-04-14 16:54:22 - tczq_data - WARNING - 无法获取原始赔率值: record_id=9, field=half_draw_full_lose
2026-04-14 16:54:22 - tczq_data - INFO - ✓ 记录赔率变化: tczq_ht_ft_odds.half_draw_full_lose 0.000 -> 0.000 (diff=0.000)
2026-04-14 16:54:22 - tczq_data - WARNING - 无法获取原始赔率值: record_id=9, field=half_lose_full_win
2026-04-14 16:54:22 - tczq_data - INFO - ✓ 记录赔率变化: tczq_ht_ft_odds.half_lose_full_win 0.000 -> 0.000 (diff=0.000)
2026-04-14 16:54:22 - tczq_data - WARNING - 无法获取原始赔率值: record_id=9, field=half_lose_full_draw
2026-04-14 16:54:22 - tczq_data - INFO - ✓ 记录赔率变化: tczq_ht_ft_odds.half_lose_full_draw 0.000 -> 0.000 (diff=0.000)
2026-04-14 16:54:22 - tczq_data - WARNING - 无法获取原始赔率值: record_id=9, field=half_lose_full_lose
2026-04-14 16:54:23 - tczq_data - INFO - ✓ 记录赔率变化: tczq_ht_ft_odds.half_lose_full_lose 0.000 -> 0.000 (diff=0.000)
2026-04-14 16:54:23 - tczq_data - WARNING - 无法获取原始赔率值: record_id=10, field=goal_0
2026-04-14 16:54:23 - tczq_data - INFO - ✓ 记录赔率变化: tczq_total_goal_odds.goal_0 0.000 -> 0.000 (diff=0.000)
2026-04-14 16:54:23 - tczq_data - WARNING - 无法获取原始赔率值: record_id=10, field=goal_1
2026-04-14 16:54:23 - tczq_data - INFO - ✓ 记录赔率变化: tczq_total_goal_odds.goal_1 0.000 -> 0.000 (diff=0.000)
2026-04-14 16:54:23 - tczq_data - WARNING - 无法获取原始赔率值: record_id=10, field=goal_2
2026-04-14 16:54:23 - tczq_data - INFO - ✓ 记录赔率变化: tczq_total_goal_odds.goal_2 0.000 -> 0.000 (diff=0.000)
2026-04-14 16:54:23 - tczq_data - WARNING - 无法获取原始赔率值: record_id=10, field=goal_3
2026-04-14 16:54:23 - tczq_data - INFO - ✓ 记录赔率变化: tczq_total_goal_odds.goal_3 0.000 -> 0.000 (diff=0.000)
2026-04-14 16:54:23 - tczq_data - WARNING - 无法获取原始赔率值: record_id=10, field=goal_4
2026-04-14 16:54:23 - tczq_data - INFO - ✓ 记录赔率变化: tczq_total_goal_odds.goal_4 0.000 -> 0.000 (diff=0.000)
2026-04-14 16:54:23 - tczq_data - WARNING - 无法获取原始赔率值: record_id=10, field=goal_5
2026-04-14 16:54:23 - tczq_data - INFO - ✓ 记录赔率变化: tczq_total_goal_odds.goal_5 0.000 -> 0.000 (diff=0.000)
2026-04-14 16:54:23 - tczq_data - WARNING - 无法获取原始赔率值: record_id=10, field=goal_6
2026-04-14 16:54:23 - tczq_data - INFO - ✓ 记录赔率变化: tczq_total_goal_odds.goal_6 0.000 -> 0.000 (diff=0.000)
2026-04-14 16:54:23 - tczq_data - WARNING - 无法获取原始赔率值: record_id=10, field=goal_about
2026-04-14 16:54:23 - tczq_data - INFO - ✓ 记录赔率变化: tczq_total_goal_odds.goal_about 0.000 -> 0.000 (diff=0.000)
2026-04-14 16:54:23 - tczq_data - WARNING - 无法获取原始赔率值: record_id=10, field=half_win_full_win
2026-04-14 16:54:23 - tczq_data - INFO - ✓ 记录赔率变化: tczq_ht_ft_odds.half_win_full_win 0.000 -> 0.000 (diff=0.000)
2026-04-14 16:54:23 - tczq_data - WARNING - 无法获取原始赔率值: record_id=10, field=half_win_full_draw
2026-04-14 16:54:23 - tczq_data - INFO - ✓ 记录赔率变化: tczq_ht_ft_odds.half_win_full_draw 0.000 -> 0.000 (diff=0.000)
2026-04-14 16:54:23 - tczq_data - WARNING - 无法获取原始赔率值: record_id=10, field=half_win_full_lose
2026-04-14 16:54:23 - tczq_data - INFO - ✓ 记录赔率变化: tczq_ht_ft_odds.half_win_full_lose 0.000 -> 0.000 (diff=0.000)
2026-04-14 16:54:23 - tczq_data - WARNING - 无法获取原始赔率值: record_id=10, field=half_draw_full_win
2026-04-14 16:54:23 - tczq_data - INFO - ✓ 记录赔率变化: tczq_ht_ft_odds.half_draw_full_win 0.000 -> 0.000 (diff=0.000)
2026-04-14 16:54:23 - tczq_data - WARNING - 无法获取原始赔率值: record_id=10, field=half_draw_full_lose
2026-04-14 16:54:23 - tczq_data - INFO - ✓ 记录赔率变化: tczq_ht_ft_odds.half_draw_full_lose 0.000 -> 0.000 (diff=0.000)
2026-04-14 16:54:23 - tczq_data - WARNING - 无法获取原始赔率值: record_id=10, field=half_lose_full_win
2026-04-14 16:54:23 - tczq_data - INFO - ✓ 记录赔率变化: tczq_ht_ft_odds.half_lose_full_win 0.000 -> 0.000 (diff=0.000)
2026-04-14 16:54:23 - tczq_data - WARNING - 无法获取原始赔率值: record_id=10, field=half_lose_full_draw
2026-04-14 16:54:23 - tczq_data - INFO - ✓ 记录赔率变化: tczq_ht_ft_odds.half_lose_full_draw 0.000 -> 0.000 (diff=0.000)
2026-04-14 16:54:23 - tczq_data - WARNING - 无法获取原始赔率值: record_id=10, field=half_lose_full_lose
2026-04-14 16:54:23 - tczq_data - INFO - ✓ 记录赔率变化: tczq_ht_ft_odds.half_lose_full_lose 0.000 -> 0.000 (diff=0.000)
2026-04-14 16:54:23 - tczq_data - WARNING - 无法获取原始赔率值: record_id=11, field=goal_0
2026-04-14 16:54:23 - tczq_data - INFO - ✓ 记录赔率变化: tczq_total_goal_odds.goal_0 0.000 -> 0.000 (diff=0.000)
2026-04-14 16:54:23 - tczq_data - WARNING - 无法获取原始赔率值: record_id=11, field=goal_1
2026-04-14 16:54:23 - tczq_data - INFO - ✓ 记录赔率变化: tczq_total_goal_odds.goal_1 0.000 -> 0.000 (diff=0.000)
2026-04-14 16:54:23 - tczq_data - WARNING - 无法获取原始赔率值: record_id=11, field=goal_2
2026-04-14 16:54:23 - tczq_data - INFO - ✓ 记录赔率变化: tczq_total_goal_odds.goal_2 0.000 -> 0.000 (diff=0.000)
2026-04-14 16:54:23 - tczq_data - WARNING - 无法获取原始赔率值: record_id=11, field=goal_3
2026-04-14 16:54:23 - tczq_data - INFO - ✓ 记录赔率变化: tczq_total_goal_odds.goal_3 0.000 -> 0.000 (diff=0.000)
2026-04-14 16:54:23 - tczq_data - WARNING - 无法获取原始赔率值: record_id=11, field=goal_4
2026-04-14 16:54:23 - tczq_data - INFO - ✓ 记录赔率变化: tczq_total_goal_odds.goal_4 0.000 -> 0.000 (diff=0.000)
2026-04-14 16:54:23 - tczq_data - WARNING - 无法获取原始赔率值: record_id=11, field=goal_5
2026-04-14 16:54:23 - tczq_data - INFO - ✓ 记录赔率变化: tczq_total_goal_odds.goal_5 0.000 -> 0.000 (diff=0.000)
2026-04-14 16:54:23 - tczq_data - WARNING - 无法获取原始赔率值: record_id=11, field=goal_6
2026-04-14 16:54:23 - tczq_data - INFO - ✓ 记录赔率变化: tczq_total_goal_odds.goal_6 0.000 -> 0.000 (diff=0.000)
2026-04-14 16:54:23 - tczq_data - WARNING - 无法获取原始赔率值: record_id=11, field=goal_about
2026-04-14 16:54:23 - tczq_data - INFO - ✓ 记录赔率变化: tczq_total_goal_odds.goal_about 0.000 -> 0.000 (diff=0.000)
2026-04-14 16:54:23 - tczq_data - WARNING - 无法获取原始赔率值: record_id=11, field=half_win_full_win
2026-04-14 16:54:23 - tczq_data - INFO - ✓ 记录赔率变化: tczq_ht_ft_odds.half_win_full_win 0.000 -> 0.000 (diff=0.000)
2026-04-14 16:54:23 - tczq_data - WARNING - 无法获取原始赔率值: record_id=11, field=half_win_full_draw
2026-04-14 16:54:23 - tczq_data - INFO - ✓ 记录赔率变化: tczq_ht_ft_odds.half_win_full_draw 0.000 -> 0.000 (diff=0.000)
2026-04-14 16:54:23 - tczq_data - WARNING - 无法获取原始赔率值: record_id=11, field=half_win_full_lose
2026-04-14 16:54:23 - tczq_data - INFO - ✓ 记录赔率变化: tczq_ht_ft_odds.half_win_full_lose 0.000 -> 0.000 (diff=0.000)
2026-04-14 16:54:23 - tczq_data - WARNING - 无法获取原始赔率值: record_id=11, field=half_draw_full_win
2026-04-14 16:54:23 - tczq_data - INFO - ✓ 记录赔率变化: tczq_ht_ft_odds.half_draw_full_win 0.000 -> 0.000 (diff=0.000)
2026-04-14 16:54:23 - tczq_data - WARNING - 无法获取原始赔率值: record_id=11, field=half_draw_full_lose
2026-04-14 16:54:23 - tczq_data - INFO - ✓ 记录赔率变化: tczq_ht_ft_odds.half_draw_full_lose 0.000 -> 0.000 (diff=0.000)
2026-04-14 16:54:23 - tczq_data - WARNING - 无法获取原始赔率值: record_id=11, field=half_lose_full_win
2026-04-14 16:54:23 - tczq_data - INFO - ✓ 记录赔率变化: tczq_ht_ft_odds.half_lose_full_win 0.000 -> 0.000 (diff=0.000)
2026-04-14 16:54:23 - tczq_data - WARNING - 无法获取原始赔率值: record_id=11, field=half_lose_full_draw
2026-04-14 16:54:23 - tczq_data - INFO - ✓ 记录赔率变化: tczq_ht_ft_odds.half_lose_full_draw 0.000 -> 0.000 (diff=0.000)
2026-04-14 16:54:23 - tczq_data - WARNING - 无法获取原始赔率值: record_id=11, field=half_lose_full_lose
2026-04-14 16:54:23 - tczq_data - INFO - ✓ 记录赔率变化: tczq_ht_ft_odds.half_lose_full_lose 0.000 -> 0.000 (diff=0.000)
2026-04-14 16:54:23 - tczq_data - WARNING - 无法获取原始赔率值: record_id=12, field=goal_0
2026-04-14 16:54:23 - tczq_data - INFO - ✓ 记录赔率变化: tczq_total_goal_odds.goal_0 0.000 -> 0.000 (diff=0.000)
2026-04-14 16:54:23 - tczq_data - WARNING - 无法获取原始赔率值: record_id=12, field=goal_1
2026-04-14 16:54:23 - tczq_data - INFO - ✓ 记录赔率变化: tczq_total_goal_odds.goal_1 0.000 -> 0.000 (diff=0.000)
2026-04-14 16:54:23 - tczq_data - WARNING - 无法获取原始赔率值: record_id=12, field=goal_2
2026-04-14 16:54:23 - tczq_data - INFO - ✓ 记录赔率变化: tczq_total_goal_odds.goal_2 0.000 -> 0.000 (diff=0.000)
2026-04-14 16:54:23 - tczq_data - WARNING - 无法获取原始赔率值: record_id=12, field=goal_3
2026-04-14 16:54:23 - tczq_data - INFO - ✓ 记录赔率变化: tczq_total_goal_odds.goal_3 0.000 -> 0.000 (diff=0.000)
2026-04-14 16:54:23 - tczq_data - WARNING - 无法获取原始赔率值: record_id=12, field=goal_4
2026-04-14 16:54:23 - tczq_data - INFO - ✓ 记录赔率变化: tczq_total_goal_odds.goal_4 0.000 -> 0.000 (diff=0.000)
2026-04-14 16:54:23 - tczq_data - WARNING - 无法获取原始赔率值: record_id=12, field=goal_5
2026-04-14 16:54:23 - tczq_data - INFO - ✓ 记录赔率变化: tczq_total_goal_odds.goal_5 0.000 -> 0.000 (diff=0.000)
2026-04-14 16:54:23 - tczq_data - WARNING - 无法获取原始赔率值: record_id=12, field=goal_6
2026-04-14 16:54:23 - tczq_data - INFO - ✓ 记录赔率变化: tczq_total_goal_odds.goal_6 0.000 -> 0.000 (diff=0.000)
2026-04-14 16:54:23 - tczq_data - WARNING - 无法获取原始赔率值: record_id=12, field=goal_about
2026-04-14 16:54:23 - tczq_data - INFO - ✓ 记录赔率变化: tczq_total_goal_odds.goal_about 0.000 -> 0.000 (diff=0.000)
2026-04-14 16:54:24 - tczq_data - WARNING - 无法获取原始赔率值: record_id=12, field=half_win_full_win
2026-04-14 16:54:24 - tczq_data - INFO - ✓ 记录赔率变化: tczq_ht_ft_odds.half_win_full_win 0.000 -> 0.000 (diff=0.000)
2026-04-14 16:54:24 - tczq_data - WARNING - 无法获取原始赔率值: record_id=12, field=half_win_full_draw
2026-04-14 16:54:24 - tczq_data - INFO - ✓ 记录赔率变化: tczq_ht_ft_odds.half_win_full_draw 0.000 -> 0.000 (diff=0.000)
2026-04-14 16:54:24 - tczq_data - WARNING - 无法获取原始赔率值: record_id=12, field=half_win_full_lose
2026-04-14 16:54:24 - tczq_data - INFO - ✓ 记录赔率变化: tczq_ht_ft_odds.half_win_full_lose 0.000 -> 0.000 (diff=0.000)
2026-04-14 16:54:24 - tczq_data - WARNING - 无法获取原始赔率值: record_id=12, field=half_draw_full_win
2026-04-14 16:54:24 - tczq_data - INFO - ✓ 记录赔率变化: tczq_ht_ft_odds.half_draw_full_win 0.000 -> 0.000 (diff=0.000)
2026-04-14 16:54:24 - tczq_data - WARNING - 无法获取原始赔率值: record_id=12, field=half_draw_full_lose
2026-04-14 16:54:24 - tczq_data - INFO - ✓ 记录赔率变化: tczq_ht_ft_odds.half_draw_full_lose 0.000 -> 0.000 (diff=0.000)
2026-04-14 16:54:24 - tczq_data - WARNING - 无法获取原始赔率值: record_id=12, field=half_lose_full_win
2026-04-14 16:54:24 - tczq_data - INFO - ✓ 记录赔率变化: tczq_ht_ft_odds.half_lose_full_win 0.000 -> 0.000 (diff=0.000)
2026-04-14 16:54:24 - tczq_data - WARNING - 无法获取原始赔率值: record_id=12, field=half_lose_full_draw
2026-04-14 16:54:24 - tczq_data - INFO - ✓ 记录赔率变化: tczq_ht_ft_odds.half_lose_full_draw 0.000 -> 0.000 (diff=0.000)
2026-04-14 16:54:24 - tczq_data - WARNING - 无法获取原始赔率值: record_id=12, field=half_lose_full_lose
2026-04-14 16:54:24 - tczq_data - INFO - ✓ 记录赔率变化: tczq_ht_ft_odds.half_lose_full_lose 0.000 -> 0.000 (diff=0.000)
2026-04-14 16:54:24 - tczq_data - INFO - 赔率数据处理完成
2026-04-14 17:01:24 - tczq_data - INFO - 开始获取当前比赛数据（带赔率）...
2026-04-14 17:01:25 - tczq_data - INFO - 共获取 12 场比赛
2026-04-14 17:01:25 - tczq_data - INFO - 开始处理 5 个联赛信息
2026-04-14 17:01:25 - tczq_data - INFO - 联赛信息处理完成，共处理 5 个联赛
2026-04-14 17:01:25 - tczq_data - INFO - 联赛数据处理完成，共 5 个联赛
2026-04-14 17:01:25 - tczq_data - ERROR - 处理比赛信息失败 (match_id=2039101): name 'away_team' is not defined
2026-04-14 17:01:25 - tczq_data - ERROR - 处理比赛信息失败 (match_id=2039102): name 'away_team' is not defined
2026-04-14 17:01:25 - tczq_data - ERROR - 处理比赛信息失败 (match_id=2039103): name 'away_team' is not defined
2026-04-14 17:01:25 - tczq_data - ERROR - 处理比赛信息失败 (match_id=2039104): name 'away_team' is not defined
2026-04-14 17:01:25 - tczq_data - ERROR - 处理比赛信息失败 (match_id=2039105): name 'away_team' is not defined
2026-04-14 17:01:25 - tczq_data - ERROR - 处理比赛信息失败 (match_id=2039106): name 'away_team' is not defined
2026-04-14 17:01:25 - tczq_data - ERROR - 处理比赛信息失败 (match_id=2039107): name 'away_team' is not defined
2026-04-14 17:01:25 - tczq_data - ERROR - 处理比赛信息失败 (match_id=2039108): name 'away_team' is not defined
2026-04-14 17:01:25 - tczq_data - ERROR - 处理比赛信息失败 (match_id=2039112): name 'away_team' is not defined
2026-04-14 17:01:25 - tczq_data - ERROR - 处理比赛信息失败 (match_id=2039113): name 'away_team' is not defined
2026-04-14 17:01:25 - tczq_data - ERROR - 处理比赛信息失败 (match_id=2039114): name 'away_team' is not defined
2026-04-14 17:01:25 - tczq_data - ERROR - 处理比赛信息失败 (match_id=2039115): name 'away_team' is not defined
2026-04-14 17:01:25 - tczq_data - WARNING - 没有有效的比赛数据
2026-04-14 17:02:26 - tczq_data - INFO - 开始获取当前比赛数据（带赔率）...
2026-04-14 17:02:26 - tczq_data - INFO - 共获取 12 场比赛
2026-04-14 17:02:26 - tczq_data - INFO - 开始处理 5 个联赛信息
2026-04-14 17:02:26 - tczq_data - INFO - 联赛信息处理完成，共处理 5 个联赛
2026-04-14 17:02:26 - tczq_data - INFO - 联赛数据处理完成，共 5 个联赛
2026-04-14 17:02:27 - tczq_data - INFO - 成功保存 12 条比赛记录
2026-04-14 17:02:27 - tczq_data - INFO - 开始处理 12 条赔率数据
2026-04-14 17:02:27 - tczq_data - WARNING - 无法获取原始赔率值: record_id=1, field=goal_0
2026-04-14 17:02:27 - tczq_data - INFO - ✓ 记录赔率变化: tczq_total_goal_odds.goal_0 0.000 -> 0.000 (diff=0.000)
2026-04-14 17:02:27 - tczq_data - WARNING - 无法获取原始赔率值: record_id=1, field=goal_1
2026-04-14 17:02:27 - tczq_data - INFO - ✓ 记录赔率变化: tczq_total_goal_odds.goal_1 0.000 -> 0.000 (diff=0.000)
2026-04-14 17:02:27 - tczq_data - WARNING - 无法获取原始赔率值: record_id=1, field=goal_2
2026-04-14 17:02:27 - tczq_data - INFO - ✓ 记录赔率变化: tczq_total_goal_odds.goal_2 0.000 -> 0.000 (diff=0.000)
2026-04-14 17:02:27 - tczq_data - WARNING - 无法获取原始赔率值: record_id=1, field=goal_3
2026-04-14 17:02:27 - tczq_data - INFO - ✓ 记录赔率变化: tczq_total_goal_odds.goal_3 0.000 -> 0.000 (diff=0.000)
2026-04-14 17:02:27 - tczq_data - WARNING - 无法获取原始赔率值: record_id=1, field=goal_4
2026-04-14 17:02:27 - tczq_data - INFO - ✓ 记录赔率变化: tczq_total_goal_odds.goal_4 0.000 -> 0.000 (diff=0.000)
2026-04-14 17:02:27 - tczq_data - WARNING - 无法获取原始赔率值: record_id=1, field=goal_5
2026-04-14 17:02:27 - tczq_data - INFO - ✓ 记录赔率变化: tczq_total_goal_odds.goal_5 0.000 -> 0.000 (diff=0.000)
2026-04-14 17:02:27 - tczq_data - WARNING - 无法获取原始赔率值: record_id=1, field=goal_6
2026-04-14 17:02:27 - tczq_data - INFO - ✓ 记录赔率变化: tczq_total_goal_odds.goal_6 0.000 -> 0.000 (diff=0.000)
2026-04-14 17:02:27 - tczq_data - WARNING - 无法获取原始赔率值: record_id=1, field=goal_about
2026-04-14 17:02:27 - tczq_data - INFO - ✓ 记录赔率变化: tczq_total_goal_odds.goal_about 0.000 -> 0.000 (diff=0.000)
2026-04-14 17:02:27 - tczq_data - WARNING - 无法获取原始赔率值: record_id=1, field=half_win_full_win
2026-04-14 17:02:27 - tczq_data - INFO - ✓ 记录赔率变化: tczq_ht_ft_odds.half_win_full_win 0.000 -> 0.000 (diff=0.000)
2026-04-14 17:02:27 - tczq_data - WARNING - 无法获取原始赔率值: record_id=1, field=half_win_full_draw
2026-04-14 17:02:27 - tczq_data - INFO - ✓ 记录赔率变化: tczq_ht_ft_odds.half_win_full_draw 0.000 -> 0.000 (diff=0.000)
2026-04-14 17:02:27 - tczq_data - WARNING - 无法获取原始赔率值: record_id=1, field=half_win_full_lose
2026-04-14 17:02:27 - tczq_data - INFO - ✓ 记录赔率变化: tczq_ht_ft_odds.half_win_full_lose 0.000 -> 0.000 (diff=0.000)
2026-04-14 17:02:27 - tczq_data - WARNING - 无法获取原始赔率值: record_id=1, field=half_draw_full_win
2026-04-14 17:02:27 - tczq_data - INFO - ✓ 记录赔率变化: tczq_ht_ft_odds.half_draw_full_win 0.000 -> 0.000 (diff=0.000)
2026-04-14 17:02:27 - tczq_data - WARNING - 无法获取原始赔率值: record_id=1, field=half_draw_full_lose
2026-04-14 17:02:27 - tczq_data - INFO - ✓ 记录赔率变化: tczq_ht_ft_odds.half_draw_full_lose 0.000 -> 0.000 (diff=0.000)
2026-04-14 17:02:27 - tczq_data - WARNING - 无法获取原始赔率值: record_id=1, field=half_lose_full_win
2026-04-14 17:02:27 - tczq_data - INFO - ✓ 记录赔率变化: tczq_ht_ft_odds.half_lose_full_win 0.000 -> 0.000 (diff=0.000)
2026-04-14 17:02:27 - tczq_data - WARNING - 无法获取原始赔率值: record_id=1, field=half_lose_full_draw
2026-04-14 17:02:27 - tczq_data - INFO - ✓ 记录赔率变化: tczq_ht_ft_odds.half_lose_full_draw 0.000 -> 0.000 (diff=0.000)
2026-04-14 17:02:27 - tczq_data - WARNING - 无法获取原始赔率值: record_id=1, field=half_lose_full_lose
2026-04-14 17:02:27 - tczq_data - INFO - ✓ 记录赔率变化: tczq_ht_ft_odds.half_lose_full_lose 0.000 -> 0.000 (diff=0.000)
2026-04-14 17:02:27 - tczq_data - WARNING - 无法获取原始赔率值: record_id=2, field=goal_0
2026-04-14 17:02:27 - tczq_data - INFO - ✓ 记录赔率变化: tczq_total_goal_odds.goal_0 0.000 -> 0.000 (diff=0.000)
2026-04-14 17:02:27 - tczq_data - WARNING - 无法获取原始赔率值: record_id=2, field=goal_1
2026-04-14 17:02:27 - tczq_data - INFO - ✓ 记录赔率变化: tczq_total_goal_odds.goal_1 0.000 -> 0.000 (diff=0.000)
2026-04-14 17:02:27 - tczq_data - WARNING - 无法获取原始赔率值: record_id=2, field=goal_2
2026-04-14 17:02:27 - tczq_data - INFO - ✓ 记录赔率变化: tczq_total_goal_odds.goal_2 0.000 -> 0.000 (diff=0.000)
2026-04-14 17:02:27 - tczq_data - WARNING - 无法获取原始赔率值: record_id=2, field=goal_3
2026-04-14 17:02:27 - tczq_data - INFO - ✓ 记录赔率变化: tczq_total_goal_odds.goal_3 0.000 -> 0.000 (diff=0.000)
2026-04-14 17:02:27 - tczq_data - WARNING - 无法获取原始赔率值: record_id=2, field=goal_4
2026-04-14 17:02:27 - tczq_data - INFO - ✓ 记录赔率变化: tczq_total_goal_odds.goal_4 0.000 -> 0.000 (diff=0.000)
2026-04-14 17:02:27 - tczq_data - WARNING - 无法获取原始赔率值: record_id=2, field=goal_5
2026-04-14 17:02:27 - tczq_data - INFO - ✓ 记录赔率变化: tczq_total_goal_odds.goal_5 0.000 -> 0.000 (diff=0.000)
2026-04-14 17:02:27 - tczq_data - WARNING - 无法获取原始赔率值: record_id=2, field=goal_6
2026-04-14 17:02:27 - tczq_data - INFO - ✓ 记录赔率变化: tczq_total_goal_odds.goal_6 0.000 -> 0.000 (diff=0.000)
2026-04-14 17:02:27 - tczq_data - WARNING - 无法获取原始赔率值: record_id=2, field=goal_about
2026-04-14 17:02:27 - tczq_data - INFO - ✓ 记录赔率变化: tczq_total_goal_odds.goal_about 0.000 -> 0.000 (diff=0.000)
2026-04-14 17:02:27 - tczq_data - WARNING - 无法获取原始赔率值: record_id=2, field=half_win_full_win
2026-04-14 17:02:27 - tczq_data - INFO - ✓ 记录赔率变化: tczq_ht_ft_odds.half_win_full_win 0.000 -> 0.000 (diff=0.000)
2026-04-14 17:02:27 - tczq_data - WARNING - 无法获取原始赔率值: record_id=2, field=half_win_full_draw
2026-04-14 17:02:27 - tczq_data - INFO - ✓ 记录赔率变化: tczq_ht_ft_odds.half_win_full_draw 0.000 -> 0.000 (diff=0.000)
2026-04-14 17:02:27 - tczq_data - WARNING - 无法获取原始赔率值: record_id=2, field=half_win_full_lose
2026-04-14 17:02:27 - tczq_data - INFO - ✓ 记录赔率变化: tczq_ht_ft_odds.half_win_full_lose 0.000 -> 0.000 (diff=0.000)
2026-04-14 17:02:27 - tczq_data - WARNING - 无法获取原始赔率值: record_id=2, field=half_draw_full_win
2026-04-14 17:02:27 - tczq_data - INFO - ✓ 记录赔率变化: tczq_ht_ft_odds.half_draw_full_win 0.000 -> 0.000 (diff=0.000)
2026-04-14 17:02:27 - tczq_data - WARNING - 无法获取原始赔率值: record_id=2, field=half_draw_full_lose
2026-04-14 17:02:27 - tczq_data - INFO - ✓ 记录赔率变化: tczq_ht_ft_odds.half_draw_full_lose 0.000 -> 0.000 (diff=0.000)
2026-04-14 17:02:27 - tczq_data - WARNING - 无法获取原始赔率值: record_id=2, field=half_lose_full_win
2026-04-14 17:02:27 - tczq_data - INFO - ✓ 记录赔率变化: tczq_ht_ft_odds.half_lose_full_win 0.000 -> 0.000 (diff=0.000)
2026-04-14 17:02:27 - tczq_data - WARNING - 无法获取原始赔率值: record_id=2, field=half_lose_full_draw
2026-04-14 17:02:27 - tczq_data - INFO - ✓ 记录赔率变化: tczq_ht_ft_odds.half_lose_full_draw 0.000 -> 0.000 (diff=0.000)
2026-04-14 17:02:27 - tczq_data - WARNING - 无法获取原始赔率值: record_id=2, field=half_lose_full_lose
2026-04-14 17:02:27 - tczq_data - INFO - ✓ 记录赔率变化: tczq_ht_ft_odds.half_lose_full_lose 0.000 -> 0.000 (diff=0.000)
2026-04-14 17:02:28 - tczq_data - WARNING - 无法获取原始赔率值: record_id=3, field=goal_0
2026-04-14 17:02:28 - tczq_data - INFO - ✓ 记录赔率变化: tczq_total_goal_odds.goal_0 0.000 -> 0.000 (diff=0.000)
2026-04-14 17:02:28 - tczq_data - WARNING - 无法获取原始赔率值: record_id=3, field=goal_1
2026-04-14 17:02:28 - tczq_data - INFO - ✓ 记录赔率变化: tczq_total_goal_odds.goal_1 0.000 -> 0.000 (diff=0.000)
2026-04-14 17:02:28 - tczq_data - WARNING - 无法获取原始赔率值: record_id=3, field=goal_2
2026-04-14 17:02:28 - tczq_data - INFO - ✓ 记录赔率变化: tczq_total_goal_odds.goal_2 0.000 -> 0.000 (diff=0.000)
2026-04-14 17:02:28 - tczq_data - WARNING - 无法获取原始赔率值: record_id=3, field=goal_3
2026-04-14 17:02:28 - tczq_data - INFO - ✓ 记录赔率变化: tczq_total_goal_odds.goal_3 0.000 -> 0.000 (diff=0.000)
2026-04-14 17:02:28 - tczq_data - WARNING - 无法获取原始赔率值: record_id=3, field=goal_4
2026-04-14 17:02:28 - tczq_data - INFO - ✓ 记录赔率变化: tczq_total_goal_odds.goal_4 0.000 -> 0.000 (diff=0.000)
2026-04-14 17:02:28 - tczq_data - WARNING - 无法获取原始赔率值: record_id=3, field=goal_5
2026-04-14 17:02:28 - tczq_data - INFO - ✓ 记录赔率变化: tczq_total_goal_odds.goal_5 0.000 -> 0.000 (diff=0.000)
2026-04-14 17:02:28 - tczq_data - WARNING - 无法获取原始赔率值: record_id=3, field=goal_6
2026-04-14 17:02:28 - tczq_data - INFO - ✓ 记录赔率变化: tczq_total_goal_odds.goal_6 0.000 -> 0.000 (diff=0.000)
2026-04-14 17:02:28 - tczq_data - WARNING - 无法获取原始赔率值: record_id=3, field=goal_about
2026-04-14 17:02:28 - tczq_data - INFO - ✓ 记录赔率变化: tczq_total_goal_odds.goal_about 0.000 -> 0.000 (diff=0.000)
2026-04-14 17:02:28 - tczq_data - WARNING - 无法获取原始赔率值: record_id=3, field=half_win_full_win
2026-04-14 17:02:28 - tczq_data - INFO - ✓ 记录赔率变化: tczq_ht_ft_odds.half_win_full_win 0.000 -> 0.000 (diff=0.000)
2026-04-14 17:02:28 - tczq_data - WARNING - 无法获取原始赔率值: record_id=3, field=half_win_full_draw
2026-04-14 17:02:28 - tczq_data - INFO - ✓ 记录赔率变化: tczq_ht_ft_odds.half_win_full_draw 0.000 -> 0.000 (diff=0.000)
2026-04-14 17:02:28 - tczq_data - WARNING - 无法获取原始赔率值: record_id=3, field=half_win_full_lose
2026-04-14 17:02:28 - tczq_data - INFO - ✓ 记录赔率变化: tczq_ht_ft_odds.half_win_full_lose 0.000 -> 0.000 (diff=0.000)
2026-04-14 17:02:28 - tczq_data - WARNING - 无法获取原始赔率值: record_id=3, field=half_draw_full_win
2026-04-14 17:02:28 - tczq_data - INFO - ✓ 记录赔率变化: tczq_ht_ft_odds.half_draw_full_win 0.000 -> 0.000 (diff=0.000)
2026-04-14 17:02:28 - tczq_data - WARNING - 无法获取原始赔率值: record_id=3, field=half_draw_full_lose
2026-04-14 17:02:28 - tczq_data - INFO - ✓ 记录赔率变化: tczq_ht_ft_odds.half_draw_full_lose 0.000 -> 0.000 (diff=0.000)
2026-04-14 17:02:28 - tczq_data - WARNING - 无法获取原始赔率值: record_id=3, field=half_lose_full_win
2026-04-14 17:02:28 - tczq_data - INFO - ✓ 记录赔率变化: tczq_ht_ft_odds.half_lose_full_win 0.000 -> 0.000 (diff=0.000)
2026-04-14 17:02:28 - tczq_data - WARNING - 无法获取原始赔率值: record_id=3, field=half_lose_full_draw
2026-04-14 17:02:28 - tczq_data - INFO - ✓ 记录赔率变化: tczq_ht_ft_odds.half_lose_full_draw 0.000 -> 0.000 (diff=0.000)
2026-04-14 17:02:28 - tczq_data - WARNING - 无法获取原始赔率值: record_id=3, field=half_lose_full_lose
2026-04-14 17:02:28 - tczq_data - INFO - ✓ 记录赔率变化: tczq_ht_ft_odds.half_lose_full_lose 0.000 -> 0.000 (diff=0.000)
2026-04-14 17:02:28 - tczq_data - WARNING - 无法获取原始赔率值: record_id=4, field=goal_0
2026-04-14 17:02:28 - tczq_data - INFO - ✓ 记录赔率变化: tczq_total_goal_odds.goal_0 0.000 -> 0.000 (diff=0.000)
2026-04-14 17:02:28 - tczq_data - WARNING - 无法获取原始赔率值: record_id=4, field=goal_1
2026-04-14 17:02:28 - tczq_data - INFO - ✓ 记录赔率变化: tczq_total_goal_odds.goal_1 0.000 -> 0.000 (diff=0.000)
2026-04-14 17:02:28 - tczq_data - WARNING - 无法获取原始赔率值: record_id=4, field=goal_2
2026-04-14 17:02:28 - tczq_data - INFO - ✓ 记录赔率变化: tczq_total_goal_odds.goal_2 0.000 -> 0.000 (diff=0.000)
2026-04-14 17:02:28 - tczq_data - WARNING - 无法获取原始赔率值: record_id=4, field=goal_3
2026-04-14 17:02:28 - tczq_data - INFO - ✓ 记录赔率变化: tczq_total_goal_odds.goal_3 0.000 -> 0.000 (diff=0.000)
2026-04-14 17:02:28 - tczq_data - WARNING - 无法获取原始赔率值: record_id=4, field=goal_4
2026-04-14 17:02:28 - tczq_data - INFO - ✓ 记录赔率变化: tczq_total_goal_odds.goal_4 0.000 -> 0.000 (diff=0.000)
2026-04-14 17:02:28 - tczq_data - WARNING - 无法获取原始赔率值: record_id=4, field=goal_5
2026-04-14 17:02:28 - tczq_data - INFO - ✓ 记录赔率变化: tczq_total_goal_odds.goal_5 0.000 -> 0.000 (diff=0.000)
2026-04-14 17:02:28 - tczq_data - WARNING - 无法获取原始赔率值: record_id=4, field=goal_6
2026-04-14 17:02:28 - tczq_data - INFO - ✓ 记录赔率变化: tczq_total_goal_odds.goal_6 0.000 -> 0.000 (diff=0.000)
2026-04-14 17:02:28 - tczq_data - WARNING - 无法获取原始赔率值: record_id=4, field=goal_about
2026-04-14 17:02:28 - tczq_data - INFO - ✓ 记录赔率变化: tczq_total_goal_odds.goal_about 0.000 -> 0.000 (diff=0.000)
2026-04-14 17:02:28 - tczq_data - WARNING - 无法获取原始赔率值: record_id=4, field=half_win_full_win
2026-04-14 17:02:28 - tczq_data - INFO - ✓ 记录赔率变化: tczq_ht_ft_odds.half_win_full_win 0.000 -> 0.000 (diff=0.000)
2026-04-14 17:02:28 - tczq_data - WARNING - 无法获取原始赔率值: record_id=4, field=half_win_full_draw
2026-04-14 17:02:28 - tczq_data - INFO - ✓ 记录赔率变化: tczq_ht_ft_odds.half_win_full_draw 0.000 -> 0.000 (diff=0.000)
2026-04-14 17:02:28 - tczq_data - WARNING - 无法获取原始赔率值: record_id=4, field=half_win_full_lose
2026-04-14 17:02:28 - tczq_data - INFO - ✓ 记录赔率变化: tczq_ht_ft_odds.half_win_full_lose 0.000 -> 0.000 (diff=0.000)
2026-04-14 17:02:28 - tczq_data - WARNING - 无法获取原始赔率值: record_id=4, field=half_draw_full_win
2026-04-14 17:02:28 - tczq_data - INFO - ✓ 记录赔率变化: tczq_ht_ft_odds.half_draw_full_win 0.000 -> 0.000 (diff=0.000)
2026-04-14 17:02:28 - tczq_data - WARNING - 无法获取原始赔率值: record_id=4, field=half_draw_full_lose
2026-04-14 17:02:28 - tczq_data - INFO - ✓ 记录赔率变化: tczq_ht_ft_odds.half_draw_full_lose 0.000 -> 0.000 (diff=0.000)
2026-04-14 17:02:28 - tczq_data - WARNING - 无法获取原始赔率值: record_id=4, field=half_lose_full_win
2026-04-14 17:02:28 - tczq_data - INFO - ✓ 记录赔率变化: tczq_ht_ft_odds.half_lose_full_win 0.000 -> 0.000 (diff=0.000)
2026-04-14 17:02:28 - tczq_data - WARNING - 无法获取原始赔率值: record_id=4, field=half_lose_full_draw
2026-04-14 17:02:28 - tczq_data - INFO - ✓ 记录赔率变化: tczq_ht_ft_odds.half_lose_full_draw 0.000 -> 0.000 (diff=0.000)
2026-04-14 17:02:28 - tczq_data - WARNING - 无法获取原始赔率值: record_id=4, field=half_lose_full_lose
2026-04-14 17:02:28 - tczq_data - INFO - ✓ 记录赔率变化: tczq_ht_ft_odds.half_lose_full_lose 0.000 -> 0.000 (diff=0.000)
2026-04-14 17:02:28 - tczq_data - WARNING - 无法获取原始赔率值: record_id=5, field=goal_0
2026-04-14 17:02:28 - tczq_data - INFO - ✓ 记录赔率变化: tczq_total_goal_odds.goal_0 0.000 -> 0.000 (diff=0.000)
2026-04-14 17:02:28 - tczq_data - WARNING - 无法获取原始赔率值: record_id=5, field=goal_1
2026-04-14 17:02:28 - tczq_data - INFO - ✓ 记录赔率变化: tczq_total_goal_odds.goal_1 0.000 -> 0.000 (diff=0.000)
2026-04-14 17:02:28 - tczq_data - WARNING - 无法获取原始赔率值: record_id=5, field=goal_2
2026-04-14 17:02:28 - tczq_data - INFO - ✓ 记录赔率变化: tczq_total_goal_odds.goal_2 0.000 -> 0.000 (diff=0.000)
2026-04-14 17:02:28 - tczq_data - WARNING - 无法获取原始赔率值: record_id=5, field=goal_3
2026-04-14 17:02:28 - tczq_data - INFO - ✓ 记录赔率变化: tczq_total_goal_odds.goal_3 0.000 -> 0.000 (diff=0.000)
2026-04-14 17:02:28 - tczq_data - WARNING - 无法获取原始赔率值: record_id=5, field=goal_4
2026-04-14 17:02:29 - tczq_data - INFO - ✓ 记录赔率变化: tczq_total_goal_odds.goal_4 0.000 -> 0.000 (diff=0.000)
2026-04-14 17:02:29 - tczq_data - WARNING - 无法获取原始赔率值: record_id=5, field=goal_5
2026-04-14 17:02:29 - tczq_data - INFO - ✓ 记录赔率变化: tczq_total_goal_odds.goal_5 0.000 -> 0.000 (diff=0.000)
2026-04-14 17:02:29 - tczq_data - WARNING - 无法获取原始赔率值: record_id=5, field=goal_6
2026-04-14 17:02:29 - tczq_data - INFO - ✓ 记录赔率变化: tczq_total_goal_odds.goal_6 0.000 -> 0.000 (diff=0.000)
2026-04-14 17:02:29 - tczq_data - WARNING - 无法获取原始赔率值: record_id=5, field=goal_about
2026-04-14 17:02:29 - tczq_data - INFO - ✓ 记录赔率变化: tczq_total_goal_odds.goal_about 0.000 -> 0.000 (diff=0.000)
2026-04-14 17:02:29 - tczq_data - WARNING - 无法获取原始赔率值: record_id=5, field=half_win_full_win
2026-04-14 17:02:29 - tczq_data - INFO - ✓ 记录赔率变化: tczq_ht_ft_odds.half_win_full_win 0.000 -> 0.000 (diff=0.000)
2026-04-14 17:02:29 - tczq_data - WARNING - 无法获取原始赔率值: record_id=5, field=half_win_full_draw
2026-04-14 17:02:29 - tczq_data - INFO - ✓ 记录赔率变化: tczq_ht_ft_odds.half_win_full_draw 0.000 -> 0.000 (diff=0.000)
2026-04-14 17:02:29 - tczq_data - WARNING - 无法获取原始赔率值: record_id=5, field=half_win_full_lose
2026-04-14 17:02:29 - tczq_data - INFO - ✓ 记录赔率变化: tczq_ht_ft_odds.half_win_full_lose 0.000 -> 0.000 (diff=0.000)
2026-04-14 17:02:29 - tczq_data - WARNING - 无法获取原始赔率值: record_id=5, field=half_draw_full_win
2026-04-14 17:02:29 - tczq_data - INFO - ✓ 记录赔率变化: tczq_ht_ft_odds.half_draw_full_win 0.000 -> 0.000 (diff=0.000)
2026-04-14 17:02:29 - tczq_data - WARNING - 无法获取原始赔率值: record_id=5, field=half_draw_full_lose
2026-04-14 17:02:29 - tczq_data - INFO - ✓ 记录赔率变化: tczq_ht_ft_odds.half_draw_full_lose 0.000 -> 0.000 (diff=0.000)
2026-04-14 17:02:29 - tczq_data - WARNING - 无法获取原始赔率值: record_id=5, field=half_lose_full_win
2026-04-14 17:02:29 - tczq_data - INFO - ✓ 记录赔率变化: tczq_ht_ft_odds.half_lose_full_win 0.000 -> 0.000 (diff=0.000)
2026-04-14 17:02:29 - tczq_data - WARNING - 无法获取原始赔率值: record_id=5, field=half_lose_full_draw
2026-04-14 17:02:29 - tczq_data - INFO - ✓ 记录赔率变化: tczq_ht_ft_odds.half_lose_full_draw 0.000 -> 0.000 (diff=0.000)
2026-04-14 17:02:29 - tczq_data - WARNING - 无法获取原始赔率值: record_id=5, field=half_lose_full_lose
2026-04-14 17:02:29 - tczq_data - INFO - ✓ 记录赔率变化: tczq_ht_ft_odds.half_lose_full_lose 0.000 -> 0.000 (diff=0.000)
2026-04-14 17:02:29 - tczq_data - WARNING - 无法获取原始赔率值: record_id=6, field=goal_0
2026-04-14 17:02:29 - tczq_data - INFO - ✓ 记录赔率变化: tczq_total_goal_odds.goal_0 0.000 -> 0.000 (diff=0.000)
2026-04-14 17:02:29 - tczq_data - WARNING - 无法获取原始赔率值: record_id=6, field=goal_1
2026-04-14 17:02:29 - tczq_data - INFO - ✓ 记录赔率变化: tczq_total_goal_odds.goal_1 0.000 -> 0.000 (diff=0.000)
2026-04-14 17:02:29 - tczq_data - WARNING - 无法获取原始赔率值: record_id=6, field=goal_2
2026-04-14 17:02:29 - tczq_data - INFO - ✓ 记录赔率变化: tczq_total_goal_odds.goal_2 0.000 -> 0.000 (diff=0.000)
2026-04-14 17:02:29 - tczq_data - WARNING - 无法获取原始赔率值: record_id=6, field=goal_3
2026-04-14 17:02:29 - tczq_data - INFO - ✓ 记录赔率变化: tczq_total_goal_odds.goal_3 0.000 -> 0.000 (diff=0.000)
2026-04-14 17:02:29 - tczq_data - WARNING - 无法获取原始赔率值: record_id=6, field=goal_4
2026-04-14 17:02:29 - tczq_data - INFO - ✓ 记录赔率变化: tczq_total_goal_odds.goal_4 0.000 -> 0.000 (diff=0.000)
2026-04-14 17:02:29 - tczq_data - WARNING - 无法获取原始赔率值: record_id=6, field=goal_5
2026-04-14 17:02:29 - tczq_data - INFO - ✓ 记录赔率变化: tczq_total_goal_odds.goal_5 0.000 -> 0.000 (diff=0.000)
2026-04-14 17:02:29 - tczq_data - WARNING - 无法获取原始赔率值: record_id=6, field=goal_6
2026-04-14 17:02:29 - tczq_data - INFO - ✓ 记录赔率变化: tczq_total_goal_odds.goal_6 0.000 -> 0.000 (diff=0.000)
2026-04-14 17:02:29 - tczq_data - WARNING - 无法获取原始赔率值: record_id=6, field=goal_about
2026-04-14 17:02:29 - tczq_data - INFO - ✓ 记录赔率变化: tczq_total_goal_odds.goal_about 0.000 -> 0.000 (diff=0.000)
2026-04-14 17:02:29 - tczq_data - WARNING - 无法获取原始赔率值: record_id=6, field=half_win_full_win
2026-04-14 17:02:29 - tczq_data - INFO - ✓ 记录赔率变化: tczq_ht_ft_odds.half_win_full_win 0.000 -> 0.000 (diff=0.000)
2026-04-14 17:02:29 - tczq_data - WARNING - 无法获取原始赔率值: record_id=6, field=half_win_full_draw
2026-04-14 17:02:29 - tczq_data - INFO - ✓ 记录赔率变化: tczq_ht_ft_odds.half_win_full_draw 0.000 -> 0.000 (diff=0.000)
2026-04-14 17:02:29 - tczq_data - WARNING - 无法获取原始赔率值: record_id=6, field=half_win_full_lose
2026-04-14 17:02:29 - tczq_data - INFO - ✓ 记录赔率变化: tczq_ht_ft_odds.half_win_full_lose 0.000 -> 0.000 (diff=0.000)
2026-04-14 17:02:29 - tczq_data - WARNING - 无法获取原始赔率值: record_id=6, field=half_draw_full_win
2026-04-14 17:02:29 - tczq_data - INFO - ✓ 记录赔率变化: tczq_ht_ft_odds.half_draw_full_win 0.000 -> 0.000 (diff=0.000)
2026-04-14 17:02:29 - tczq_data - WARNING - 无法获取原始赔率值: record_id=6, field=half_draw_full_lose
2026-04-14 17:02:29 - tczq_data - INFO - ✓ 记录赔率变化: tczq_ht_ft_odds.half_draw_full_lose 0.000 -> 0.000 (diff=0.000)
2026-04-14 17:02:29 - tczq_data - WARNING - 无法获取原始赔率值: record_id=6, field=half_lose_full_win
2026-04-14 17:02:29 - tczq_data - INFO - ✓ 记录赔率变化: tczq_ht_ft_odds.half_lose_full_win 0.000 -> 0.000 (diff=0.000)
2026-04-14 17:02:29 - tczq_data - WARNING - 无法获取原始赔率值: record_id=6, field=half_lose_full_draw
2026-04-14 17:02:29 - tczq_data - INFO - ✓ 记录赔率变化: tczq_ht_ft_odds.half_lose_full_draw 0.000 -> 0.000 (diff=0.000)
2026-04-14 17:02:29 - tczq_data - WARNING - 无法获取原始赔率值: record_id=6, field=half_lose_full_lose
2026-04-14 17:02:29 - tczq_data - INFO - ✓ 记录赔率变化: tczq_ht_ft_odds.half_lose_full_lose 0.000 -> 0.000 (diff=0.000)
2026-04-14 17:02:29 - tczq_data - WARNING - 无法获取原始赔率值: record_id=7, field=goal_0
2026-04-14 17:02:29 - tczq_data - INFO - ✓ 记录赔率变化: tczq_total_goal_odds.goal_0 0.000 -> 0.000 (diff=0.000)
2026-04-14 17:02:29 - tczq_data - WARNING - 无法获取原始赔率值: record_id=7, field=goal_1
2026-04-14 17:02:29 - tczq_data - INFO - ✓ 记录赔率变化: tczq_total_goal_odds.goal_1 0.000 -> 0.000 (diff=0.000)
2026-04-14 17:02:29 - tczq_data - WARNING - 无法获取原始赔率值: record_id=7, field=goal_2
2026-04-14 17:02:29 - tczq_data - INFO - ✓ 记录赔率变化: tczq_total_goal_odds.goal_2 0.000 -> 0.000 (diff=0.000)
2026-04-14 17:02:29 - tczq_data - WARNING - 无法获取原始赔率值: record_id=7, field=goal_3
2026-04-14 17:02:30 - tczq_data - INFO - ✓ 记录赔率变化: tczq_total_goal_odds.goal_3 0.000 -> 0.000 (diff=0.000)
2026-04-14 17:02:30 - tczq_data - WARNING - 无法获取原始赔率值: record_id=7, field=goal_4
2026-04-14 17:02:30 - tczq_data - INFO - ✓ 记录赔率变化: tczq_total_goal_odds.goal_4 0.000 -> 0.000 (diff=0.000)
2026-04-14 17:02:30 - tczq_data - WARNING - 无法获取原始赔率值: record_id=7, field=goal_5
2026-04-14 17:02:30 - tczq_data - INFO - ✓ 记录赔率变化: tczq_total_goal_odds.goal_5 0.000 -> 0.000 (diff=0.000)
2026-04-14 17:02:30 - tczq_data - WARNING - 无法获取原始赔率值: record_id=7, field=goal_6
2026-04-14 17:02:30 - tczq_data - INFO - ✓ 记录赔率变化: tczq_total_goal_odds.goal_6 0.000 -> 0.000 (diff=0.000)
2026-04-14 17:02:30 - tczq_data - WARNING - 无法获取原始赔率值: record_id=7, field=goal_about
2026-04-14 17:02:30 - tczq_data - INFO - ✓ 记录赔率变化: tczq_total_goal_odds.goal_about 0.000 -> 0.000 (diff=0.000)
2026-04-14 17:02:30 - tczq_data - WARNING - 无法获取原始赔率值: record_id=7, field=half_win_full_win
2026-04-14 17:02:30 - tczq_data - INFO - ✓ 记录赔率变化: tczq_ht_ft_odds.half_win_full_win 0.000 -> 0.000 (diff=0.000)
2026-04-14 17:02:30 - tczq_data - WARNING - 无法获取原始赔率值: record_id=7, field=half_win_full_draw
2026-04-14 17:02:30 - tczq_data - INFO - ✓ 记录赔率变化: tczq_ht_ft_odds.half_win_full_draw 0.000 -> 0.000 (diff=0.000)
2026-04-14 17:02:30 - tczq_data - WARNING - 无法获取原始赔率值: record_id=7, field=half_win_full_lose
2026-04-14 17:02:30 - tczq_data - INFO - ✓ 记录赔率变化: tczq_ht_ft_odds.half_win_full_lose 0.000 -> 0.000 (diff=0.000)
2026-04-14 17:02:30 - tczq_data - WARNING - 无法获取原始赔率值: record_id=7, field=half_draw_full_win
2026-04-14 17:02:30 - tczq_data - INFO - ✓ 记录赔率变化: tczq_ht_ft_odds.half_draw_full_win 0.000 -> 0.000 (diff=0.000)
2026-04-14 17:02:30 - tczq_data - WARNING - 无法获取原始赔率值: record_id=7, field=half_draw_full_lose
2026-04-14 17:02:30 - tczq_data - INFO - ✓ 记录赔率变化: tczq_ht_ft_odds.half_draw_full_lose 0.000 -> 0.000 (diff=0.000)
2026-04-14 17:02:30 - tczq_data - WARNING - 无法获取原始赔率值: record_id=7, field=half_lose_full_win
2026-04-14 17:02:30 - tczq_data - INFO - ✓ 记录赔率变化: tczq_ht_ft_odds.half_lose_full_win 0.000 -> 0.000 (diff=0.000)
2026-04-14 17:02:30 - tczq_data - WARNING - 无法获取原始赔率值: record_id=7, field=half_lose_full_draw
2026-04-14 17:02:30 - tczq_data - INFO - ✓ 记录赔率变化: tczq_ht_ft_odds.half_lose_full_draw 0.000 -> 0.000 (diff=0.000)
2026-04-14 17:02:30 - tczq_data - WARNING - 无法获取原始赔率值: record_id=7, field=half_lose_full_lose
2026-04-14 17:02:30 - tczq_data - INFO - ✓ 记录赔率变化: tczq_ht_ft_odds.half_lose_full_lose 0.000 -> 0.000 (diff=0.000)
2026-04-14 17:02:30 - tczq_data - WARNING - 无法获取原始赔率值: record_id=8, field=goal_0
2026-04-14 17:02:30 - tczq_data - INFO - ✓ 记录赔率变化: tczq_total_goal_odds.goal_0 0.000 -> 0.000 (diff=0.000)
2026-04-14 17:02:30 - tczq_data - WARNING - 无法获取原始赔率值: record_id=8, field=goal_1
2026-04-14 17:02:30 - tczq_data - INFO - ✓ 记录赔率变化: tczq_total_goal_odds.goal_1 0.000 -> 0.000 (diff=0.000)
2026-04-14 17:02:30 - tczq_data - WARNING - 无法获取原始赔率值: record_id=8, field=goal_2
2026-04-14 17:02:30 - tczq_data - INFO - ✓ 记录赔率变化: tczq_total_goal_odds.goal_2 0.000 -> 0.000 (diff=0.000)
2026-04-14 17:02:30 - tczq_data - WARNING - 无法获取原始赔率值: record_id=8, field=goal_3
2026-04-14 17:02:30 - tczq_data - INFO - ✓ 记录赔率变化: tczq_total_goal_odds.goal_3 0.000 -> 0.000 (diff=0.000)
2026-04-14 17:02:30 - tczq_data - WARNING - 无法获取原始赔率值: record_id=8, field=goal_4
2026-04-14 17:02:30 - tczq_data - INFO - ✓ 记录赔率变化: tczq_total_goal_odds.goal_4 0.000 -> 0.000 (diff=0.000)
2026-04-14 17:02:30 - tczq_data - WARNING - 无法获取原始赔率值: record_id=8, field=goal_5
2026-04-14 17:02:30 - tczq_data - INFO - ✓ 记录赔率变化: tczq_total_goal_odds.goal_5 0.000 -> 0.000 (diff=0.000)
2026-04-14 17:02:30 - tczq_data - WARNING - 无法获取原始赔率值: record_id=8, field=goal_6
2026-04-14 17:02:30 - tczq_data - INFO - ✓ 记录赔率变化: tczq_total_goal_odds.goal_6 0.000 -> 0.000 (diff=0.000)
2026-04-14 17:02:30 - tczq_data - WARNING - 无法获取原始赔率值: record_id=8, field=goal_about
2026-04-14 17:02:30 - tczq_data - INFO - ✓ 记录赔率变化: tczq_total_goal_odds.goal_about 0.000 -> 0.000 (diff=0.000)
2026-04-14 17:02:30 - tczq_data - WARNING - 无法获取原始赔率值: record_id=8, field=half_win_full_win
2026-04-14 17:02:30 - tczq_data - INFO - ✓ 记录赔率变化: tczq_ht_ft_odds.half_win_full_win 0.000 -> 0.000 (diff=0.000)
2026-04-14 17:02:30 - tczq_data - WARNING - 无法获取原始赔率值: record_id=8, field=half_win_full_draw
2026-04-14 17:02:30 - tczq_data - INFO - ✓ 记录赔率变化: tczq_ht_ft_odds.half_win_full_draw 0.000 -> 0.000 (diff=0.000)
2026-04-14 17:02:30 - tczq_data - WARNING - 无法获取原始赔率值: record_id=8, field=half_win_full_lose
2026-04-14 17:02:30 - tczq_data - INFO - ✓ 记录赔率变化: tczq_ht_ft_odds.half_win_full_lose 0.000 -> 0.000 (diff=0.000)
2026-04-14 17:02:30 - tczq_data - WARNING - 无法获取原始赔率值: record_id=8, field=half_draw_full_win
2026-04-14 17:02:30 - tczq_data - INFO - ✓ 记录赔率变化: tczq_ht_ft_odds.half_draw_full_win 0.000 -> 0.000 (diff=0.000)
2026-04-14 17:02:30 - tczq_data - WARNING - 无法获取原始赔率值: record_id=8, field=half_draw_full_lose
2026-04-14 17:02:30 - tczq_data - INFO - ✓ 记录赔率变化: tczq_ht_ft_odds.half_draw_full_lose 0.000 -> 0.000 (diff=0.000)
2026-04-14 17:02:30 - tczq_data - WARNING - 无法获取原始赔率值: record_id=8, field=half_lose_full_win
2026-04-14 17:02:30 - tczq_data - INFO - ✓ 记录赔率变化: tczq_ht_ft_odds.half_lose_full_win 0.000 -> 0.000 (diff=0.000)
2026-04-14 17:02:30 - tczq_data - WARNING - 无法获取原始赔率值: record_id=8, field=half_lose_full_draw
2026-04-14 17:02:30 - tczq_data - INFO - ✓ 记录赔率变化: tczq_ht_ft_odds.half_lose_full_draw 0.000 -> 0.000 (diff=0.000)
2026-04-14 17:02:30 - tczq_data - WARNING - 无法获取原始赔率值: record_id=8, field=half_lose_full_lose
2026-04-14 17:02:30 - tczq_data - INFO - ✓ 记录赔率变化: tczq_ht_ft_odds.half_lose_full_lose 0.000 -> 0.000 (diff=0.000)
2026-04-14 17:02:30 - tczq_data - WARNING - 无法获取原始赔率值: record_id=9, field=goal_0
2026-04-14 17:02:30 - tczq_data - INFO - ✓ 记录赔率变化: tczq_total_goal_odds.goal_0 0.000 -> 0.000 (diff=0.000)
2026-04-14 17:02:30 - tczq_data - WARNING - 无法获取原始赔率值: record_id=9, field=goal_1
2026-04-14 17:02:30 - tczq_data - INFO - ✓ 记录赔率变化: tczq_total_goal_odds.goal_1 0.000 -> 0.000 (diff=0.000)
2026-04-14 17:02:30 - tczq_data - WARNING - 无法获取原始赔率值: record_id=9, field=goal_2
2026-04-14 17:02:30 - tczq_data - INFO - ✓ 记录赔率变化: tczq_total_goal_odds.goal_2 0.000 -> 0.000 (diff=0.000)
2026-04-14 17:02:30 - tczq_data - WARNING - 无法获取原始赔率值: record_id=9, field=goal_3
2026-04-14 17:02:30 - tczq_data - INFO - ✓ 记录赔率变化: tczq_total_goal_odds.goal_3 0.000 -> 0.000 (diff=0.000)
2026-04-14 17:02:30 - tczq_data - WARNING - 无法获取原始赔率值: record_id=9, field=goal_4
2026-04-14 17:02:30 - tczq_data - INFO - ✓ 记录赔率变化: tczq_total_goal_odds.goal_4 0.000 -> 0.000 (diff=0.000)
2026-04-14 17:02:30 - tczq_data - WARNING - 无法获取原始赔率值: record_id=9, field=goal_5
2026-04-14 17:02:31 - tczq_data - INFO - ✓ 记录赔率变化: tczq_total_goal_odds.goal_5 0.000 -> 0.000 (diff=0.000)
2026-04-14 17:02:31 - tczq_data - WARNING - 无法获取原始赔率值: record_id=9, field=goal_6
2026-04-14 17:02:31 - tczq_data - INFO - ✓ 记录赔率变化: tczq_total_goal_odds.goal_6 0.000 -> 0.000 (diff=0.000)
2026-04-14 17:02:31 - tczq_data - WARNING - 无法获取原始赔率值: record_id=9, field=goal_about
2026-04-14 17:02:31 - tczq_data - INFO - ✓ 记录赔率变化: tczq_total_goal_odds.goal_about 0.000 -> 0.000 (diff=0.000)
2026-04-14 17:02:31 - tczq_data - WARNING - 无法获取原始赔率值: record_id=9, field=half_win_full_win
2026-04-14 17:02:31 - tczq_data - INFO - ✓ 记录赔率变化: tczq_ht_ft_odds.half_win_full_win 0.000 -> 0.000 (diff=0.000)
2026-04-14 17:02:31 - tczq_data - WARNING - 无法获取原始赔率值: record_id=9, field=half_win_full_draw
2026-04-14 17:02:31 - tczq_data - INFO - ✓ 记录赔率变化: tczq_ht_ft_odds.half_win_full_draw 0.000 -> 0.000 (diff=0.000)
2026-04-14 17:02:31 - tczq_data - WARNING - 无法获取原始赔率值: record_id=9, field=half_win_full_lose
2026-04-14 17:02:31 - tczq_data - INFO - ✓ 记录赔率变化: tczq_ht_ft_odds.half_win_full_lose 0.000 -> 0.000 (diff=0.000)
2026-04-14 17:02:31 - tczq_data - WARNING - 无法获取原始赔率值: record_id=9, field=half_draw_full_win
2026-04-14 17:02:31 - tczq_data - INFO - ✓ 记录赔率变化: tczq_ht_ft_odds.half_draw_full_win 0.000 -> 0.000 (diff=0.000)
2026-04-14 17:02:31 - tczq_data - WARNING - 无法获取原始赔率值: record_id=9, field=half_draw_full_lose
2026-04-14 17:02:31 - tczq_data - INFO - ✓ 记录赔率变化: tczq_ht_ft_odds.half_draw_full_lose 0.000 -> 0.000 (diff=0.000)
2026-04-14 17:02:31 - tczq_data - WARNING - 无法获取原始赔率值: record_id=9, field=half_lose_full_win
2026-04-14 17:02:31 - tczq_data - INFO - ✓ 记录赔率变化: tczq_ht_ft_odds.half_lose_full_win 0.000 -> 0.000 (diff=0.000)
2026-04-14 17:02:31 - tczq_data - WARNING - 无法获取原始赔率值: record_id=9, field=half_lose_full_draw
2026-04-14 17:02:31 - tczq_data - INFO - ✓ 记录赔率变化: tczq_ht_ft_odds.half_lose_full_draw 0.000 -> 0.000 (diff=0.000)
2026-04-14 17:02:31 - tczq_data - WARNING - 无法获取原始赔率值: record_id=9, field=half_lose_full_lose
2026-04-14 17:02:31 - tczq_data - INFO - ✓ 记录赔率变化: tczq_ht_ft_odds.half_lose_full_lose 0.000 -> 0.000 (diff=0.000)
2026-04-14 17:02:31 - tczq_data - WARNING - 无法获取原始赔率值: record_id=10, field=goal_0
2026-04-14 17:02:31 - tczq_data - INFO - ✓ 记录赔率变化: tczq_total_goal_odds.goal_0 0.000 -> 0.000 (diff=0.000)
2026-04-14 17:02:31 - tczq_data - WARNING - 无法获取原始赔率值: record_id=10, field=goal_1
2026-04-14 17:02:31 - tczq_data - INFO - ✓ 记录赔率变化: tczq_total_goal_odds.goal_1 0.000 -> 0.000 (diff=0.000)
2026-04-14 17:02:31 - tczq_data - WARNING - 无法获取原始赔率值: record_id=10, field=goal_2
2026-04-14 17:02:31 - tczq_data - INFO - ✓ 记录赔率变化: tczq_total_goal_odds.goal_2 0.000 -> 0.000 (diff=0.000)
2026-04-14 17:02:31 - tczq_data - WARNING - 无法获取原始赔率值: record_id=10, field=goal_3
2026-04-14 17:02:31 - tczq_data - INFO - ✓ 记录赔率变化: tczq_total_goal_odds.goal_3 0.000 -> 0.000 (diff=0.000)
2026-04-14 17:02:31 - tczq_data - WARNING - 无法获取原始赔率值: record_id=10, field=goal_4
2026-04-14 17:02:31 - tczq_data - INFO - ✓ 记录赔率变化: tczq_total_goal_odds.goal_4 0.000 -> 0.000 (diff=0.000)
2026-04-14 17:02:31 - tczq_data - WARNING - 无法获取原始赔率值: record_id=10, field=goal_5
2026-04-14 17:02:31 - tczq_data - INFO - ✓ 记录赔率变化: tczq_total_goal_odds.goal_5 0.000 -> 0.000 (diff=0.000)
2026-04-14 17:02:31 - tczq_data - WARNING - 无法获取原始赔率值: record_id=10, field=goal_6
2026-04-14 17:02:31 - tczq_data - INFO - ✓ 记录赔率变化: tczq_total_goal_odds.goal_6 0.000 -> 0.000 (diff=0.000)
2026-04-14 17:02:31 - tczq_data - WARNING - 无法获取原始赔率值: record_id=10, field=goal_about
2026-04-14 17:02:31 - tczq_data - INFO - ✓ 记录赔率变化: tczq_total_goal_odds.goal_about 0.000 -> 0.000 (diff=0.000)
2026-04-14 17:02:31 - tczq_data - WARNING - 无法获取原始赔率值: record_id=10, field=half_win_full_win
2026-04-14 17:02:31 - tczq_data - INFO - ✓ 记录赔率变化: tczq_ht_ft_odds.half_win_full_win 0.000 -> 0.000 (diff=0.000)
2026-04-14 17:02:31 - tczq_data - WARNING - 无法获取原始赔率值: record_id=10, field=half_win_full_draw
2026-04-14 17:02:31 - tczq_data - INFO - ✓ 记录赔率变化: tczq_ht_ft_odds.half_win_full_draw 0.000 -> 0.000 (diff=0.000)
2026-04-14 17:02:31 - tczq_data - WARNING - 无法获取原始赔率值: record_id=10, field=half_win_full_lose
2026-04-14 17:02:31 - tczq_data - INFO - ✓ 记录赔率变化: tczq_ht_ft_odds.half_win_full_lose 0.000 -> 0.000 (diff=0.000)
2026-04-14 17:02:31 - tczq_data - WARNING - 无法获取原始赔率值: record_id=10, field=half_draw_full_win
2026-04-14 17:02:31 - tczq_data - INFO - ✓ 记录赔率变化: tczq_ht_ft_odds.half_draw_full_win 0.000 -> 0.000 (diff=0.000)
2026-04-14 17:02:31 - tczq_data - WARNING - 无法获取原始赔率值: record_id=10, field=half_draw_full_lose
2026-04-14 17:02:31 - tczq_data - INFO - ✓ 记录赔率变化: tczq_ht_ft_odds.half_draw_full_lose 0.000 -> 0.000 (diff=0.000)
2026-04-14 17:02:31 - tczq_data - WARNING - 无法获取原始赔率值: record_id=10, field=half_lose_full_win
2026-04-14 17:02:31 - tczq_data - INFO - ✓ 记录赔率变化: tczq_ht_ft_odds.half_lose_full_win 0.000 -> 0.000 (diff=0.000)
2026-04-14 17:02:31 - tczq_data - WARNING - 无法获取原始赔率值: record_id=10, field=half_lose_full_draw
2026-04-14 17:02:31 - tczq_data - INFO - ✓ 记录赔率变化: tczq_ht_ft_odds.half_lose_full_draw 0.000 -> 0.000 (diff=0.000)
2026-04-14 17:02:31 - tczq_data - WARNING - 无法获取原始赔率值: record_id=10, field=half_lose_full_lose
2026-04-14 17:02:31 - tczq_data - INFO - ✓ 记录赔率变化: tczq_ht_ft_odds.half_lose_full_lose 0.000 -> 0.000 (diff=0.000)
2026-04-14 17:02:31 - tczq_data - WARNING - 无法获取原始赔率值: record_id=11, field=goal_0
2026-04-14 17:02:31 - tczq_data - INFO - ✓ 记录赔率变化: tczq_total_goal_odds.goal_0 0.000 -> 0.000 (diff=0.000)
2026-04-14 17:02:31 - tczq_data - WARNING - 无法获取原始赔率值: record_id=11, field=goal_1
2026-04-14 17:02:31 - tczq_data - INFO - ✓ 记录赔率变化: tczq_total_goal_odds.goal_1 0.000 -> 0.000 (diff=0.000)
2026-04-14 17:02:31 - tczq_data - WARNING - 无法获取原始赔率值: record_id=11, field=goal_2
2026-04-14 17:02:31 - tczq_data - INFO - ✓ 记录赔率变化: tczq_total_goal_odds.goal_2 0.000 -> 0.000 (diff=0.000)
2026-04-14 17:02:31 - tczq_data - WARNING - 无法获取原始赔率值: record_id=11, field=goal_3
2026-04-14 17:02:31 - tczq_data - INFO - ✓ 记录赔率变化: tczq_total_goal_odds.goal_3 0.000 -> 0.000 (diff=0.000)
2026-04-14 17:02:31 - tczq_data - WARNING - 无法获取原始赔率值: record_id=11, field=goal_4
2026-04-14 17:02:31 - tczq_data - INFO - ✓ 记录赔率变化: tczq_total_goal_odds.goal_4 0.000 -> 0.000 (diff=0.000)
2026-04-14 17:02:31 - tczq_data - WARNING - 无法获取原始赔率值: record_id=11, field=goal_5
2026-04-14 17:02:31 - tczq_data - INFO - ✓ 记录赔率变化: tczq_total_goal_odds.goal_5 0.000 -> 0.000 (diff=0.000)
2026-04-14 17:02:31 - tczq_data - WARNING - 无法获取原始赔率值: record_id=11, field=goal_6
2026-04-14 17:02:31 - tczq_data - INFO - ✓ 记录赔率变化: tczq_total_goal_odds.goal_6 0.000 -> 0.000 (diff=0.000)
2026-04-14 17:02:31 - tczq_data - WARNING - 无法获取原始赔率值: record_id=11, field=goal_about
2026-04-14 17:02:32 - tczq_data - INFO - ✓ 记录赔率变化: tczq_total_goal_odds.goal_about 0.000 -> 0.000 (diff=0.000)
2026-04-14 17:02:32 - tczq_data - WARNING - 无法获取原始赔率值: record_id=11, field=half_win_full_win
2026-04-14 17:02:32 - tczq_data - INFO - ✓ 记录赔率变化: tczq_ht_ft_odds.half_win_full_win 0.000 -> 0.000 (diff=0.000)
2026-04-14 17:02:32 - tczq_data - WARNING - 无法获取原始赔率值: record_id=11, field=half_win_full_draw
2026-04-14 17:02:32 - tczq_data - INFO - ✓ 记录赔率变化: tczq_ht_ft_odds.half_win_full_draw 0.000 -> 0.000 (diff=0.000)
2026-04-14 17:02:32 - tczq_data - WARNING - 无法获取原始赔率值: record_id=11, field=half_win_full_lose
2026-04-14 17:02:32 - tczq_data - INFO - ✓ 记录赔率变化: tczq_ht_ft_odds.half_win_full_lose 0.000 -> 0.000 (diff=0.000)
2026-04-14 17:02:32 - tczq_data - WARNING - 无法获取原始赔率值: record_id=11, field=half_draw_full_win
2026-04-14 17:02:32 - tczq_data - INFO - ✓ 记录赔率变化: tczq_ht_ft_odds.half_draw_full_win 0.000 -> 0.000 (diff=0.000)
2026-04-14 17:02:32 - tczq_data - WARNING - 无法获取原始赔率值: record_id=11, field=half_draw_full_lose
2026-04-14 17:02:32 - tczq_data - INFO - ✓ 记录赔率变化: tczq_ht_ft_odds.half_draw_full_lose 0.000 -> 0.000 (diff=0.000)
2026-04-14 17:02:32 - tczq_data - WARNING - 无法获取原始赔率值: record_id=11, field=half_lose_full_win
2026-04-14 17:02:32 - tczq_data - INFO - ✓ 记录赔率变化: tczq_ht_ft_odds.half_lose_full_win 0.000 -> 0.000 (diff=0.000)
2026-04-14 17:02:32 - tczq_data - WARNING - 无法获取原始赔率值: record_id=11, field=half_lose_full_draw
2026-04-14 17:02:32 - tczq_data - INFO - ✓ 记录赔率变化: tczq_ht_ft_odds.half_lose_full_draw 0.000 -> 0.000 (diff=0.000)
2026-04-14 17:02:32 - tczq_data - WARNING - 无法获取原始赔率值: record_id=11, field=half_lose_full_lose
2026-04-14 17:02:32 - tczq_data - INFO - ✓ 记录赔率变化: tczq_ht_ft_odds.half_lose_full_lose 0.000 -> 0.000 (diff=0.000)
2026-04-14 17:02:32 - tczq_data - WARNING - 无法获取原始赔率值: record_id=12, field=goal_0
2026-04-14 17:02:32 - tczq_data - INFO - ✓ 记录赔率变化: tczq_total_goal_odds.goal_0 0.000 -> 0.000 (diff=0.000)
2026-04-14 17:02:32 - tczq_data - WARNING - 无法获取原始赔率值: record_id=12, field=goal_1
2026-04-14 17:02:32 - tczq_data - INFO - ✓ 记录赔率变化: tczq_total_goal_odds.goal_1 0.000 -> 0.000 (diff=0.000)
2026-04-14 17:02:32 - tczq_data - WARNING - 无法获取原始赔率值: record_id=12, field=goal_2
2026-04-14 17:02:32 - tczq_data - INFO - ✓ 记录赔率变化: tczq_total_goal_odds.goal_2 0.000 -> 0.000 (diff=0.000)
2026-04-14 17:02:32 - tczq_data - WARNING - 无法获取原始赔率值: record_id=12, field=goal_3
2026-04-14 17:02:32 - tczq_data - INFO - ✓ 记录赔率变化: tczq_total_goal_odds.goal_3 0.000 -> 0.000 (diff=0.000)
2026-04-14 17:02:32 - tczq_data - WARNING - 无法获取原始赔率值: record_id=12, field=goal_4
2026-04-14 17:02:32 - tczq_data - INFO - ✓ 记录赔率变化: tczq_total_goal_odds.goal_4 0.000 -> 0.000 (diff=0.000)
2026-04-14 17:02:32 - tczq_data - WARNING - 无法获取原始赔率值: record_id=12, field=goal_5
2026-04-14 17:02:32 - tczq_data - INFO - ✓ 记录赔率变化: tczq_total_goal_odds.goal_5 0.000 -> 0.000 (diff=0.000)
2026-04-14 17:02:32 - tczq_data - WARNING - 无法获取原始赔率值: record_id=12, field=goal_6
2026-04-14 17:02:32 - tczq_data - INFO - ✓ 记录赔率变化: tczq_total_goal_odds.goal_6 0.000 -> 0.000 (diff=0.000)
2026-04-14 17:02:32 - tczq_data - WARNING - 无法获取原始赔率值: record_id=12, field=goal_about
2026-04-14 17:02:32 - tczq_data - INFO - ✓ 记录赔率变化: tczq_total_goal_odds.goal_about 0.000 -> 0.000 (diff=0.000)
2026-04-14 17:02:32 - tczq_data - WARNING - 无法获取原始赔率值: record_id=12, field=half_win_full_win
2026-04-14 17:02:32 - tczq_data - INFO - ✓ 记录赔率变化: tczq_ht_ft_odds.half_win_full_win 0.000 -> 0.000 (diff=0.000)
2026-04-14 17:02:32 - tczq_data - WARNING - 无法获取原始赔率值: record_id=12, field=half_win_full_draw
2026-04-14 17:02:32 - tczq_data - INFO - ✓ 记录赔率变化: tczq_ht_ft_odds.half_win_full_draw 0.000 -> 0.000 (diff=0.000)
2026-04-14 17:02:32 - tczq_data - WARNING - 无法获取原始赔率值: record_id=12, field=half_win_full_lose
2026-04-14 17:02:32 - tczq_data - INFO - ✓ 记录赔率变化: tczq_ht_ft_odds.half_win_full_lose 0.000 -> 0.000 (diff=0.000)
2026-04-14 17:02:32 - tczq_data - WARNING - 无法获取原始赔率值: record_id=12, field=half_draw_full_win
2026-04-14 17:02:32 - tczq_data - INFO - ✓ 记录赔率变化: tczq_ht_ft_odds.half_draw_full_win 0.000 -> 0.000 (diff=0.000)
2026-04-14 17:02:32 - tczq_data - WARNING - 无法获取原始赔率值: record_id=12, field=half_draw_full_lose
2026-04-14 17:02:32 - tczq_data - INFO - ✓ 记录赔率变化: tczq_ht_ft_odds.half_draw_full_lose 0.000 -> 0.000 (diff=0.000)
2026-04-14 17:02:32 - tczq_data - WARNING - 无法获取原始赔率值: record_id=12, field=half_lose_full_win
2026-04-14 17:02:32 - tczq_data - INFO - ✓ 记录赔率变化: tczq_ht_ft_odds.half_lose_full_win 0.000 -> 0.000 (diff=0.000)
2026-04-14 17:02:32 - tczq_data - WARNING - 无法获取原始赔率值: record_id=12, field=half_lose_full_draw
2026-04-14 17:02:32 - tczq_data - INFO - ✓ 记录赔率变化: tczq_ht_ft_odds.half_lose_full_draw 0.000 -> 0.000 (diff=0.000)
2026-04-14 17:02:32 - tczq_data - WARNING - 无法获取原始赔率值: record_id=12, field=half_lose_full_lose
2026-04-14 17:02:32 - tczq_data - INFO - ✓ 记录赔率变化: tczq_ht_ft_odds.half_lose_full_lose 0.000 -> 0.000 (diff=0.000)
2026-04-14 17:02:32 - tczq_data - INFO - 赔率数据处理完成
